#
# A fatal error has been detected by the Java Runtime Environment:
#
#  SIGSEGV (0xb) at pc=0x00007f216d16a2ae, pid=113600, tid=113856
#
# JRE version: OpenJDK Runtime Environment (21.0.10+7) (build 21.0.10+7)
# Java VM: OpenJDK 64-Bit Server VM (21.0.10+7, mixed mode, sharing, tiered, compressed oops, compressed class ptrs, g1 gc, linux-amd64)
# Problematic frame:
# C  [libgdk_pixbuf-2.0.so.0+0x1a2ae]
#
# Core dump will be written. Default location: Core dumps may be processed with "/usr/lib/systemd/systemd-coredump %P %u %g %s %t %c %h %d %F" (or dumping to /home/domplin/Documents/Personal/StarCitizenProject/core.113600)
#
# If you would like to submit a bug report, please visit:
#   https://bugreport.java.com/bugreport/crash.jsp
#

---------------  S U M M A R Y ------------

Command Line: -agentlib:jdwp=transport=dt_socket,server=n,suspend=y,address=localhost:36983 -XX:+ShowCodeDetailsInExceptionMessages com.github.Domplin.starCitizenProject

Host: AMD Ryzen 9 3900X 12-Core Processor, 24 cores, 31G, Arch Linux
Time: Wed Apr  1 01:16:11 2026 MDT elapsed time: 13.946782 seconds (0d 0h 0m 13s)

---------------  T H R E A D  ---------------

Current thread is native thread

Stack: [0x00007f2111ffd000,0x00007f21127fd000],  sp=0x00007f21127fb8a0,  free space=8186k
Native frames: (J=compiled Java code, j=interpreted, Vv=VM code, C=native code)
C  [libgdk_pixbuf-2.0.so.0+0x1a2ae]
C  [libgdk_pixbuf-2.0.so.0+0x12546]  gdk_pixbuf_scale+0x296
C  [libawt_xawt.so+0x4fb05]
C  [libpipewire-0.3.so.0+0x889dd]
C  [libpipewire-0.3.so.0+0x5e2c7]
C  [libpipewire-0.3.so.0+0x5e756]
C  [libspa-support.so+0x6716]
C  [libpipewire-0.3.so.0+0x8b401]
C  [libc.so.6+0x9697a]

siginfo: si_signo: 11 (SIGSEGV), si_code: 2 (SEGV_ACCERR), si_addr: 0x00007f2102f2366c

Registers:
RAX=0x00007f20fc004624, RBX=0x0000000004098000, RCX=0x0000000000010000, RDX=0x00007f2102f21c00
RSP=0x00007f21127fb8a0, RBP=0x00007f21127fb9b0, RSI=0x00000000069c8000, RDI=0x0000000007638000
R8 =0x0000000000000000, R9 =0x0000000007638000, R10=0x000000000000069b, R11=0x00007f20fc004620
R12=0x0000000007638000, R13=0x000000000000086f, R14=0x0000000000000000, R15=0x00000000069b8000
RIP=0x00007f216d16a2ae, EFLAGS=0x0000000000010213, CSGSFS=0x002b000000000033, ERR=0x0000000000000004
  TRAPNO=0x000000000000000e

XMM[0]=0x0000000000000000 0x3ff0000000000000
XMM[1]=0x0000000000000000 0x3ff0000000000000
XMM[2]=0x0000000000000000 0x40f0000000000000
XMM[3]=0x0000000000000000 0x40f0000000000000
XMM[4]=0x0000000000000000 0x3ff0000000000000
XMM[5]=0x0000000000000000 0xc090240000000000
XMM[6]=0x0000000000000000 0x3ff0000000000000
XMM[7]=0x0000000000000000 0x3ff0000000000000
XMM[8]=0x0000000000000020 0x2020002020000000
XMM[9]=0x2000202000000000 0x0000000000000000
XMM[10]=0x3f3f3f3f3f3f3f3f 0x3f3f3f3f3f3f3f3f
XMM[11]=0x9999999999999999 0x9999999999999999
XMM[12]=0x2020202020202020 0x2020202020202020
XMM[13]=0x00007f21e83b8030 0x00007f21e83b8030
XMM[14]=0x00007f21e83b8020 0x00007f21e83b8020
XMM[15]=0x0000000000000000 0x0000000000000000
  MXCSR=0x00001fa2


Top of Stack: (sp=0x00007f21127fb8a0)
0x00007f21127fb8a0:   0000003000000030 00007f21127fb9e0
0x00007f21127fb8b0:   000000000f000000 00000eff56893600
0x00007f21127fb8c0:   0000000000000f00 0000000000003bfc
0x00007f21127fb8d0:   0000000000002cfd 00000000069b8000
0x00007f21127fb8e0:   0000000000000004 0000000007638000
0x00007f21127fb8f0:   0000000000000eff 0000000000000320
0x00007f21127fb900:   0000000000003c00 0000000000000032
0x00007f21127fb910:   0000000000010000 00007f2102000000
0x00007f21127fb920:   0000069b00000763 3ff0000000000000
0x00007f21127fb930:   3ff0000000000000 00007f2102000000
0x00007f21127fb940:   00007f21127fc9c8 0000000000000000
0x00007f21127fb950:   0000000000000000 00007f21127fc6c0
0x00007f21127fb960:   00007f21127fb980 00007f21f09b83e4
0x00007f21127fb970:   00007f21127fba10 2a52a60956893600
0x00007f21127fb980:   0000000000000008 00007f20fc00e270
0x00007f21127fb990:   0000000000000000 00000000000000c8
0x00007f21127fb9a0:   00007f20fc0045b0 0000000000000000
0x00007f21127fb9b0:   00007f21127fba70 00007f216d162546
0x00007f21127fb9c0:   0000000000000004 0000000000000001
0x00007f21127fb9d0:   00007f2102000000 0000000000000f00
0x00007f21127fb9e0:   0000000000000870 0000000000003c00
0x00007f21127fb9f0:   0000000000000004 0000000000000001
0x00007f21127fba00:   0000000000000000 00007f216d162487
0x00007f21127fba10:   3ff0000000000000 3ff0000000000000
0x00007f21127fba20:   c090240000000000 c09a6c0000000000
0x00007f21127fba30:   0000003200000000 00007f20fc004620
0x00007f21127fba40:   0000000000000f00 00007f21e83a3340
0x00007f21127fba50:   00007f21e83e87e0 00007f20fc0045b0
0x00007f21127fba60:   0000000000000032 00000000000000c8
0x00007f21127fba70:   00007f21127fbb00 00007f216e791b05
0x00007f21127fba80:   0000000000000000 0000000000000000
0x00007f21127fba90:   00007f21e83d8740 0000040900000f00 

Instructions: (pc=0x00007f216d16a2ae)
0x00007f216d16a1ae:   ff 44 88 50 fe 4c 39 ce 7c c8 49 89 f4 41 ba 00
0x00007f216d16a1be:   00 00 00 49 c1 fc 10 4d 0f 49 d4 4c 3b a5 40 ff
0x00007f216d16a1ce:   ff ff 4f 8d 14 52 4c 89 95 30 ff ff ff 4c 8b 95
0x00007f216d16a1de:   30 ff ff ff 4c 0f 4f 95 20 ff ff ff 48 39 f7 0f
0x00007f216d16a1ee:   8e c7 fe ff ff 49 01 d2 66 2e 0f 1f 84 00 00 00
0x00007f216d16a1fe:   00 00 41 0f b6 12 48 01 ce 48 83 c0 04 88 50 fc
0x00007f216d16a20e:   41 0f b6 52 01 88 50 fd 41 0f b6 52 02 c6 40 ff
0x00007f216d16a21e:   ff 88 50 fe 48 39 fe 7c d9 e9 8e fe ff ff 0f 1f
0x00007f216d16a22e:   40 00 83 7d 10 03 0f 84 56 02 00 00 4c 3b bd 38
0x00007f216d16a23e:   ff ff ff 0f 8f 69 04 00 00 4c 8b 95 28 ff ff ff
0x00007f216d16a24e:   4c 89 fe 49 c1 fa 10 49 c1 e2 02 4d 39 c7 7d 35
0x00007f216d16a25e:   49 01 d2 4c 89 fe 66 0f 1f 44 00 00 66 66 2e 0f
0x00007f216d16a26e:   1f 84 00 00 00 00 00 66 66 2e 0f 1f 84 00 00 00
0x00007f216d16a27e:   00 00 45 8b 22 48 01 ce 48 83 c0 04 44 89 60 fc
0x00007f216d16a28e:   49 39 f0 7f ed 4c 8b a5 38 ff ff ff 49 39 f4 7e
0x00007f216d16a29e:   1c 90 49 89 f2 48 01 ce 48 83 c0 04 49 c1 fa 10
0x00007f216d16a2ae:   46 8b 14 92 44 89 50 fc 49 39 f4 7f e5 49 89 f4
0x00007f216d16a2be:   41 ba 00 00 00 00 49 c1 fc 10 4d 0f 49 d4 49 c1
0x00007f216d16a2ce:   e2 02 4c 3b a5 40 ff ff ff 4c 89 95 30 ff ff ff
0x00007f216d16a2de:   4c 8b 95 30 ff ff ff 4c 0f 4f 95 18 ff ff ff 48
0x00007f216d16a2ee:   39 f7 0f 8e c4 fd ff ff 4c 01 d2 0f 1f 80 00 00
0x00007f216d16a2fe:   00 00 44 8b 12 48 01 ce 48 83 c0 04 44 89 50 fc
0x00007f216d16a30e:   48 39 f7 7f ed e9 a2 fd ff ff 0f 1f 84 00 00 00
0x00007f216d16a31e:   00 00 4d 39 cf 0f 8f bf 03 00 00 48 8b b5 28 ff
0x00007f216d16a32e:   ff ff 48 c1 fe 10 4c 8d 14 76 4c 89 fe 4d 39 c7
0x00007f216d16a33e:   7d 66 49 01 d2 4c 89 fe 0f 1f 00 66 66 2e 0f 1f
0x00007f216d16a34e:   84 00 00 00 00 00 66 66 2e 0f 1f 84 00 00 00 00
0x00007f216d16a35e:   00 66 66 2e 0f 1f 84 00 00 00 00 00 66 66 2e 0f
0x00007f216d16a36e:   1f 84 00 00 00 00 00 66 66 2e 0f 1f 84 00 00 00
0x00007f216d16a37e:   00 00 45 0f b6 22 48 01 ce 48 83 c0 03 44 88 60
0x00007f216d16a38e:   fd 45 0f b6 62 01 44 88 60 fe 45 0f b6 62 02 44
0x00007f216d16a39e:   88 60 ff 4c 39 c6 7c da 4c 39 ce 7d 49 66 2e 0f 



---------------  P R O C E S S  ---------------

VM state: not at safepoint (normal execution)

VM Mutex/Monitor currently owned by a thread: None

Heap address: 0x000000060bc00000, size: 8004 MB, Compressed Oops mode: Zero based, Oop shift amount: 3

CDS archive(s) mapped at: [0x00007f216f000000-0x00007f216fc9b000-0x00007f216fc9b000), size 13217792, SharedBaseAddress: 0x00007f216f000000, ArchiveRelocationMode: 1.
Compressed class space mapped at: 0x00007f2170000000-0x00007f21b0000000, reserved size: 1073741824
Narrow klass base: 0x00007f216f000000, Narrow klass shift: 0, Narrow klass range: 0x100000000

GC Precious Log:
<Skipped>

Heap:
 garbage-first heap   total 520192K, used 9125K [0x000000060bc00000, 0x0000000800000000)
  region size 4096K, 2 young (8192K), 0 survivors (0K)
 Metaspace       used 3857K, committed 4096K, reserved 1114112K
  class space    used 400K, committed 512K, reserved 1048576K

Heap Regions: E=young(eden), S=young(survivor), O=old, HS=humongous(starts), HC=humongous(continues), CS=collection set, F=free, TAMS=top-at-mark-start, PB=parsable bottom
|   0|0x000000060bc00000, 0x000000060bc00000, 0x000000060c000000|  0%| F|  |TAMS 0x000000060bc00000| PB 0x000000060bc00000| Untracked 
|   1|0x000000060c000000, 0x000000060c000000, 0x000000060c400000|  0%| F|  |TAMS 0x000000060c000000| PB 0x000000060c000000| Untracked 
|   2|0x000000060c400000, 0x000000060c400000, 0x000000060c800000|  0%| F|  |TAMS 0x000000060c400000| PB 0x000000060c400000| Untracked 
|   3|0x000000060c800000, 0x000000060c800000, 0x000000060cc00000|  0%| F|  |TAMS 0x000000060c800000| PB 0x000000060c800000| Untracked 
|   4|0x000000060cc00000, 0x000000060cc00000, 0x000000060d000000|  0%| F|  |TAMS 0x000000060cc00000| PB 0x000000060cc00000| Untracked 
|   5|0x000000060d000000, 0x000000060d000000, 0x000000060d400000|  0%| F|  |TAMS 0x000000060d000000| PB 0x000000060d000000| Untracked 
|   6|0x000000060d400000, 0x000000060d400000, 0x000000060d800000|  0%| F|  |TAMS 0x000000060d400000| PB 0x000000060d400000| Untracked 
|   7|0x000000060d800000, 0x000000060d800000, 0x000000060dc00000|  0%| F|  |TAMS 0x000000060d800000| PB 0x000000060d800000| Untracked 
|   8|0x000000060dc00000, 0x000000060dc00000, 0x000000060e000000|  0%| F|  |TAMS 0x000000060dc00000| PB 0x000000060dc00000| Untracked 
|   9|0x000000060e000000, 0x000000060e000000, 0x000000060e400000|  0%| F|  |TAMS 0x000000060e000000| PB 0x000000060e000000| Untracked 
|  10|0x000000060e400000, 0x000000060e400000, 0x000000060e800000|  0%| F|  |TAMS 0x000000060e400000| PB 0x000000060e400000| Untracked 
|  11|0x000000060e800000, 0x000000060e800000, 0x000000060ec00000|  0%| F|  |TAMS 0x000000060e800000| PB 0x000000060e800000| Untracked 
|  12|0x000000060ec00000, 0x000000060ec00000, 0x000000060f000000|  0%| F|  |TAMS 0x000000060ec00000| PB 0x000000060ec00000| Untracked 
|  13|0x000000060f000000, 0x000000060f000000, 0x000000060f400000|  0%| F|  |TAMS 0x000000060f000000| PB 0x000000060f000000| Untracked 
|  14|0x000000060f400000, 0x000000060f400000, 0x000000060f800000|  0%| F|  |TAMS 0x000000060f400000| PB 0x000000060f400000| Untracked 
|  15|0x000000060f800000, 0x000000060f800000, 0x000000060fc00000|  0%| F|  |TAMS 0x000000060f800000| PB 0x000000060f800000| Untracked 
|  16|0x000000060fc00000, 0x000000060fc00000, 0x0000000610000000|  0%| F|  |TAMS 0x000000060fc00000| PB 0x000000060fc00000| Untracked 
|  17|0x0000000610000000, 0x0000000610000000, 0x0000000610400000|  0%| F|  |TAMS 0x0000000610000000| PB 0x0000000610000000| Untracked 
|  18|0x0000000610400000, 0x0000000610400000, 0x0000000610800000|  0%| F|  |TAMS 0x0000000610400000| PB 0x0000000610400000| Untracked 
|  19|0x0000000610800000, 0x0000000610800000, 0x0000000610c00000|  0%| F|  |TAMS 0x0000000610800000| PB 0x0000000610800000| Untracked 
|  20|0x0000000610c00000, 0x0000000610c00000, 0x0000000611000000|  0%| F|  |TAMS 0x0000000610c00000| PB 0x0000000610c00000| Untracked 
|  21|0x0000000611000000, 0x0000000611000000, 0x0000000611400000|  0%| F|  |TAMS 0x0000000611000000| PB 0x0000000611000000| Untracked 
|  22|0x0000000611400000, 0x0000000611400000, 0x0000000611800000|  0%| F|  |TAMS 0x0000000611400000| PB 0x0000000611400000| Untracked 
|  23|0x0000000611800000, 0x0000000611800000, 0x0000000611c00000|  0%| F|  |TAMS 0x0000000611800000| PB 0x0000000611800000| Untracked 
|  24|0x0000000611c00000, 0x0000000611c00000, 0x0000000612000000|  0%| F|  |TAMS 0x0000000611c00000| PB 0x0000000611c00000| Untracked 
|  25|0x0000000612000000, 0x0000000612000000, 0x0000000612400000|  0%| F|  |TAMS 0x0000000612000000| PB 0x0000000612000000| Untracked 
|  26|0x0000000612400000, 0x0000000612400000, 0x0000000612800000|  0%| F|  |TAMS 0x0000000612400000| PB 0x0000000612400000| Untracked 
|  27|0x0000000612800000, 0x0000000612800000, 0x0000000612c00000|  0%| F|  |TAMS 0x0000000612800000| PB 0x0000000612800000| Untracked 
|  28|0x0000000612c00000, 0x0000000612c00000, 0x0000000613000000|  0%| F|  |TAMS 0x0000000612c00000| PB 0x0000000612c00000| Untracked 
|  29|0x0000000613000000, 0x0000000613000000, 0x0000000613400000|  0%| F|  |TAMS 0x0000000613000000| PB 0x0000000613000000| Untracked 
|  30|0x0000000613400000, 0x0000000613400000, 0x0000000613800000|  0%| F|  |TAMS 0x0000000613400000| PB 0x0000000613400000| Untracked 
|  31|0x0000000613800000, 0x0000000613800000, 0x0000000613c00000|  0%| F|  |TAMS 0x0000000613800000| PB 0x0000000613800000| Untracked 
|  32|0x0000000613c00000, 0x0000000613c00000, 0x0000000614000000|  0%| F|  |TAMS 0x0000000613c00000| PB 0x0000000613c00000| Untracked 
|  33|0x0000000614000000, 0x0000000614000000, 0x0000000614400000|  0%| F|  |TAMS 0x0000000614000000| PB 0x0000000614000000| Untracked 
|  34|0x0000000614400000, 0x0000000614400000, 0x0000000614800000|  0%| F|  |TAMS 0x0000000614400000| PB 0x0000000614400000| Untracked 
|  35|0x0000000614800000, 0x0000000614800000, 0x0000000614c00000|  0%| F|  |TAMS 0x0000000614800000| PB 0x0000000614800000| Untracked 
|  36|0x0000000614c00000, 0x0000000614c00000, 0x0000000615000000|  0%| F|  |TAMS 0x0000000614c00000| PB 0x0000000614c00000| Untracked 
|  37|0x0000000615000000, 0x0000000615000000, 0x0000000615400000|  0%| F|  |TAMS 0x0000000615000000| PB 0x0000000615000000| Untracked 
|  38|0x0000000615400000, 0x0000000615400000, 0x0000000615800000|  0%| F|  |TAMS 0x0000000615400000| PB 0x0000000615400000| Untracked 
|  39|0x0000000615800000, 0x0000000615800000, 0x0000000615c00000|  0%| F|  |TAMS 0x0000000615800000| PB 0x0000000615800000| Untracked 
|  40|0x0000000615c00000, 0x0000000615c00000, 0x0000000616000000|  0%| F|  |TAMS 0x0000000615c00000| PB 0x0000000615c00000| Untracked 
|  41|0x0000000616000000, 0x0000000616000000, 0x0000000616400000|  0%| F|  |TAMS 0x0000000616000000| PB 0x0000000616000000| Untracked 
|  42|0x0000000616400000, 0x0000000616400000, 0x0000000616800000|  0%| F|  |TAMS 0x0000000616400000| PB 0x0000000616400000| Untracked 
|  43|0x0000000616800000, 0x0000000616800000, 0x0000000616c00000|  0%| F|  |TAMS 0x0000000616800000| PB 0x0000000616800000| Untracked 
|  44|0x0000000616c00000, 0x0000000616c00000, 0x0000000617000000|  0%| F|  |TAMS 0x0000000616c00000| PB 0x0000000616c00000| Untracked 
|  45|0x0000000617000000, 0x0000000617000000, 0x0000000617400000|  0%| F|  |TAMS 0x0000000617000000| PB 0x0000000617000000| Untracked 
|  46|0x0000000617400000, 0x0000000617400000, 0x0000000617800000|  0%| F|  |TAMS 0x0000000617400000| PB 0x0000000617400000| Untracked 
|  47|0x0000000617800000, 0x0000000617800000, 0x0000000617c00000|  0%| F|  |TAMS 0x0000000617800000| PB 0x0000000617800000| Untracked 
|  48|0x0000000617c00000, 0x0000000617c00000, 0x0000000618000000|  0%| F|  |TAMS 0x0000000617c00000| PB 0x0000000617c00000| Untracked 
|  49|0x0000000618000000, 0x0000000618000000, 0x0000000618400000|  0%| F|  |TAMS 0x0000000618000000| PB 0x0000000618000000| Untracked 
|  50|0x0000000618400000, 0x0000000618400000, 0x0000000618800000|  0%| F|  |TAMS 0x0000000618400000| PB 0x0000000618400000| Untracked 
|  51|0x0000000618800000, 0x0000000618800000, 0x0000000618c00000|  0%| F|  |TAMS 0x0000000618800000| PB 0x0000000618800000| Untracked 
|  52|0x0000000618c00000, 0x0000000618c00000, 0x0000000619000000|  0%| F|  |TAMS 0x0000000618c00000| PB 0x0000000618c00000| Untracked 
|  53|0x0000000619000000, 0x0000000619000000, 0x0000000619400000|  0%| F|  |TAMS 0x0000000619000000| PB 0x0000000619000000| Untracked 
|  54|0x0000000619400000, 0x0000000619400000, 0x0000000619800000|  0%| F|  |TAMS 0x0000000619400000| PB 0x0000000619400000| Untracked 
|  55|0x0000000619800000, 0x0000000619800000, 0x0000000619c00000|  0%| F|  |TAMS 0x0000000619800000| PB 0x0000000619800000| Untracked 
|  56|0x0000000619c00000, 0x0000000619c00000, 0x000000061a000000|  0%| F|  |TAMS 0x0000000619c00000| PB 0x0000000619c00000| Untracked 
|  57|0x000000061a000000, 0x000000061a000000, 0x000000061a400000|  0%| F|  |TAMS 0x000000061a000000| PB 0x000000061a000000| Untracked 
|  58|0x000000061a400000, 0x000000061a400000, 0x000000061a800000|  0%| F|  |TAMS 0x000000061a400000| PB 0x000000061a400000| Untracked 
|  59|0x000000061a800000, 0x000000061a800000, 0x000000061ac00000|  0%| F|  |TAMS 0x000000061a800000| PB 0x000000061a800000| Untracked 
|  60|0x000000061ac00000, 0x000000061ac00000, 0x000000061b000000|  0%| F|  |TAMS 0x000000061ac00000| PB 0x000000061ac00000| Untracked 
|  61|0x000000061b000000, 0x000000061b000000, 0x000000061b400000|  0%| F|  |TAMS 0x000000061b000000| PB 0x000000061b000000| Untracked 
|  62|0x000000061b400000, 0x000000061b400000, 0x000000061b800000|  0%| F|  |TAMS 0x000000061b400000| PB 0x000000061b400000| Untracked 
|  63|0x000000061b800000, 0x000000061b800000, 0x000000061bc00000|  0%| F|  |TAMS 0x000000061b800000| PB 0x000000061b800000| Untracked 
|  64|0x000000061bc00000, 0x000000061bc00000, 0x000000061c000000|  0%| F|  |TAMS 0x000000061bc00000| PB 0x000000061bc00000| Untracked 
|  65|0x000000061c000000, 0x000000061c000000, 0x000000061c400000|  0%| F|  |TAMS 0x000000061c000000| PB 0x000000061c000000| Untracked 
|  66|0x000000061c400000, 0x000000061c400000, 0x000000061c800000|  0%| F|  |TAMS 0x000000061c400000| PB 0x000000061c400000| Untracked 
|  67|0x000000061c800000, 0x000000061c800000, 0x000000061cc00000|  0%| F|  |TAMS 0x000000061c800000| PB 0x000000061c800000| Untracked 
|  68|0x000000061cc00000, 0x000000061cc00000, 0x000000061d000000|  0%| F|  |TAMS 0x000000061cc00000| PB 0x000000061cc00000| Untracked 
|  69|0x000000061d000000, 0x000000061d000000, 0x000000061d400000|  0%| F|  |TAMS 0x000000061d000000| PB 0x000000061d000000| Untracked 
|  70|0x000000061d400000, 0x000000061d400000, 0x000000061d800000|  0%| F|  |TAMS 0x000000061d400000| PB 0x000000061d400000| Untracked 
|  71|0x000000061d800000, 0x000000061d800000, 0x000000061dc00000|  0%| F|  |TAMS 0x000000061d800000| PB 0x000000061d800000| Untracked 
|  72|0x000000061dc00000, 0x000000061dc00000, 0x000000061e000000|  0%| F|  |TAMS 0x000000061dc00000| PB 0x000000061dc00000| Untracked 
|  73|0x000000061e000000, 0x000000061e000000, 0x000000061e400000|  0%| F|  |TAMS 0x000000061e000000| PB 0x000000061e000000| Untracked 
|  74|0x000000061e400000, 0x000000061e400000, 0x000000061e800000|  0%| F|  |TAMS 0x000000061e400000| PB 0x000000061e400000| Untracked 
|  75|0x000000061e800000, 0x000000061e800000, 0x000000061ec00000|  0%| F|  |TAMS 0x000000061e800000| PB 0x000000061e800000| Untracked 
|  76|0x000000061ec00000, 0x000000061ec00000, 0x000000061f000000|  0%| F|  |TAMS 0x000000061ec00000| PB 0x000000061ec00000| Untracked 
|  77|0x000000061f000000, 0x000000061f000000, 0x000000061f400000|  0%| F|  |TAMS 0x000000061f000000| PB 0x000000061f000000| Untracked 
|  78|0x000000061f400000, 0x000000061f400000, 0x000000061f800000|  0%| F|  |TAMS 0x000000061f400000| PB 0x000000061f400000| Untracked 
|  79|0x000000061f800000, 0x000000061f800000, 0x000000061fc00000|  0%| F|  |TAMS 0x000000061f800000| PB 0x000000061f800000| Untracked 
|  80|0x000000061fc00000, 0x000000061fc00000, 0x0000000620000000|  0%| F|  |TAMS 0x000000061fc00000| PB 0x000000061fc00000| Untracked 
|  81|0x0000000620000000, 0x0000000620000000, 0x0000000620400000|  0%| F|  |TAMS 0x0000000620000000| PB 0x0000000620000000| Untracked 
|  82|0x0000000620400000, 0x0000000620400000, 0x0000000620800000|  0%| F|  |TAMS 0x0000000620400000| PB 0x0000000620400000| Untracked 
|  83|0x0000000620800000, 0x0000000620800000, 0x0000000620c00000|  0%| F|  |TAMS 0x0000000620800000| PB 0x0000000620800000| Untracked 
|  84|0x0000000620c00000, 0x0000000620c00000, 0x0000000621000000|  0%| F|  |TAMS 0x0000000620c00000| PB 0x0000000620c00000| Untracked 
|  85|0x0000000621000000, 0x0000000621000000, 0x0000000621400000|  0%| F|  |TAMS 0x0000000621000000| PB 0x0000000621000000| Untracked 
|  86|0x0000000621400000, 0x0000000621400000, 0x0000000621800000|  0%| F|  |TAMS 0x0000000621400000| PB 0x0000000621400000| Untracked 
|  87|0x0000000621800000, 0x0000000621800000, 0x0000000621c00000|  0%| F|  |TAMS 0x0000000621800000| PB 0x0000000621800000| Untracked 
|  88|0x0000000621c00000, 0x0000000621c00000, 0x0000000622000000|  0%| F|  |TAMS 0x0000000621c00000| PB 0x0000000621c00000| Untracked 
|  89|0x0000000622000000, 0x0000000622000000, 0x0000000622400000|  0%| F|  |TAMS 0x0000000622000000| PB 0x0000000622000000| Untracked 
|  90|0x0000000622400000, 0x0000000622400000, 0x0000000622800000|  0%| F|  |TAMS 0x0000000622400000| PB 0x0000000622400000| Untracked 
|  91|0x0000000622800000, 0x0000000622800000, 0x0000000622c00000|  0%| F|  |TAMS 0x0000000622800000| PB 0x0000000622800000| Untracked 
|  92|0x0000000622c00000, 0x0000000622c00000, 0x0000000623000000|  0%| F|  |TAMS 0x0000000622c00000| PB 0x0000000622c00000| Untracked 
|  93|0x0000000623000000, 0x0000000623000000, 0x0000000623400000|  0%| F|  |TAMS 0x0000000623000000| PB 0x0000000623000000| Untracked 
|  94|0x0000000623400000, 0x0000000623400000, 0x0000000623800000|  0%| F|  |TAMS 0x0000000623400000| PB 0x0000000623400000| Untracked 
|  95|0x0000000623800000, 0x0000000623800000, 0x0000000623c00000|  0%| F|  |TAMS 0x0000000623800000| PB 0x0000000623800000| Untracked 
|  96|0x0000000623c00000, 0x0000000623c00000, 0x0000000624000000|  0%| F|  |TAMS 0x0000000623c00000| PB 0x0000000623c00000| Untracked 
|  97|0x0000000624000000, 0x0000000624000000, 0x0000000624400000|  0%| F|  |TAMS 0x0000000624000000| PB 0x0000000624000000| Untracked 
|  98|0x0000000624400000, 0x0000000624400000, 0x0000000624800000|  0%| F|  |TAMS 0x0000000624400000| PB 0x0000000624400000| Untracked 
|  99|0x0000000624800000, 0x0000000624800000, 0x0000000624c00000|  0%| F|  |TAMS 0x0000000624800000| PB 0x0000000624800000| Untracked 
| 100|0x0000000624c00000, 0x0000000624c00000, 0x0000000625000000|  0%| F|  |TAMS 0x0000000624c00000| PB 0x0000000624c00000| Untracked 
| 101|0x0000000625000000, 0x0000000625000000, 0x0000000625400000|  0%| F|  |TAMS 0x0000000625000000| PB 0x0000000625000000| Untracked 
| 102|0x0000000625400000, 0x0000000625400000, 0x0000000625800000|  0%| F|  |TAMS 0x0000000625400000| PB 0x0000000625400000| Untracked 
| 103|0x0000000625800000, 0x0000000625800000, 0x0000000625c00000|  0%| F|  |TAMS 0x0000000625800000| PB 0x0000000625800000| Untracked 
| 104|0x0000000625c00000, 0x0000000625c00000, 0x0000000626000000|  0%| F|  |TAMS 0x0000000625c00000| PB 0x0000000625c00000| Untracked 
| 105|0x0000000626000000, 0x0000000626000000, 0x0000000626400000|  0%| F|  |TAMS 0x0000000626000000| PB 0x0000000626000000| Untracked 
| 106|0x0000000626400000, 0x0000000626400000, 0x0000000626800000|  0%| F|  |TAMS 0x0000000626400000| PB 0x0000000626400000| Untracked 
| 107|0x0000000626800000, 0x0000000626800000, 0x0000000626c00000|  0%| F|  |TAMS 0x0000000626800000| PB 0x0000000626800000| Untracked 
| 108|0x0000000626c00000, 0x0000000626c00000, 0x0000000627000000|  0%| F|  |TAMS 0x0000000626c00000| PB 0x0000000626c00000| Untracked 
| 109|0x0000000627000000, 0x0000000627000000, 0x0000000627400000|  0%| F|  |TAMS 0x0000000627000000| PB 0x0000000627000000| Untracked 
| 110|0x0000000627400000, 0x0000000627400000, 0x0000000627800000|  0%| F|  |TAMS 0x0000000627400000| PB 0x0000000627400000| Untracked 
| 111|0x0000000627800000, 0x0000000627800000, 0x0000000627c00000|  0%| F|  |TAMS 0x0000000627800000| PB 0x0000000627800000| Untracked 
| 112|0x0000000627c00000, 0x0000000627c00000, 0x0000000628000000|  0%| F|  |TAMS 0x0000000627c00000| PB 0x0000000627c00000| Untracked 
| 113|0x0000000628000000, 0x0000000628000000, 0x0000000628400000|  0%| F|  |TAMS 0x0000000628000000| PB 0x0000000628000000| Untracked 
| 114|0x0000000628400000, 0x0000000628400000, 0x0000000628800000|  0%| F|  |TAMS 0x0000000628400000| PB 0x0000000628400000| Untracked 
| 115|0x0000000628800000, 0x0000000628800000, 0x0000000628c00000|  0%| F|  |TAMS 0x0000000628800000| PB 0x0000000628800000| Untracked 
| 116|0x0000000628c00000, 0x0000000628c00000, 0x0000000629000000|  0%| F|  |TAMS 0x0000000628c00000| PB 0x0000000628c00000| Untracked 
| 117|0x0000000629000000, 0x0000000629000000, 0x0000000629400000|  0%| F|  |TAMS 0x0000000629000000| PB 0x0000000629000000| Untracked 
| 118|0x0000000629400000, 0x0000000629400000, 0x0000000629800000|  0%| F|  |TAMS 0x0000000629400000| PB 0x0000000629400000| Untracked 
| 119|0x0000000629800000, 0x0000000629800000, 0x0000000629c00000|  0%| F|  |TAMS 0x0000000629800000| PB 0x0000000629800000| Untracked 
| 120|0x0000000629c00000, 0x0000000629c00000, 0x000000062a000000|  0%| F|  |TAMS 0x0000000629c00000| PB 0x0000000629c00000| Untracked 
| 121|0x000000062a000000, 0x000000062a000000, 0x000000062a400000|  0%| F|  |TAMS 0x000000062a000000| PB 0x000000062a000000| Untracked 
| 122|0x000000062a400000, 0x000000062a400000, 0x000000062a800000|  0%| F|  |TAMS 0x000000062a400000| PB 0x000000062a400000| Untracked 
| 123|0x000000062a800000, 0x000000062a800000, 0x000000062ac00000|  0%| F|  |TAMS 0x000000062a800000| PB 0x000000062a800000| Untracked 
| 124|0x000000062ac00000, 0x000000062afdce98, 0x000000062b000000| 96%| E|  |TAMS 0x000000062ac00000| PB 0x000000062ac00000| Complete 
| 125|0x000000062b000000, 0x000000062b400000, 0x000000062b400000|100%| E|CS|TAMS 0x000000062b000000| PB 0x000000062b000000| Complete 
|2000|0x00000007ffc00000, 0x00000007ffd0c620, 0x0000000800000000| 26%| O|  |TAMS 0x00000007ffc00000| PB 0x00000007ffc00000| Untracked 

Card table byte_map: [0x00007f21cf45e000,0x00007f21d0400000] _byte_map_base: 0x00007f21cc400000

Marking Bits: (CMBitMap*) 0x00007f21e8048550
 Bits: [0x00007f21c774e000, 0x00007f21cf45e000)

Polling page: 0x00007f21f0b37000

Metaspace:

Usage:
  Non-class:      3.38 MB used.
      Class:    400.27 KB used.
       Both:      3.77 MB used.

Virtual space:
  Non-class space:       64.00 MB reserved,       3.50 MB (  5%) committed,  1 nodes.
      Class space:        1.00 GB reserved,     512.00 KB ( <1%) committed,  1 nodes.
             Both:        1.06 GB reserved,       4.00 MB ( <1%) committed. 

Chunk freelists:
   Non-Class:  11.81 MB
       Class:  15.53 MB
        Both:  27.35 MB

MaxMetaspaceSize: unlimited
CompressedClassSpaceSize: 1.00 GB
Initial GC threshold: 21.00 MB
Current GC threshold: 21.00 MB
CDS: on
 - commit_granule_bytes: 65536.
 - commit_granule_words: 8192.
 - virtual_space_node_default_size: 8388608.
 - enlarge_chunks_in_place: 1.
 - use_allocation_guard: 0.


Internal statistics:

num_allocs_failed_limit: 0.
num_arena_births: 190.
num_arena_deaths: 0.
num_vsnodes_births: 2.
num_vsnodes_deaths: 0.
num_space_committed: 64.
num_space_uncommitted: 0.
num_chunks_returned_to_freelist: 0.
num_chunks_taken_from_freelist: 219.
num_chunk_merges: 0.
num_chunk_splits: 138.
num_chunks_enlarged: 60.
num_inconsistent_stats: 0.

CodeHeap 'non-profiled nmethods': size=119168Kb used=147Kb max_used=147Kb free=119020Kb
 bounds [0x00007f21d7fa0000, 0x00007f21d8210000, 0x00007f21df400000]
CodeHeap 'profiled nmethods': size=119164Kb used=550Kb max_used=550Kb free=118613Kb
 bounds [0x00007f21d0400000, 0x00007f21d0670000, 0x00007f21d785f000]
CodeHeap 'non-nmethods': size=7428Kb used=1531Kb max_used=2063Kb free=5896Kb
 bounds [0x00007f21d785f000, 0x00007f21d7acf000, 0x00007f21d7fa0000]
CodeCache: size=245760Kb, used=2228Kb, max_used=2760Kb, free=243529Kb
 total_blobs=1002, nmethods=424, adapters=484, full_count=0
Compilation: enabled, stopped_count=0, restarted_count=0

Compilation events (20 events):
Event: 0.243 Thread 0x00007f21e81585b0 nmethod 378 0x00007f21d0486790 code [0x00007f21d0486920, 0x00007f21d0486a08]
Event: 0.243 Thread 0x00007f21440c0140 nmethod 379 0x00007f21d0486a90 code [0x00007f21d0486c80, 0x00007f21d04871a8]
Event: 0.244 Thread 0x00007f21e81585b0  381       3       jdk.internal.org.objectweb.asm.Handler::getExceptionTableSize (10 bytes)
Event: 0.244 Thread 0x00007f21440c0140  380       1       jdk.internal.org.objectweb.asm.MethodWriter::hasAsmInstructions (5 bytes)
Event: 0.244 Thread 0x00007f21440c0140 nmethod 380 0x00007f21d7fbdd90 code [0x00007f21d7fbdf20, 0x00007f21d7fbdfe8]
Event: 0.244 Thread 0x00007f21e81585b0 nmethod 381 0x00007f21d0487410 code [0x00007f21d04875c0, 0x00007f21d04877b8]
Event: 0.244 Thread 0x00007f21440c0140  382       3       sun.invoke.util.VerifyAccess::isSamePackage (37 bytes)
Event: 0.244 Thread 0x00007f21440c0140 nmethod 382 0x00007f21d0487910 code [0x00007f21d0487b20, 0x00007f21d04880b8]
Event: 0.244 Thread 0x00007f21440c0140  383       3       java.util.concurrent.ConcurrentHashMap$ValueIterator::next (34 bytes)
Event: 0.244 Thread 0x00007f21440c0140 nmethod 383 0x00007f21d0488290 code [0x00007f21d0488460, 0x00007f21d04886e8]
Event: 0.245 Thread 0x00007f21e81585b0  384       3       java.lang.Enum::<init> (15 bytes)
Event: 0.245 Thread 0x00007f21e81585b0 nmethod 384 0x00007f21d0488810 code [0x00007f21d04889a0, 0x00007f21d0488b68]
Event: 0.245 Thread 0x00007f21440c0140  385       3       jdk.internal.org.objectweb.asm.AnnotationWriter::putAnnotations (67 bytes)
Event: 0.245 Thread 0x00007f21e81585b0  386       3       java.lang.reflect.Modifier::isProtected (12 bytes)
Event: 0.245 Thread 0x00007f21e81585b0 nmethod 386 0x00007f21d0488c10 code [0x00007f21d0488da0, 0x00007f21d0488ed8]
Event: 0.245 Thread 0x00007f21440c0140 nmethod 385 0x00007f21d0488f90 code [0x00007f21d04891a0, 0x00007f21d0489578]
Event: 1.258 Thread 0x00007f21e81585b0  387       1       java.util.concurrent.locks.AbstractOwnableSynchronizer::setExclusiveOwnerThread (6 bytes)
Event: 1.258 Thread 0x00007f21e81585b0 nmethod 387 0x00007f21d7fbe090 code [0x00007f21d7fbe220, 0x00007f21d7fbe330]
Event: 13.769 Thread 0x00007f21e81585b0  424       3       java.util.concurrent.locks.AbstractQueuedSynchronizer::compareAndSetState (13 bytes)
Event: 13.769 Thread 0x00007f21e81585b0 nmethod 424 0x00007f21d0489810 code [0x00007f21d04899a0, 0x00007f21d0489ac0]

GC Heap History (0 events):
No events

Dll operation events (9 events):
Event: 0.001 Loaded shared library /usr/lib/jvm/java-21-openjdk/lib/libjava.so
Event: 0.017 Loaded shared library /usr/lib/jvm/java-21-openjdk/lib/libjsvml.so
Event: 0.178 Loaded shared library /usr/lib/jvm/java-21-openjdk/lib/libawt.so
Event: 0.179 Loaded shared library /usr/lib/jvm/java-21-openjdk/lib/libawt_xawt.so
Event: 0.186 Loaded shared library /usr/lib/jvm/java-21-openjdk/lib/libnio.so
Event: 0.187 Loaded shared library /usr/lib/jvm/java-21-openjdk/lib/libjimage.so
Event: 0.204 Loaded shared library /usr/lib/jvm/java-21-openjdk/lib/libzip.so
Event: 0.221 Loaded shared library /usr/lib/jvm/java-21-openjdk/lib/libfontmanager.so
Event: 13.406 Loaded shared library /usr/lib/jvm/java-21-openjdk/lib/libnet.so

Deoptimization events (0 events):
No events

Classes loaded (20 events):
Event: 13.638 Loading class java/util/stream/ReferencePipeline$8
Event: 13.639 Loading class java/util/stream/ReferencePipeline$8 done
Event: 13.639 Loading class java/util/stream/ReferencePipeline$8$1
Event: 13.639 Loading class java/util/stream/ReferencePipeline$8$1 done
Event: 13.654 Loading class java/util/Spliterators$IntArraySpliterator
Event: 13.654 Loading class java/util/Spliterators$IntArraySpliterator done
Event: 13.654 Loading class java/util/LinkedHashMap$LinkedKeySet
Event: 13.654 Loading class java/util/LinkedHashMap$LinkedKeySet done
Event: 13.654 Loading class java/util/LinkedHashMap$LinkedKeyIterator
Event: 13.654 Loading class java/util/LinkedHashMap$LinkedKeyIterator done
Event: 13.698 Loading class java/util/Formatter$FixedString
Event: 13.698 Loading class java/util/Formatter$FixedString done
Event: 13.717 Loading class jdk/internal/module/ModulePatcher$PatchedModuleReader
Event: 13.717 Loading class jdk/internal/module/ModulePatcher$PatchedModuleReader done
Event: 13.720 Loading class sun/net/www/protocol/jrt/Handler
Event: 13.720 Loading class sun/net/www/protocol/jrt/Handler done
Event: 13.893 Loading class sun/text/resources/cldr/FormatData_en
Event: 13.893 Loading class sun/text/resources/cldr/FormatData_en done
Event: 13.894 Loading class sun/text/resources/cldr/FormatData_en_US
Event: 13.894 Loading class sun/text/resources/cldr/FormatData_en_US done

Classes unloaded (0 events):
No events

Classes redefined (0 events):
No events

Internal exceptions (11 events):
Event: 0.182 Thread 0x00007f21e801b3d0 Exception <a 'java/lang/ClassNotFoundException'{0x000000062b03c468}: sun/awt/resources/spi/awtProvider> (0x000000062b03c468) 
thrown [/usr/src/debug/java21-openjdk/jdk21u-jdk-21.0.10-7/src/hotspot/share/classfile/systemDictionary.cpp, line 312]
Event: 0.195 Thread 0x00007f21e801b3d0 Exception <a 'java/io/FileNotFoundException'{0x000000062b2f89b0}> (0x000000062b2f89b0) 
thrown [/usr/src/debug/java21-openjdk/jdk21u-jdk-21.0.10-7/src/hotspot/share/prims/jni.cpp, line 520]
Event: 0.199 Thread 0x00007f21e801b3d0 Exception <a 'java/io/FileNotFoundException'{0x000000062b323128}> (0x000000062b323128) 
thrown [/usr/src/debug/java21-openjdk/jdk21u-jdk-21.0.10-7/src/hotspot/share/prims/jni.cpp, line 520]
Event: 13.412 Thread 0x00007f21e801b3d0 Exception <a 'java/lang/NoSuchMethodError'{0x000000062adf65d0}: 'void java.lang.invoke.DirectMethodHandle$Holder.invokeStaticInit(java.lang.Object)'> (0x000000062adf65d0) 
thrown [/usr/src/debug/java21-openjdk/jdk21u-jdk-21.0.10-7/src/hotspot/share/interpreter/linkResolver.cpp, line 772]
Event: 13.433 Thread 0x00007f21e81c28d0 Exception <a 'sun/nio/fs/UnixException'{0x000000062ae6a8b8}> (0x000000062ae6a8b8) 
thrown [/usr/src/debug/java21-openjdk/jdk21u-jdk-21.0.10-7/src/hotspot/share/prims/jni.cpp, line 520]
Event: 13.451 Thread 0x00007f21e801b3d0 Exception <a 'java/lang/NoSuchMethodError'{0x000000062ae05588}: 'int java.lang.invoke.DirectMethodHandle$Holder.invokeVirtual(java.lang.Object, java.lang.Object, java.lang.Object)'> (0x000000062ae05588) 
thrown [/usr/src/debug/java21-openjdk/jdk21u-jdk-21.0.10-7/src/hotspot/share/interpreter/linkResolver.cpp, line 772]
Event: 13.518 Thread 0x00007f21e801b3d0 Exception <a 'java/lang/NoSuchMethodError'{0x000000062ae1f8e0}: 'java.lang.Object java.lang.invoke.DirectMethodHandle$Holder.invokeStatic(java.lang.Object, java.lang.Object, int)'> (0x000000062ae1f8e0) 
thrown [/usr/src/debug/java21-openjdk/jdk21u-jdk-21.0.10-7/src/hotspot/share/interpreter/linkResolver.cpp, line 772]
Event: 13.555 Thread 0x00007f21e801b3d0 Exception <a 'java/lang/NoSuchMethodError'{0x000000062ae2e6a0}: 'void java.lang.invoke.DirectMethodHandle$Holder.invokeInterface(java.lang.Object, java.lang.Object, java.lang.Object)'> (0x000000062ae2e6a0) 
thrown [/usr/src/debug/java21-openjdk/jdk21u-jdk-21.0.10-7/src/hotspot/share/interpreter/linkResolver.cpp, line 772]
Event: 13.570 Thread 0x00007f21e801b3d0 Exception <a 'java/lang/NoSuchMethodError'{0x000000062ae34150}: 'void java.lang.invoke.DirectMethodHandle$Holder.invokeStatic(java.lang.Object, java.lang.Object)'> (0x000000062ae34150) 
thrown [/usr/src/debug/java21-openjdk/jdk21u-jdk-21.0.10-7/src/hotspot/share/interpreter/linkResolver.cpp, line 772]
Event: 13.641 Thread 0x00007f21e801b3d0 Exception <a 'java/lang/NoSuchMethodError'{0x000000062ae50220}: 'void java.lang.invoke.DirectMethodHandle$Holder.invokeInterface(java.lang.Object, java.lang.Object, int)'> (0x000000062ae50220) 
thrown [/usr/src/debug/java21-openjdk/jdk21u-jdk-21.0.10-7/src/hotspot/share/interpreter/linkResolver.cpp, line 772]
Event: 13.650 Thread 0x00007f21e801b3d0 Exception <a 'java/lang/IncompatibleClassChangeError'{0x000000062ae535b0}: Found class java.lang.Object, but interface was expected> (0x000000062ae535b0) 
thrown [/usr/src/debug/java21-openjdk/jdk21u-jdk-21.0.10-7/src/hotspot/share/interpreter/linkResolver.cpp, line 840]

ZGC Phase Switch (0 events):
No events

VM Operations (20 events):
Event: 12.146 Executing safepoint VM operation: get/set locals
Event: 12.146 Executing safepoint VM operation: get/set locals done
Event: 12.151 Executing safepoint VM operation: get/set locals
Event: 12.151 Executing safepoint VM operation: get/set locals done
Event: 12.157 Executing safepoint VM operation: get/set locals
Event: 12.157 Executing safepoint VM operation: get/set locals done
Event: 12.163 Executing safepoint VM operation: get/set locals
Event: 12.163 Executing safepoint VM operation: get/set locals done
Event: 12.169 Executing safepoint VM operation: get/set locals
Event: 12.169 Executing safepoint VM operation: get/set locals done
Event: 12.174 Executing safepoint VM operation: get/set locals
Event: 12.174 Executing safepoint VM operation: get/set locals done
Event: 12.180 Executing safepoint VM operation: get/set locals
Event: 12.180 Executing safepoint VM operation: get/set locals done
Event: 13.393 Executing safepoint VM operation: ChangeSingleStep
Event: 13.393 Executing safepoint VM operation: ChangeSingleStep done
Event: 13.394 Executing safepoint VM operation: ChangeSingleStep
Event: 13.394 Executing safepoint VM operation: ChangeSingleStep done
Event: 13.466 Executing non-safepoint VM operation: HandshakeAllThreads (Deoptimize)
Event: 13.466 Executing non-safepoint VM operation: HandshakeAllThreads (Deoptimize) done

Memory protections (19 events):
Event: 0.001 Protecting memory [0x00007f21ef300000,0x00007f21ef304000] with protection modes 0
Event: 0.016 Protecting memory [0x00007f21c4500000,0x00007f21c4504000] with protection modes 0
Event: 0.016 Protecting memory [0x00007f21c43ff000,0x00007f21c4403000] with protection modes 0
Event: 0.016 Protecting memory [0x00007f21c42fe000,0x00007f21c4302000] with protection modes 0
Event: 0.016 Protecting memory [0x00007f21c41fd000,0x00007f21c4201000] with protection modes 0
Event: 0.016 Protecting memory [0x00007f21c40fc000,0x00007f21c4100000] with protection modes 0
Event: 0.016 Protecting memory [0x00007f216ef00000,0x00007f216ef04000] with protection modes 0
Event: 0.016 Protecting memory [0x00007f216edff000,0x00007f216ee03000] with protection modes 0
Event: 0.021 Protecting memory [0x00007f216ec98000,0x00007f216ec9c000] with protection modes 0
Event: 0.021 Protecting memory [0x00007f216eb97000,0x00007f216eb9b000] with protection modes 0
Event: 0.021 Protecting memory [0x00007f216ea96000,0x00007f216ea9a000] with protection modes 0
Event: 0.167 Protecting memory [0x00007f216e995000,0x00007f216e999000] with protection modes 0
Event: 0.168 Protecting memory [0x00007f216e894000,0x00007f216e898000] with protection modes 0
Event: 0.196 Protecting memory [0x00007f216e4d5000,0x00007f216e4d9000] with protection modes 0
Event: 0.240 Protecting memory [0x00007f216df03000,0x00007f216df07000] with protection modes 0
Event: 0.242 Protecting memory [0x00007f216de02000,0x00007f216de06000] with protection modes 0
Event: 13.395 Protecting memory [0x00007f216e4d5000,0x00007f216e4d9000] with protection modes 0
Event: 13.433 Protecting memory [0x00007f216c11f000,0x00007f216c123000] with protection modes 0
Event: 13.434 Protecting memory [0x00007f216c01e000,0x00007f216c022000] with protection modes 0

Nmethod flushes (0 events):
No events

Events (20 events):
Event: 0.011 Thread 0x00007f21e801b3d0 Thread added: 0x00007f21e801b3d0
Event: 0.016 Thread 0x00007f21e801b3d0 Thread added: 0x00007f21e814f8d0
Event: 0.016 Thread 0x00007f21e801b3d0 Thread added: 0x00007f21e8150e50
Event: 0.016 Thread 0x00007f21e801b3d0 Thread added: 0x00007f21e8152710
Event: 0.016 Thread 0x00007f21e801b3d0 Thread added: 0x00007f21e8153d60
Event: 0.016 Thread 0x00007f21e801b3d0 Thread added: 0x00007f21e8155310
Event: 0.016 Thread 0x00007f21e801b3d0 Thread added: 0x00007f21e8156ee0
Event: 0.016 Thread 0x00007f21e801b3d0 Thread added: 0x00007f21e81585b0
Event: 0.021 Thread 0x00007f21e801b3d0 Thread added: 0x00007f21e8178a70
Event: 0.021 Thread 0x00007f21e801b3d0 Thread added: 0x00007f21e817a730
Event: 0.021 Thread 0x00007f21e8178a70 Thread added: 0x00007f213c0011e0
Event: 0.167 Thread 0x00007f21e801b3d0 Thread added: 0x00007f21e817b890
Event: 0.168 Thread 0x00007f21e801b3d0 Thread added: 0x00007f21e817f010
Event: 0.196 Thread 0x00007f21e8156ee0 Thread added: 0x00007f21440c0140
Event: 0.240 Thread 0x00007f21e801b3d0 Thread added: 0x00007f21e82e3c00
Event: 0.242 Thread 0x00007f21e801b3d0 Thread added: 0x00007f21e82e5c00
Event: 1.258 Thread 0x00007f21440c0140 Thread exited: 0x00007f21440c0140
Event: 13.395 Thread 0x00007f21e801b3d0 Thread added: 0x00007f21e81f3f40
Event: 13.433 Thread 0x00007f21e801b3d0 Thread added: 0x00007f21e81c28d0
Event: 13.434 Thread 0x00007f21e801b3d0 Thread added: 0x00007f21e8370f20


Dynamic libraries:
60bc00000-62b400000 rw-p 00000000 00:00 0 
62b400000-7ffc00000 ---p 00000000 00:00 0 
7ffc00000-7ffd0d000 rw-p 00cda000 00:1c 1074018                          /usr/lib/jvm/java-21-openjdk/lib/server/classes.jsa
7ffd0d000-800000000 rw-p 00000000 00:00 0 
559e8892d000-559e8892e000 r--p 00000000 00:1c 1073744                    /usr/lib/jvm/java-21-openjdk/bin/java
559e8892e000-559e8892f000 r-xp 00001000 00:1c 1073744                    /usr/lib/jvm/java-21-openjdk/bin/java
559e8892f000-559e88930000 r--p 00002000 00:1c 1073744                    /usr/lib/jvm/java-21-openjdk/bin/java
559e88930000-559e88931000 r--p 00002000 00:1c 1073744                    /usr/lib/jvm/java-21-openjdk/bin/java
559e88931000-559e88932000 rw-p 00003000 00:1c 1073744                    /usr/lib/jvm/java-21-openjdk/bin/java
559ead83a000-559ead882000 rw-p 00000000 00:00 0                          [heap]
7f20f6000000-7f20f7fa4000 ---s 00000000 00:1f 38740                      /dev/shm/xdph-shm-LNjnCk (deleted)
7f20f8000000-7f20f9fa4000 ---s 00000000 00:1f 38739                      /dev/shm/xdph-shm-HfbnCk (deleted)
7f20fa000000-7f20fbfa4000 ---s 00000000 00:1f 38738                      /dev/shm/xdph-shm-NaInCk (deleted)
7f20fc000000-7f20fc048000 rw-p 00000000 00:00 0 
7f20fc048000-7f2100000000 ---p 00000000 00:00 0 
7f2102000000-7f2103fa4000 ---s 00000000 00:1f 38737                      /dev/shm/xdph-shm-KObmCk (deleted)
7f2104000000-7f2104021000 rw-p 00000000 00:00 0 
7f2104021000-7f2108000000 ---p 00000000 00:00 0 
7f2108000000-7f2108021000 rw-p 00000000 00:00 0 
7f2108021000-7f210c000000 ---p 00000000 00:00 0 
7f210c000000-7f210c021000 rw-p 00000000 00:00 0 
7f210c021000-7f2110000000 ---p 00000000 00:00 0 
7f2111ffc000-7f2114000000 rw-p 00000000 00:00 0 
7f2114000000-7f2114021000 rw-p 00000000 00:00 0 
7f2114021000-7f2118000000 ---p 00000000 00:00 0 
7f2118000000-7f2118021000 rw-p 00000000 00:00 0 
7f2118021000-7f211c000000 ---p 00000000 00:00 0 
7f211c000000-7f211c08a000 rw-p 00000000 00:00 0 
7f211c08a000-7f2120000000 ---p 00000000 00:00 0 
7f21207ff000-7f2121000000 rw-p 00000000 00:00 0 
7f2121000000-7f21213d8000 r--s 00000000 00:1c 778489                     /var/cache/fontconfig/923e285e415b1073c8df160bee08820f-le64.cache-9
7f21213ff000-7f2121c00000 rw-p 00000000 00:00 0 
7f2121c00000-7f2123b94000 r--p 00000000 00:1c 896205                     /usr/lib/libicudata.so.78.3
7f2123b94000-7f2123b95000 r--p 01f93000 00:1c 896205                     /usr/lib/libicudata.so.78.3
7f2123c00000-7f2123c48000 r--p 00000000 00:1c 896220                     /usr/lib/libicuuc.so.78.3
7f2123c48000-7f2123d65000 r-xp 00048000 00:1c 896220                     /usr/lib/libicuuc.so.78.3
7f2123d65000-7f2123df8000 r--p 00165000 00:1c 896220                     /usr/lib/libicuuc.so.78.3
7f2123df8000-7f2123e0b000 r--p 001f8000 00:1c 896220                     /usr/lib/libicuuc.so.78.3
7f2123e0b000-7f2123e0c000 rw-p 0020b000 00:1c 896220                     /usr/lib/libicuuc.so.78.3
7f2123e0c000-7f2123e0e000 rw-p 00000000 00:00 0 
7f2123f36000-7f2123f37000 r--p 00000000 00:1c 904251                     /usr/lib/spa-0.2/videoconvert/libspa-videoconvert.so
7f2123f37000-7f2123f51000 r-xp 00001000 00:1c 904251                     /usr/lib/spa-0.2/videoconvert/libspa-videoconvert.so
7f2123f51000-7f2123f5a000 r--p 0001b000 00:1c 904251                     /usr/lib/spa-0.2/videoconvert/libspa-videoconvert.so
7f2123f5a000-7f2123f60000 r--p 00023000 00:1c 904251                     /usr/lib/spa-0.2/videoconvert/libspa-videoconvert.so
7f2123f60000-7f2123f61000 rw-p 00029000 00:1c 904251                     /usr/lib/spa-0.2/videoconvert/libspa-videoconvert.so
7f2123f61000-7f2123f63000 r--p 00000000 00:1c 904241                     /usr/lib/pipewire-0.3/libpipewire-module-session-manager.so
7f2123f63000-7f2123f82000 r-xp 00002000 00:1c 904241                     /usr/lib/pipewire-0.3/libpipewire-module-session-manager.so
7f2123f82000-7f2123f87000 r--p 00021000 00:1c 904241                     /usr/lib/pipewire-0.3/libpipewire-module-session-manager.so
7f2123f87000-7f2123f89000 r--p 00025000 00:1c 904241                     /usr/lib/pipewire-0.3/libpipewire-module-session-manager.so
7f2123f89000-7f2123f8a000 rw-p 00027000 00:1c 904241                     /usr/lib/pipewire-0.3/libpipewire-module-session-manager.so
7f2123f8a000-7f2123f8c000 r--p 00000000 00:1c 904235                     /usr/lib/pipewire-0.3/libpipewire-module-metadata.so
7f2123f8c000-7f2123f95000 r-xp 00002000 00:1c 904235                     /usr/lib/pipewire-0.3/libpipewire-module-metadata.so
7f2123f95000-7f2123f96000 r--p 0000b000 00:1c 904235                     /usr/lib/pipewire-0.3/libpipewire-module-metadata.so
7f2123f96000-7f2123f97000 r--p 0000c000 00:1c 904235                     /usr/lib/pipewire-0.3/libpipewire-module-metadata.so
7f2123f97000-7f2123f98000 rw-p 0000d000 00:1c 904235                     /usr/lib/pipewire-0.3/libpipewire-module-metadata.so
7f2123f98000-7f2123f9a000 r--p 00000000 00:1c 904230                     /usr/lib/pipewire-0.3/libpipewire-module-adapter.so
7f2123f9a000-7f2123f9e000 r-xp 00002000 00:1c 904230                     /usr/lib/pipewire-0.3/libpipewire-module-adapter.so
7f2123f9e000-7f2123fa0000 r--p 00006000 00:1c 904230                     /usr/lib/pipewire-0.3/libpipewire-module-adapter.so
7f2123fa0000-7f2123fa1000 r--p 00007000 00:1c 904230                     /usr/lib/pipewire-0.3/libpipewire-module-adapter.so
7f2123fa1000-7f2123fa2000 rw-p 00008000 00:1c 904230                     /usr/lib/pipewire-0.3/libpipewire-module-adapter.so
7f2123fa2000-7f2123fa5000 r--p 00000000 00:1c 904232                     /usr/lib/pipewire-0.3/libpipewire-module-client-node.so
7f2123fa5000-7f2123fc0000 r-xp 00003000 00:1c 904232                     /usr/lib/pipewire-0.3/libpipewire-module-client-node.so
7f2123fc0000-7f2123fc5000 r--p 0001e000 00:1c 904232                     /usr/lib/pipewire-0.3/libpipewire-module-client-node.so
7f2123fc5000-7f2123fc7000 r--p 00022000 00:1c 904232                     /usr/lib/pipewire-0.3/libpipewire-module-client-node.so
7f2123fc7000-7f2123fc8000 rw-p 00024000 00:1c 904232                     /usr/lib/pipewire-0.3/libpipewire-module-client-node.so
7f2123fc8000-7f2123fcb000 r--p 00000000 00:1c 904238                     /usr/lib/pipewire-0.3/libpipewire-module-protocol-native.so
7f2123fcb000-7f2123fe9000 r-xp 00003000 00:1c 904238                     /usr/lib/pipewire-0.3/libpipewire-module-protocol-native.so
7f2123fe9000-7f2123ff4000 r--p 00021000 00:1c 904238                     /usr/lib/pipewire-0.3/libpipewire-module-protocol-native.so
7f2123ff4000-7f2123fff000 r--p 0002b000 00:1c 904238                     /usr/lib/pipewire-0.3/libpipewire-module-protocol-native.so
7f2123fff000-7f2124000000 rw-p 00036000 00:1c 904238                     /usr/lib/pipewire-0.3/libpipewire-module-protocol-native.so
7f2124000000-7f2124021000 rw-p 00000000 00:00 0 
7f2124021000-7f2128000000 ---p 00000000 00:00 0 
7f2128000000-7f2128021000 rw-p 00000000 00:00 0 
7f2128021000-7f212c000000 ---p 00000000 00:00 0 
7f212c000000-7f212c021000 rw-p 00000000 00:00 0 
7f212c021000-7f2130000000 ---p 00000000 00:00 0 
7f2130000000-7f2130021000 rw-p 00000000 00:00 0 
7f2130021000-7f2134000000 ---p 00000000 00:00 0 
7f2134000000-7f2134021000 rw-p 00000000 00:00 0 
7f2134021000-7f2138000000 ---p 00000000 00:00 0 
7f2138000000-7f2138021000 rw-p 00000000 00:00 0 
7f2138021000-7f213c000000 ---p 00000000 00:00 0 
7f213c000000-7f213c021000 rw-p 00000000 00:00 0 
7f213c021000-7f2140000000 ---p 00000000 00:00 0 
7f2140000000-7f2140021000 rw-p 00000000 00:00 0 
7f2140021000-7f2144000000 ---p 00000000 00:00 0 
7f2144000000-7f21440ef000 rw-p 00000000 00:00 0 
7f21440ef000-7f2148000000 ---p 00000000 00:00 0 
7f2148000000-7f214816f000 rw-p 00000000 00:00 0 
7f214816f000-7f214c000000 ---p 00000000 00:00 0 
7f214c000000-7f214c021000 rw-p 00000000 00:00 0 
7f214c021000-7f2150000000 ---p 00000000 00:00 0 
7f2150000000-7f2150021000 rw-p 00000000 00:00 0 
7f2150021000-7f2154000000 ---p 00000000 00:00 0 
7f2154000000-7f2154021000 rw-p 00000000 00:00 0 
7f2154021000-7f2158000000 ---p 00000000 00:00 0 
7f2158000000-7f2158021000 rw-p 00000000 00:00 0 
7f2158021000-7f215c000000 ---p 00000000 00:00 0 
7f215c000000-7f215c021000 rw-p 00000000 00:00 0 
7f215c021000-7f2160000000 ---p 00000000 00:00 0 
7f2160000000-7f2160021000 rw-p 00000000 00:00 0 
7f2160021000-7f2164000000 ---p 00000000 00:00 0 
7f2164000000-7f2164350000 rw-p 00000000 00:00 0 
7f2164350000-7f2164400000 ---p 00000000 00:00 0 
7f2164400000-7f2164430000 rw-p 00000000 00:00 0 
7f2164430000-7f2168000000 ---p 00000000 00:00 0 
7f2168000000-7f2168021000 rw-p 00000000 00:00 0 
7f2168021000-7f216c000000 ---p 00000000 00:00 0 
7f216c002000-7f216c004000 r--p 00000000 00:1c 904231                     /usr/lib/pipewire-0.3/libpipewire-module-client-device.so
7f216c004000-7f216c010000 r-xp 00002000 00:1c 904231                     /usr/lib/pipewire-0.3/libpipewire-module-client-device.so
7f216c010000-7f216c011000 r--p 0000e000 00:1c 904231                     /usr/lib/pipewire-0.3/libpipewire-module-client-device.so
7f216c011000-7f216c012000 r--p 0000f000 00:1c 904231                     /usr/lib/pipewire-0.3/libpipewire-module-client-device.so
7f216c012000-7f216c013000 rw-p 00010000 00:1c 904231                     /usr/lib/pipewire-0.3/libpipewire-module-client-device.so
7f216c013000-7f216c015000 r--p 00000000 00:1c 904239                     /usr/lib/pipewire-0.3/libpipewire-module-rt.so
7f216c015000-7f216c019000 r-xp 00002000 00:1c 904239                     /usr/lib/pipewire-0.3/libpipewire-module-rt.so
7f216c019000-7f216c01b000 r--p 00006000 00:1c 904239                     /usr/lib/pipewire-0.3/libpipewire-module-rt.so
7f216c01b000-7f216c01c000 r--p 00007000 00:1c 904239                     /usr/lib/pipewire-0.3/libpipewire-module-rt.so
7f216c01c000-7f216c01d000 rw-p 00008000 00:1c 904239                     /usr/lib/pipewire-0.3/libpipewire-module-rt.so
7f216c01d000-7f216c01e000 rw-p 00000000 00:00 0 
7f216c01e000-7f216c022000 ---p 00000000 00:00 0 
7f216c022000-7f216c11f000 rw-p 00000000 00:00 0 
7f216c11f000-7f216c123000 ---p 00000000 00:00 0 
7f216c123000-7f216c21f000 rw-p 00000000 00:00 0 
7f216c21f000-7f216c22c000 r--p 00000000 00:1c 904204                     /usr/lib/libpipewire-0.3.so.0.1602.0
7f216c22c000-7f216c2b1000 r-xp 0000d000 00:1c 904204                     /usr/lib/libpipewire-0.3.so.0.1602.0
7f216c2b1000-7f216c2ce000 r--p 00092000 00:1c 904204                     /usr/lib/libpipewire-0.3.so.0.1602.0
7f216c2ce000-7f216c2ea000 r--p 000ae000 00:1c 904204                     /usr/lib/libpipewire-0.3.so.0.1602.0
7f216c2ea000-7f216c2eb000 rw-p 000ca000 00:1c 904204                     /usr/lib/libpipewire-0.3.so.0.1602.0
7f216c2eb000-7f216c2ec000 rw-p 00000000 00:00 0 
7f216c2ec000-7f216c314000 r--s 00000000 00:1c 136393                     /home/domplin/.cache/fontconfig/f2e43df3287529323e79e7929dc44cc9-le64.cache-9
7f216c314000-7f216c354000 r--s 00000000 00:1c 136379                     /home/domplin/.cache/fontconfig/f6b893a7224233d96cb72fd88691c0b4-le64.cache-9
7f216c358000-7f216c35a000 r--p 00000000 00:1c 904249                     /usr/lib/spa-0.2/support/libspa-support.so
7f216c35a000-7f216c375000 r-xp 00002000 00:1c 904249                     /usr/lib/spa-0.2/support/libspa-support.so
7f216c375000-7f216c37b000 r--p 0001d000 00:1c 904249                     /usr/lib/spa-0.2/support/libspa-support.so
7f216c37b000-7f216c383000 r--p 00022000 00:1c 904249                     /usr/lib/spa-0.2/support/libspa-support.so
7f216c383000-7f216c384000 rw-p 0002a000 00:1c 904249                     /usr/lib/spa-0.2/support/libspa-support.so
7f216c384000-7f216c394000 r--s 00000000 00:1c 136387                     /home/domplin/.cache/fontconfig/491f45a0a771fef1c10b9b647a97fb82-le64.cache-9
7f216c394000-7f216c3a9000 r--p 00000000 00:1c 894265                     /usr/lib/libsystemd.so.0.43.0
7f216c3a9000-7f216c46f000 r-xp 00015000 00:1c 894265                     /usr/lib/libsystemd.so.0.43.0
7f216c46f000-7f216c4b3000 r--p 000db000 00:1c 894265                     /usr/lib/libsystemd.so.0.43.0
7f216c4b3000-7f216c4bc000 r--p 0011f000 00:1c 894265                     /usr/lib/libsystemd.so.0.43.0
7f216c4bc000-7f216c4bd000 rw-p 00128000 00:1c 894265                     /usr/lib/libsystemd.so.0.43.0
7f216c4bd000-7f216c4be000 rw-p 00000000 00:00 0 
7f216c4be000-7f216c4c0000 r--p 00000000 00:1c 312698                     /usr/lib/libseccomp.so.2.6.0
7f216c4c0000-7f216c4d0000 r-xp 00002000 00:1c 312698                     /usr/lib/libseccomp.so.2.6.0
7f216c4d0000-7f216c4e9000 r--p 00012000 00:1c 312698                     /usr/lib/libseccomp.so.2.6.0
7f216c4e9000-7f216c4ea000 r--p 0002b000 00:1c 312698                     /usr/lib/libseccomp.so.2.6.0
7f216c4ea000-7f216c4eb000 rw-p 0002c000 00:1c 312698                     /usr/lib/libseccomp.so.2.6.0
7f216c4eb000-7f216c4f4000 r--p 00000000 00:1c 312681                     /usr/lib/liblcms2.so.2.0.18
7f216c4f4000-7f216c539000 r-xp 00009000 00:1c 312681                     /usr/lib/liblcms2.so.2.0.18
7f216c539000-7f216c54c000 r--p 0004e000 00:1c 312681                     /usr/lib/liblcms2.so.2.0.18
7f216c54c000-7f216c54f000 r--p 00061000 00:1c 312681                     /usr/lib/liblcms2.so.2.0.18
7f216c54f000-7f216c552000 rw-p 00064000 00:1c 312681                     /usr/lib/liblcms2.so.2.0.18
7f216c552000-7f216c553000 rw-p 00000000 00:00 0 
7f216c553000-7f216c55c000 r--p 00000000 00:1c 895136                     /usr/lib/libsqlite3.so.3.52.0
7f216c55c000-7f216c692000 r-xp 00009000 00:1c 895136                     /usr/lib/libsqlite3.so.3.52.0
7f216c692000-7f216c6c2000 r--p 0013f000 00:1c 895136                     /usr/lib/libsqlite3.so.3.52.0
7f216c6c2000-7f216c6c6000 r--p 0016e000 00:1c 895136                     /usr/lib/libsqlite3.so.3.52.0
7f216c6c6000-7f216c6cb000 rw-p 00172000 00:1c 895136                     /usr/lib/libsqlite3.so.3.52.0
7f216c6cb000-7f216c6e5000 r--p 00000000 00:1c 684256                     /usr/lib/libxml2.so.16.1.2
7f216c6e5000-7f216c7b8000 r-xp 0001a000 00:1c 684256                     /usr/lib/libxml2.so.16.1.2
7f216c7b8000-7f216c7f5000 r--p 000ed000 00:1c 684256                     /usr/lib/libxml2.so.16.1.2
7f216c7f5000-7f216c7fe000 r--p 0012a000 00:1c 684256                     /usr/lib/libxml2.so.16.1.2
7f216c7fe000-7f216c7ff000 rw-p 00133000 00:1c 684256                     /usr/lib/libxml2.so.16.1.2
7f216c7ff000-7f216c800000 rw-p 00000000 00:00 0 
7f216c800000-7f216c8c2000 r--p 00000000 00:1c 542573                     /usr/lib/libglycin-2.so.0
7f216c8c2000-7f216cbe7000 r-xp 000c1000 00:1c 542573                     /usr/lib/libglycin-2.so.0
7f216cbe7000-7f216cc01000 r--p 003e5000 00:1c 542573                     /usr/lib/libglycin-2.so.0
7f216cc01000-7f216cc05000 rw-p 003fe000 00:1c 542573                     /usr/lib/libglycin-2.so.0
7f216cc09000-7f216cc0a000 r--p 00000000 00:1c 904247                     /usr/lib/spa-0.2/support/libspa-dbus.so
7f216cc0a000-7f216cc0d000 r-xp 00001000 00:1c 904247                     /usr/lib/spa-0.2/support/libspa-dbus.so
7f216cc0d000-7f216cc0e000 r--p 00004000 00:1c 904247                     /usr/lib/spa-0.2/support/libspa-dbus.so
7f216cc0e000-7f216cc0f000 r--p 00004000 00:1c 904247                     /usr/lib/spa-0.2/support/libspa-dbus.so
7f216cc0f000-7f216cc10000 rw-p 00005000 00:1c 904247                     /usr/lib/spa-0.2/support/libspa-dbus.so
7f216cc10000-7f216cc11000 r--p 00000000 00:1c 494643                     /usr/lib/libgthread-2.0.so.0.8600.4
7f216cc11000-7f216cc12000 r-xp 00001000 00:1c 494643                     /usr/lib/libgthread-2.0.so.0.8600.4
7f216cc12000-7f216cc13000 r--p 00002000 00:1c 494643                     /usr/lib/libgthread-2.0.so.0.8600.4
7f216cc13000-7f216cc14000 r--p 00002000 00:1c 494643                     /usr/lib/libgthread-2.0.so.0.8600.4
7f216cc14000-7f216cc15000 rw-p 00003000 00:1c 494643                     /usr/lib/libgthread-2.0.so.0.8600.4
7f216cc15000-7f216cc17000 r--p 00000000 00:1c 72036                      /usr/lib/libdatrie.so.1.4.1
7f216cc17000-7f216cc1b000 r-xp 00002000 00:1c 72036                      /usr/lib/libdatrie.so.1.4.1
7f216cc1b000-7f216cc1c000 r--p 00006000 00:1c 72036                      /usr/lib/libdatrie.so.1.4.1
7f216cc1c000-7f216cc1d000 r--p 00006000 00:1c 72036                      /usr/lib/libdatrie.so.1.4.1
7f216cc1d000-7f216cc1e000 rw-p 00007000 00:1c 72036                      /usr/lib/libdatrie.so.1.4.1
7f216cc1e000-7f216cc23000 r--p 00000000 00:1c 309727                     /usr/lib/libblkid.so.1.1.0
7f216cc23000-7f216cc48000 r-xp 00005000 00:1c 309727                     /usr/lib/libblkid.so.1.1.0
7f216cc48000-7f216cc51000 r--p 0002a000 00:1c 309727                     /usr/lib/libblkid.so.1.1.0
7f216cc51000-7f216cc57000 r--p 00032000 00:1c 309727                     /usr/lib/libblkid.so.1.1.0
7f216cc57000-7f216cc58000 rw-p 00038000 00:1c 309727                     /usr/lib/libblkid.so.1.1.0
7f216cc58000-7f216cc61000 r--p 00000000 00:1c 73376                      /usr/lib/libjson-glib-1.0.so.0.1000.8
7f216cc61000-7f216cc77000 r-xp 00009000 00:1c 73376                      /usr/lib/libjson-glib-1.0.so.0.1000.8
7f216cc77000-7f216cc80000 r--p 0001f000 00:1c 73376                      /usr/lib/libjson-glib-1.0.so.0.1000.8
7f216cc80000-7f216cc81000 r--p 00028000 00:1c 73376                      /usr/lib/libjson-glib-1.0.so.0.1000.8
7f216cc81000-7f216cc82000 rw-p 00029000 00:1c 73376                      /usr/lib/libjson-glib-1.0.so.0.1000.8
7f216cc82000-7f216cc90000 r--p 00000000 00:1c 26114                      /usr/lib/libdbus-1.so.3.38.3
7f216cc90000-7f216ccc1000 r-xp 0000e000 00:1c 26114                      /usr/lib/libdbus-1.so.3.38.3
7f216ccc1000-7f216ccd2000 r--p 0003f000 00:1c 26114                      /usr/lib/libdbus-1.so.3.38.3
7f216ccd2000-7f216ccd4000 r--p 0004f000 00:1c 26114                      /usr/lib/libdbus-1.so.3.38.3
7f216ccd4000-7f216ccd5000 rw-p 00051000 00:1c 26114                      /usr/lib/libdbus-1.so.3.38.3
7f216ccd5000-7f216cce3000 r--p 00000000 00:1c 895639                     /usr/lib/libatspi.so.0.0.1
7f216cce3000-7f216ccfc000 r-xp 0000e000 00:1c 895639                     /usr/lib/libatspi.so.0.0.1
7f216ccfc000-7f216cd09000 r--p 00027000 00:1c 895639                     /usr/lib/libatspi.so.0.0.1
7f216cd09000-7f216cd0d000 r--p 00034000 00:1c 895639                     /usr/lib/libatspi.so.0.0.1
7f216cd0d000-7f216cd0e000 rw-p 00038000 00:1c 895639                     /usr/lib/libatspi.so.0.0.1
7f216cd0e000-7f216cd10000 r--p 00000000 00:1c 895155                     /usr/lib/libexpat.so.1.11.3
7f216cd10000-7f216cd2e000 r-xp 00002000 00:1c 895155                     /usr/lib/libexpat.so.1.11.3
7f216cd2e000-7f216cd36000 r--p 00020000 00:1c 895155                     /usr/lib/libexpat.so.1.11.3
7f216cd36000-7f216cd38000 r--p 00028000 00:1c 895155                     /usr/lib/libexpat.so.1.11.3
7f216cd38000-7f216cd39000 rw-p 0002a000 00:1c 895155                     /usr/lib/libexpat.so.1.11.3
7f216cd39000-7f216cd3e000 r--p 00000000 00:1c 71394                      /usr/lib/libpixman-1.so.0.46.4
7f216cd3e000-7f216cdcf000 r-xp 00005000 00:1c 71394                      /usr/lib/libpixman-1.so.0.46.4
7f216cdcf000-7f216cddf000 r--p 00096000 00:1c 71394                      /usr/lib/libpixman-1.so.0.46.4
7f216cddf000-7f216cde7000 r--p 000a6000 00:1c 71394                      /usr/lib/libpixman-1.so.0.46.4
7f216cde7000-7f216cde8000 rw-p 000ae000 00:1c 71394                      /usr/lib/libpixman-1.so.0.46.4
7f216cde8000-7f216cde9000 r--p 00000000 00:1c 50049                      /usr/lib/libxcb-shm.so.0.0.0
7f216cde9000-7f216cdea000 r-xp 00001000 00:1c 50049                      /usr/lib/libxcb-shm.so.0.0.0
7f216cdea000-7f216cdeb000 r--p 00002000 00:1c 50049                      /usr/lib/libxcb-shm.so.0.0.0
7f216cdeb000-7f216cdec000 r--p 00002000 00:1c 50049                      /usr/lib/libxcb-shm.so.0.0.0
7f216cdec000-7f216cded000 rw-p 00003000 00:1c 50049                      /usr/lib/libxcb-shm.so.0.0.0
7f216cded000-7f216cdf3000 r--p 00000000 00:1c 50037                      /usr/lib/libxcb-render.so.0.0.0
7f216cdf3000-7f216cdf8000 r-xp 00006000 00:1c 50037                      /usr/lib/libxcb-render.so.0.0.0
7f216cdf8000-7f216cdfa000 r--p 0000b000 00:1c 50037                      /usr/lib/libxcb-render.so.0.0.0
7f216cdfa000-7f216cdfb000 r--p 0000d000 00:1c 50037                      /usr/lib/libxcb-render.so.0.0.0
7f216cdfb000-7f216cdfc000 rw-p 0000e000 00:1c 50037                      /usr/lib/libxcb-render.so.0.0.0
7f216cdfc000-7f216cdfe000 r--p 00000000 00:1c 312213                     /usr/lib/libthai.so.0.3.2
7f216cdfe000-7f216ce02000 r-xp 00002000 00:1c 312213                     /usr/lib/libthai.so.0.3.2
7f216ce02000-7f216ce05000 r--p 00006000 00:1c 312213                     /usr/lib/libthai.so.0.3.2
7f216ce05000-7f216ce06000 r--p 00008000 00:1c 312213                     /usr/lib/libthai.so.0.3.2
7f216ce06000-7f216ce07000 rw-p 00009000 00:1c 312213                     /usr/lib/libthai.so.0.3.2
7f216ce07000-7f216ce11000 r--p 00000000 00:1c 309736                     /usr/lib/libmount.so.1.1.0
7f216ce11000-7f216ce4b000 r-xp 0000a000 00:1c 309736                     /usr/lib/libmount.so.1.1.0
7f216ce4b000-7f216ce5a000 r--p 00044000 00:1c 309736                     /usr/lib/libmount.so.1.1.0
7f216ce5a000-7f216ce5c000 r--p 00053000 00:1c 309736                     /usr/lib/libmount.so.1.1.0
7f216ce5c000-7f216ce5d000 rw-p 00055000 00:1c 309736                     /usr/lib/libmount.so.1.1.0
7f216ce5d000-7f216ce5f000 r--p 00000000 00:1c 21967                      /usr/lib/libffi.so.8.2.0
7f216ce5f000-7f216ce66000 r-xp 00002000 00:1c 21967                      /usr/lib/libffi.so.8.2.0
7f216ce66000-7f216ce67000 r--p 00009000 00:1c 21967                      /usr/lib/libffi.so.8.2.0
7f216ce67000-7f216ce68000 r--p 0000a000 00:1c 21967                      /usr/lib/libffi.so.8.2.0
7f216ce68000-7f216ce69000 rw-p 0000b000 00:1c 21967                      /usr/lib/libffi.so.8.2.0
7f216ce69000-7f216ce6b000 r--p 00000000 00:1c 312146                     /usr/lib/libXrandr.so.2.2.0
7f216ce6b000-7f216ce72000 r-xp 00002000 00:1c 312146                     /usr/lib/libXrandr.so.2.2.0
7f216ce72000-7f216ce74000 r--p 00009000 00:1c 312146                     /usr/lib/libXrandr.so.2.2.0
7f216ce74000-7f216ce75000 r--p 0000a000 00:1c 312146                     /usr/lib/libXrandr.so.2.2.0
7f216ce75000-7f216ce76000 rw-p 0000b000 00:1c 312146                     /usr/lib/libXrandr.so.2.2.0
7f216ce76000-7f216ce77000 r--p 00000000 00:1c 312171                     /usr/lib/libXdamage.so.1.1.0
7f216ce77000-7f216ce78000 r-xp 00001000 00:1c 312171                     /usr/lib/libXdamage.so.1.1.0
7f216ce78000-7f216ce79000 r--p 00002000 00:1c 312171                     /usr/lib/libXdamage.so.1.1.0
7f216ce79000-7f216ce7a000 r--p 00002000 00:1c 312171                     /usr/lib/libXdamage.so.1.1.0
7f216ce7a000-7f216ce7b000 rw-p 00003000 00:1c 312171                     /usr/lib/libXdamage.so.1.1.0
7f216ce7b000-7f216ce7c000 r--p 00000000 00:1c 55941                      /usr/lib/libwayland-egl.so.1.24.0
7f216ce7c000-7f216ce7d000 r-xp 00001000 00:1c 55941                      /usr/lib/libwayland-egl.so.1.24.0
7f216ce7d000-7f216ce7e000 r--p 00002000 00:1c 55941                      /usr/lib/libwayland-egl.so.1.24.0
7f216ce7e000-7f216ce7f000 r--p 00002000 00:1c 55941                      /usr/lib/libwayland-egl.so.1.24.0
7f216ce7f000-7f216ce80000 rw-p 00003000 00:1c 55941                      /usr/lib/libwayland-egl.so.1.24.0
7f216ce80000-7f216ce82000 r--p 00000000 00:1c 55938                      /usr/lib/libwayland-cursor.so.0.24.0
7f216ce82000-7f216ce84000 r-xp 00002000 00:1c 55938                      /usr/lib/libwayland-cursor.so.0.24.0
7f216ce84000-7f216ce85000 r--p 00004000 00:1c 55938                      /usr/lib/libwayland-cursor.so.0.24.0
7f216ce85000-7f216ce86000 r--p 00004000 00:1c 55938                      /usr/lib/libwayland-cursor.so.0.24.0
7f216ce86000-7f216ce8a000 rw-p 00005000 00:1c 55938                      /usr/lib/libwayland-cursor.so.0.24.0
7f216ce8a000-7f216ce8d000 r--p 00000000 00:1c 55935                      /usr/lib/libwayland-client.so.0.24.0
7f216ce8d000-7f216ce94000 r-xp 00003000 00:1c 55935                      /usr/lib/libwayland-client.so.0.24.0
7f216ce94000-7f216ce97000 r--p 0000a000 00:1c 55935                      /usr/lib/libwayland-client.so.0.24.0
7f216ce97000-7f216ce99000 r--p 0000c000 00:1c 55935                      /usr/lib/libwayland-client.so.0.24.0
7f216ce99000-7f216ce9a000 rw-p 0000e000 00:1c 55935                      /usr/lib/libwayland-client.so.0.24.0
7f216ce9a000-7f216ce9e000 r--p 00000000 00:1c 73299                      /usr/lib/libxkbcommon.so.0.13.1
7f216ce9e000-7f216cecc000 r-xp 00004000 00:1c 73299                      /usr/lib/libxkbcommon.so.0.13.1
7f216cecc000-7f216cef4000 r--p 00032000 00:1c 73299                      /usr/lib/libxkbcommon.so.0.13.1
7f216cef4000-7f216cef6000 r--p 0005a000 00:1c 73299                      /usr/lib/libxkbcommon.so.0.13.1
7f216cef6000-7f216cef7000 rw-p 0005c000 00:1c 73299                      /usr/lib/libxkbcommon.so.0.13.1
7f216cef7000-7f216cf0f000 r--p 00000000 00:1c 73724                      /usr/lib/libtinysparql-3.0.so.0.1001.0
7f216cf0f000-7f216cf8d000 r-xp 00018000 00:1c 73724                      /usr/lib/libtinysparql-3.0.so.0.1001.0
7f216cf8d000-7f216cfba000 r--p 00096000 00:1c 73724                      /usr/lib/libtinysparql-3.0.so.0.1001.0
7f216cfba000-7f216cfc8000 r--p 000c3000 00:1c 73724                      /usr/lib/libtinysparql-3.0.so.0.1001.0
7f216cfc8000-7f216cfc9000 rw-p 000d1000 00:1c 73724                      /usr/lib/libtinysparql-3.0.so.0.1001.0
7f216cfc9000-7f216cfd0000 r--p 00000000 00:1c 72648                      /usr/lib/libcloudproviders.so.0.4.0
7f216cfd0000-7f216cfda000 r-xp 00007000 00:1c 72648                      /usr/lib/libcloudproviders.so.0.4.0
7f216cfda000-7f216cfdf000 r--p 00011000 00:1c 72648                      /usr/lib/libcloudproviders.so.0.4.0
7f216cfdf000-7f216cfe0000 r--p 00016000 00:1c 72648                      /usr/lib/libcloudproviders.so.0.4.0
7f216cfe0000-7f216cfe1000 rw-p 00017000 00:1c 72648                      /usr/lib/libcloudproviders.so.0.4.0
7f216cfe1000-7f216cfec000 r--p 00000000 00:1c 895636                     /usr/lib/libatk-bridge-2.0.so.0.0.0
7f216cfec000-7f216d005000 r-xp 0000b000 00:1c 895636                     /usr/lib/libatk-bridge-2.0.so.0.0.0
7f216d005000-7f216d019000 r--p 00024000 00:1c 895636                     /usr/lib/libatk-bridge-2.0.so.0.0.0
7f216d019000-7f216d01b000 r--p 00037000 00:1c 895636                     /usr/lib/libatk-bridge-2.0.so.0.0.0
7f216d01b000-7f216d01d000 rw-p 00039000 00:1c 895636                     /usr/lib/libatk-bridge-2.0.so.0.0.0
7f216d01d000-7f216d067000 r--p 00000000 00:1c 72736                      /usr/lib/libepoxy.so.0.0.0
7f216d067000-7f216d0cd000 r-xp 0004a000 00:1c 72736                      /usr/lib/libepoxy.so.0.0.0
7f216d0cd000-7f216d11b000 r--p 000b0000 00:1c 72736                      /usr/lib/libepoxy.so.0.0.0
7f216d11b000-7f216d123000 r--p 000fd000 00:1c 72736                      /usr/lib/libepoxy.so.0.0.0
7f216d123000-7f216d12a000 rw-p 00105000 00:1c 72736                      /usr/lib/libepoxy.so.0.0.0
7f216d12a000-7f216d132000 r--p 00000000 00:1c 895633                     /usr/lib/libatk-1.0.so.0.25813.1
7f216d132000-7f216d141000 r-xp 00008000 00:1c 895633                     /usr/lib/libatk-1.0.so.0.25813.1
7f216d141000-7f216d14c000 r--p 00017000 00:1c 895633                     /usr/lib/libatk-1.0.so.0.25813.1
7f216d14c000-7f216d14f000 r--p 00022000 00:1c 895633                     /usr/lib/libatk-1.0.so.0.25813.1
7f216d14f000-7f216d150000 rw-p 00025000 00:1c 895633                     /usr/lib/libatk-1.0.so.0.25813.1
7f216d150000-7f216d157000 r--p 00000000 00:1c 72516                      /usr/lib/libgdk_pixbuf-2.0.so.0.4400.4
7f216d157000-7f216d178000 r-xp 00007000 00:1c 72516                      /usr/lib/libgdk_pixbuf-2.0.so.0.4400.4
7f216d178000-7f216d185000 r--p 00028000 00:1c 72516                      /usr/lib/libgdk_pixbuf-2.0.so.0.4400.4
7f216d185000-7f216d187000 r--p 00034000 00:1c 72516                      /usr/lib/libgdk_pixbuf-2.0.so.0.4400.4
7f216d187000-7f216d188000 rw-p 00036000 00:1c 72516                      /usr/lib/libgdk_pixbuf-2.0.so.0.4400.4
7f216d188000-7f216d18a000 r--p 00000000 00:1c 71490                      /usr/lib/libfribidi.so.0.4.0
7f216d18a000-7f216d18f000 r-xp 00002000 00:1c 71490                      /usr/lib/libfribidi.so.0.4.0
7f216d18f000-7f216d1a6000 r--p 00007000 00:1c 71490                      /usr/lib/libfribidi.so.0.4.0
7f216d1a6000-7f216d1a7000 r--p 0001d000 00:1c 71490                      /usr/lib/libfribidi.so.0.4.0
7f216d1a7000-7f216d1a8000 rw-p 0001e000 00:1c 71490                      /usr/lib/libfribidi.so.0.4.0
7f216d1a8000-7f216d1ae000 r--p 00000000 00:1c 71020                      /usr/lib/libfontconfig.so.1.16.0
7f216d1ae000-7f216d1df000 r-xp 00006000 00:1c 71020                      /usr/lib/libfontconfig.so.1.16.0
7f216d1df000-7f216d1f6000 r--p 00037000 00:1c 71020                      /usr/lib/libfontconfig.so.1.16.0
7f216d1f6000-7f216d1f8000 r--p 0004d000 00:1c 71020                      /usr/lib/libfontconfig.so.1.16.0
7f216d1f8000-7f216d1f9000 rw-p 0004f000 00:1c 71020                      /usr/lib/libfontconfig.so.1.16.0
7f216d1f9000-7f216d201000 r--p 00000000 00:1c 895951                     /usr/lib/libpangoft2-1.0.so.0.5701.0
7f216d201000-7f216d210000 r-xp 00008000 00:1c 895951                     /usr/lib/libpangoft2-1.0.so.0.5701.0
7f216d210000-7f216d215000 r--p 00017000 00:1c 895951                     /usr/lib/libpangoft2-1.0.so.0.5701.0
7f216d215000-7f216d216000 r--p 0001c000 00:1c 895951                     /usr/lib/libpangoft2-1.0.so.0.5701.0
7f216d216000-7f216d217000 rw-p 0001d000 00:1c 895951                     /usr/lib/libpangoft2-1.0.so.0.5701.0
7f216d217000-7f216d225000 r--p 00000000 00:1c 71430                      /usr/lib/libcairo.so.2.11804.4
7f216d225000-7f216d318000 r-xp 0000e000 00:1c 71430                      /usr/lib/libcairo.so.2.11804.4
7f216d318000-7f216d34d000 r--p 00101000 00:1c 71430                      /usr/lib/libcairo.so.2.11804.4
7f216d34d000-7f216d351000 r--p 00136000 00:1c 71430                      /usr/lib/libcairo.so.2.11804.4
7f216d351000-7f216d353000 rw-p 0013a000 00:1c 71430                      /usr/lib/libcairo.so.2.11804.4
7f216d353000-7f216d354000 rw-p 00000000 00:00 0 
7f216d354000-7f216d362000 r--p 00000000 00:1c 895945                     /usr/lib/libpango-1.0.so.0.5701.0
7f216d362000-7f216d3a0000 r-xp 0000e000 00:1c 895945                     /usr/lib/libpango-1.0.so.0.5701.0
7f216d3a0000-7f216d3ba000 r--p 0004c000 00:1c 895945                     /usr/lib/libpango-1.0.so.0.5701.0
7f216d3ba000-7f216d3be000 r--p 00065000 00:1c 895945                     /usr/lib/libpango-1.0.so.0.5701.0
7f216d3be000-7f216d3bf000 rw-p 00069000 00:1c 895945                     /usr/lib/libpango-1.0.so.0.5701.0
7f216d3bf000-7f216d3c4000 r--p 00000000 00:1c 895948                     /usr/lib/libpangocairo-1.0.so.0.5701.0
7f216d3c4000-7f216d3cc000 r-xp 00005000 00:1c 895948                     /usr/lib/libpangocairo-1.0.so.0.5701.0
7f216d3cc000-7f216d3ce000 r--p 0000d000 00:1c 895948                     /usr/lib/libpangocairo-1.0.so.0.5701.0
7f216d3ce000-7f216d3cf000 r--p 0000f000 00:1c 895948                     /usr/lib/libpangocairo-1.0.so.0.5701.0
7f216d3cf000-7f216d3d0000 rw-p 00010000 00:1c 895948                     /usr/lib/libpangocairo-1.0.so.0.5701.0
7f216d3d0000-7f216d402000 r--p 00000000 00:1c 494623                     /usr/lib/libgio-2.0.so.0.8600.4
7f216d402000-7f216d520000 r-xp 00032000 00:1c 494623                     /usr/lib/libgio-2.0.so.0.8600.4
7f216d520000-7f216d595000 r--p 00150000 00:1c 494623                     /usr/lib/libgio-2.0.so.0.8600.4
7f216d595000-7f216d59e000 r--p 001c4000 00:1c 494623                     /usr/lib/libgio-2.0.so.0.8600.4
7f216d59e000-7f216d59f000 rw-p 001cd000 00:1c 494623                     /usr/lib/libgio-2.0.so.0.8600.4
7f216d59f000-7f216d5a1000 rw-p 00000000 00:00 0 
7f216d5a1000-7f216d5ad000 r--p 00000000 00:1c 494639                     /usr/lib/libgobject-2.0.so.0.8600.4
7f216d5ad000-7f216d5e4000 r-xp 0000c000 00:1c 494639                     /usr/lib/libgobject-2.0.so.0.8600.4
7f216d5e4000-7f216d5fc000 r--p 00043000 00:1c 494639                     /usr/lib/libgobject-2.0.so.0.8600.4
7f216d5fc000-7f216d5ff000 r--p 0005b000 00:1c 494639                     /usr/lib/libgobject-2.0.so.0.8600.4
7f216d5ff000-7f216d600000 rw-p 0005e000 00:1c 494639                     /usr/lib/libgobject-2.0.so.0.8600.4
7f216d600000-7f216d670000 r--p 00000000 00:1c 897740                     /usr/lib/libgtk-3.so.0.2420.32
7f216d670000-7f216da27000 r-xp 00070000 00:1c 897740                     /usr/lib/libgtk-3.so.0.2420.32
7f216da27000-7f216dce5000 r--p 00427000 00:1c 897740                     /usr/lib/libgtk-3.so.0.2420.32
7f216dce5000-7f216dcf7000 r--p 006e5000 00:1c 897740                     /usr/lib/libgtk-3.so.0.2420.32
7f216dcf7000-7f216dcf9000 rw-p 006f7000 00:1c 897740                     /usr/lib/libgtk-3.so.0.2420.32
7f216dcf9000-7f216dcfe000 rw-p 00000000 00:00 0 
7f216dcff000-7f216dd01000 r--p 00000000 00:1c 71424                      /usr/lib/libcairo-gobject.so.2.11804.4
7f216dd01000-7f216dd03000 r-xp 00002000 00:1c 71424                      /usr/lib/libcairo-gobject.so.2.11804.4
7f216dd03000-7f216dd05000 r--p 00004000 00:1c 71424                      /usr/lib/libcairo-gobject.so.2.11804.4
7f216dd05000-7f216dd07000 r--p 00006000 00:1c 71424                      /usr/lib/libcairo-gobject.so.2.11804.4
7f216dd07000-7f216dd08000 rw-p 00008000 00:1c 71424                      /usr/lib/libcairo-gobject.so.2.11804.4
7f216dd08000-7f216dd0a000 r--p 00000000 00:1c 494635                     /usr/lib/libgmodule-2.0.so.0.8600.4
7f216dd0a000-7f216dd0c000 r-xp 00002000 00:1c 494635                     /usr/lib/libgmodule-2.0.so.0.8600.4
7f216dd0c000-7f216dd0d000 r--p 00004000 00:1c 494635                     /usr/lib/libgmodule-2.0.so.0.8600.4
7f216dd0d000-7f216dd0e000 r--p 00004000 00:1c 494635                     /usr/lib/libgmodule-2.0.so.0.8600.4
7f216dd0e000-7f216dd0f000 rw-p 00005000 00:1c 494635                     /usr/lib/libgmodule-2.0.so.0.8600.4
7f216dd0f000-7f216dd2c000 r--p 00000000 00:1c 897737                     /usr/lib/libgdk-3.so.0.2420.32
7f216dd2c000-7f216ddae000 r-xp 0001d000 00:1c 897737                     /usr/lib/libgdk-3.so.0.2420.32
7f216ddae000-7f216ddf0000 r--p 0009f000 00:1c 897737                     /usr/lib/libgdk-3.so.0.2420.32
7f216ddf0000-7f216ddfa000 r--p 000e0000 00:1c 897737                     /usr/lib/libgdk-3.so.0.2420.32
7f216ddfa000-7f216ddfc000 rw-p 000ea000 00:1c 897737                     /usr/lib/libgdk-3.so.0.2420.32
7f216ddfc000-7f216ddfd000 r--p 00000000 00:1c 312124                     /usr/lib/libXcomposite.so.1.0.0
7f216ddfd000-7f216ddfe000 r-xp 00001000 00:1c 312124                     /usr/lib/libXcomposite.so.1.0.0
7f216ddfe000-7f216ddff000 r--p 00002000 00:1c 312124                     /usr/lib/libXcomposite.so.1.0.0
7f216ddff000-7f216de00000 r--p 00002000 00:1c 312124                     /usr/lib/libXcomposite.so.1.0.0
7f216de00000-7f216de01000 rw-p 00003000 00:1c 312124                     /usr/lib/libXcomposite.so.1.0.0
7f216de01000-7f216de02000 rw-p 00000000 00:00 0 
7f216de02000-7f216de06000 ---p 00000000 00:00 0 
7f216de06000-7f216df03000 rw-p 00000000 00:00 0 
7f216df03000-7f216df07000 ---p 00000000 00:00 0 
7f216df07000-7f216e003000 rw-p 00000000 00:00 0 
7f216e003000-7f216e005000 r--p 00000000 00:1c 56232                      /usr/lib/libXfixes.so.3.1.0
7f216e005000-7f216e008000 r-xp 00002000 00:1c 56232                      /usr/lib/libXfixes.so.3.1.0
7f216e008000-7f216e009000 r--p 00005000 00:1c 56232                      /usr/lib/libXfixes.so.3.1.0
7f216e009000-7f216e00a000 r--p 00005000 00:1c 56232                      /usr/lib/libXfixes.so.3.1.0
7f216e00a000-7f216e00b000 rw-p 00006000 00:1c 56232                      /usr/lib/libXfixes.so.3.1.0
7f216e00b000-7f216e00e000 r--p 00000000 00:1c 72771                      /usr/lib/libXcursor.so.1.0.2
7f216e00e000-7f216e014000 r-xp 00003000 00:1c 72771                      /usr/lib/libXcursor.so.1.0.2
7f216e014000-7f216e016000 r--p 00009000 00:1c 72771                      /usr/lib/libXcursor.so.1.0.2
7f216e016000-7f216e017000 r--p 0000a000 00:1c 72771                      /usr/lib/libXcursor.so.1.0.2
7f216e017000-7f216e018000 rw-p 0000b000 00:1c 72771                      /usr/lib/libXcursor.so.1.0.2
7f216e018000-7f216e019000 r--p 00000000 00:1c 311625                     /usr/lib/libbrotlicommon.so.1.2.0
7f216e019000-7f216e01a000 r-xp 00001000 00:1c 311625                     /usr/lib/libbrotlicommon.so.1.2.0
7f216e01a000-7f216e039000 r--p 00002000 00:1c 311625                     /usr/lib/libbrotlicommon.so.1.2.0
7f216e039000-7f216e03a000 r--p 00021000 00:1c 311625                     /usr/lib/libbrotlicommon.so.1.2.0
7f216e03a000-7f216e03b000 rw-p 00022000 00:1c 311625                     /usr/lib/libbrotlicommon.so.1.2.0
7f216e03b000-7f216e03e000 r--p 00000000 00:1c 18582                      /usr/lib/libpcre2-8.so.0.15.0
7f216e03e000-7f216e0bc000 r-xp 00003000 00:1c 18582                      /usr/lib/libpcre2-8.so.0.15.0
7f216e0bc000-7f216e0e7000 r--p 00081000 00:1c 18582                      /usr/lib/libpcre2-8.so.0.15.0
7f216e0e7000-7f216e0e8000 r--p 000ab000 00:1c 18582                      /usr/lib/libpcre2-8.so.0.15.0
7f216e0e8000-7f216e0e9000 rw-p 000ac000 00:1c 18582                      /usr/lib/libpcre2-8.so.0.15.0
7f216e0e9000-7f216e0ea000 r--p 00000000 00:1c 311628                     /usr/lib/libbrotlidec.so.1.2.0
7f216e0ea000-7f216e0f3000 r-xp 00001000 00:1c 311628                     /usr/lib/libbrotlidec.so.1.2.0
7f216e0f3000-7f216e0f6000 r--p 0000a000 00:1c 311628                     /usr/lib/libbrotlidec.so.1.2.0
7f216e0f6000-7f216e0f7000 r--p 0000c000 00:1c 311628                     /usr/lib/libbrotlidec.so.1.2.0
7f216e0f7000-7f216e0f8000 rw-p 0000d000 00:1c 311628                     /usr/lib/libbrotlidec.so.1.2.0
7f216e0f8000-7f216e0fe000 r--p 00000000 00:1c 496171                     /usr/lib/libpng16.so.16.55.0
7f216e0fe000-7f216e128000 r-xp 00006000 00:1c 496171                     /usr/lib/libpng16.so.16.55.0
7f216e128000-7f216e131000 r--p 00030000 00:1c 496171                     /usr/lib/libpng16.so.16.55.0
7f216e131000-7f216e132000 r--p 00039000 00:1c 496171                     /usr/lib/libpng16.so.16.55.0
7f216e132000-7f216e133000 rw-p 0003a000 00:1c 496171                     /usr/lib/libpng16.so.16.55.0
7f216e133000-7f216e135000 r--p 00000000 00:1c 498274                     /usr/lib/libgraphite2.so.3.2.1
7f216e135000-7f216e14e000 r-xp 00002000 00:1c 498274                     /usr/lib/libgraphite2.so.3.2.1
7f216e14e000-7f216e153000 r--p 0001b000 00:1c 498274                     /usr/lib/libgraphite2.so.3.2.1
7f216e153000-7f216e155000 r--p 0001f000 00:1c 498274                     /usr/lib/libgraphite2.so.3.2.1
7f216e155000-7f216e156000 rw-p 00021000 00:1c 498274                     /usr/lib/libgraphite2.so.3.2.1
7f216e156000-7f216e174000 r--p 00000000 00:1c 494631                     /usr/lib/libglib-2.0.so.0.8600.4
7f216e174000-7f216e21b000 r-xp 0001e000 00:1c 494631                     /usr/lib/libglib-2.0.so.0.8600.4
7f216e21b000-7f216e2ab000 r--p 000c5000 00:1c 494631                     /usr/lib/libglib-2.0.so.0.8600.4
7f216e2ab000-7f216e2ac000 r--p 00155000 00:1c 494631                     /usr/lib/libglib-2.0.so.0.8600.4
7f216e2ac000-7f216e2ad000 rw-p 00156000 00:1c 494631                     /usr/lib/libglib-2.0.so.0.8600.4
7f216e2ad000-7f216e2ae000 rw-p 00000000 00:00 0 
7f216e2ae000-7f216e2b4000 r--p 00000000 00:1c 895818                     /usr/lib/libfreetype.so.6.20.6
7f216e2b4000-7f216e34c000 r-xp 00006000 00:1c 895818                     /usr/lib/libfreetype.so.6.20.6
7f216e34c000-7f216e375000 r--p 0009e000 00:1c 895818                     /usr/lib/libfreetype.so.6.20.6
7f216e375000-7f216e37d000 r--p 000c6000 00:1c 895818                     /usr/lib/libfreetype.so.6.20.6
7f216e37d000-7f216e37e000 rw-p 000ce000 00:1c 895818                     /usr/lib/libfreetype.so.6.20.6
7f216e37e000-7f216e38b000 r--p 00000000 00:1c 895884                     /usr/lib/libharfbuzz.so.0.61321.0
7f216e38b000-7f216e477000 r-xp 0000d000 00:1c 895884                     /usr/lib/libharfbuzz.so.0.61321.0
7f216e477000-7f216e4a7000 r--p 000f9000 00:1c 895884                     /usr/lib/libharfbuzz.so.0.61321.0
7f216e4a7000-7f216e4a9000 r--p 00128000 00:1c 895884                     /usr/lib/libharfbuzz.so.0.61321.0
7f216e4a9000-7f216e4aa000 rw-p 0012a000 00:1c 895884                     /usr/lib/libharfbuzz.so.0.61321.0
7f216e4b0000-7f216e4b8000 r--s 00000000 00:1c 136395                     /home/domplin/.cache/fontconfig/a9166a13c4a4e072c9ea2dae19ae425f-le64.cache-9
7f216e4b8000-7f216e4be000 r--s 00000000 00:1c 136389                     /home/domplin/.cache/fontconfig/b67b32625a2bb51b023d3814a918f351-le64.cache-9
7f216e4be000-7f216e4c9000 r--s 00000000 00:1c 136377                     /home/domplin/.cache/fontconfig/4b31aef11cb0687b6d280d34cbe23592-le64.cache-9
7f216e4cb000-7f216e4cc000 r--p 00000000 00:1c 904248                     /usr/lib/spa-0.2/support/libspa-journal.so
7f216e4cc000-7f216e4ce000 r-xp 00001000 00:1c 904248                     /usr/lib/spa-0.2/support/libspa-journal.so
7f216e4ce000-7f216e4cf000 r--p 00003000 00:1c 904248                     /usr/lib/spa-0.2/support/libspa-journal.so
7f216e4cf000-7f216e4d0000 r--p 00003000 00:1c 904248                     /usr/lib/spa-0.2/support/libspa-journal.so
7f216e4d0000-7f216e4d1000 rw-p 00004000 00:1c 904248                     /usr/lib/spa-0.2/support/libspa-journal.so
7f216e4d1000-7f216e4d4000 r--s 00000000 00:1c 136381                     /home/domplin/.cache/fontconfig/ec9db0aec63b087e87fa5135389d951c-le64.cache-9
7f216e4d4000-7f216e4d5000 rw-p 00000000 00:00 0 
7f216e4d5000-7f216e4d9000 ---p 00000000 00:00 0 
7f216e4d9000-7f216e5d5000 rw-p 00000000 00:00 0 
7f216e5d5000-7f216e5e1000 r--p 00000000 00:1c 50079                      /usr/lib/libxcb.so.1.1.0
7f216e5e1000-7f216e5f5000 r-xp 0000c000 00:1c 50079                      /usr/lib/libxcb.so.1.1.0
7f216e5f5000-7f216e5fe000 r--p 00020000 00:1c 50079                      /usr/lib/libxcb.so.1.1.0
7f216e5fe000-7f216e5ff000 r--p 00028000 00:1c 50079                      /usr/lib/libxcb.so.1.1.0
7f216e5ff000-7f216e600000 rw-p 00029000 00:1c 50079                      /usr/lib/libxcb.so.1.1.0
7f216e600000-7f216e617000 r--p 00000000 00:1c 496540                     /usr/lib/libX11.so.6.4.0
7f216e617000-7f216e6ac000 r-xp 00017000 00:1c 496540                     /usr/lib/libX11.so.6.4.0
7f216e6ac000-7f216e73b000 r--p 000ac000 00:1c 496540                     /usr/lib/libX11.so.6.4.0
7f216e73b000-7f216e73e000 r--p 0013a000 00:1c 496540                     /usr/lib/libX11.so.6.4.0
7f216e73e000-7f216e742000 rw-p 0013d000 00:1c 496540                     /usr/lib/libX11.so.6.4.0
7f216e742000-7f216e750000 r--p 00000000 00:1c 1073975                    /usr/lib/jvm/java-21-openjdk/lib/libawt_xawt.so
7f216e750000-7f216e799000 r-xp 0000e000 00:1c 1073975                    /usr/lib/jvm/java-21-openjdk/lib/libawt_xawt.so
7f216e799000-7f216e7ad000 r--p 00057000 00:1c 1073975                    /usr/lib/jvm/java-21-openjdk/lib/libawt_xawt.so
7f216e7ad000-7f216e7af000 r--p 0006b000 00:1c 1073975                    /usr/lib/jvm/java-21-openjdk/lib/libawt_xawt.so
7f216e7af000-7f216e7b1000 rw-p 0006d000 00:1c 1073975                    /usr/lib/jvm/java-21-openjdk/lib/libawt_xawt.so
7f216e7b1000-7f216e7b3000 rw-p 00000000 00:00 0 
7f216e7b3000-7f216e7b8000 r--p 00000000 00:1c 1073973                    /usr/lib/jvm/java-21-openjdk/lib/libawt.so
7f216e7b8000-7f216e855000 r-xp 00005000 00:1c 1073973                    /usr/lib/jvm/java-21-openjdk/lib/libawt.so
7f216e855000-7f216e862000 r--p 000a2000 00:1c 1073973                    /usr/lib/jvm/java-21-openjdk/lib/libawt.so
7f216e862000-7f216e863000 r--p 000ae000 00:1c 1073973                    /usr/lib/jvm/java-21-openjdk/lib/libawt.so
7f216e863000-7f216e86e000 rw-p 000af000 00:1c 1073973                    /usr/lib/jvm/java-21-openjdk/lib/libawt.so
7f216e86e000-7f216e893000 rw-p 00000000 00:00 0 
7f216e893000-7f216e894000 rw-p 00000000 00:00 0 
7f216e894000-7f216e898000 ---p 00000000 00:00 0 
7f216e898000-7f216e995000 rw-p 00000000 00:00 0 
7f216e995000-7f216e999000 ---p 00000000 00:00 0 
7f216e999000-7f216ea96000 rw-p 00000000 00:00 0 
7f216ea96000-7f216ea9a000 ---p 00000000 00:00 0 
7f216ea9a000-7f216eb97000 rw-p 00000000 00:00 0 
7f216eb97000-7f216eb9b000 ---p 00000000 00:00 0 
7f216eb9b000-7f216ec98000 rw-p 00000000 00:00 0 
7f216ec98000-7f216ec9c000 ---p 00000000 00:00 0 
7f216ec9c000-7f216ed98000 rw-p 00000000 00:00 0 
7f216ed98000-7f216ed9c000 r--p 00000000 00:1c 894260                     /usr/lib/libnss_mymachines.so.2
7f216ed9c000-7f216ede4000 r-xp 00004000 00:1c 894260                     /usr/lib/libnss_mymachines.so.2
7f216ede4000-7f216edfa000 r--p 0004c000 00:1c 894260                     /usr/lib/libnss_mymachines.so.2
7f216edfa000-7f216edfd000 r--p 00062000 00:1c 894260                     /usr/lib/libnss_mymachines.so.2
7f216edfd000-7f216edfe000 rw-p 00065000 00:1c 894260                     /usr/lib/libnss_mymachines.so.2
7f216edfe000-7f216edff000 rw-p 00000000 00:00 0 
7f216edff000-7f216ee03000 ---p 00000000 00:00 0 
7f216ee03000-7f216ef00000 rw-p 00000000 00:00 0 
7f216ef00000-7f216ef04000 ---p 00000000 00:00 0 
7f216ef04000-7f216f000000 rw-p 00000000 00:00 0 
7f216f000000-7f216fc9b000 rw-p 00001000 00:1c 1074018                    /usr/lib/jvm/java-21-openjdk/lib/server/classes.jsa
7f216fc9b000-7f2170000000 ---p 00000000 00:00 0 
7f2170000000-7f2170040000 rw-p 00000000 00:00 0 
7f2170040000-7f2170080000 rw-p 00000000 00:00 0 
7f2170080000-7f21b0000000 ---p 00000000 00:00 0 
7f21b0000000-7f21b0021000 rw-p 00000000 00:00 0 
7f21b0021000-7f21b4000000 ---p 00000000 00:00 0 
7f21b4000000-7f21b4021000 rw-p 00000000 00:00 0 
7f21b4021000-7f21b8000000 ---p 00000000 00:00 0 
7f21b8000000-7f21b8021000 rw-p 00000000 00:00 0 
7f21b8021000-7f21bc000000 ---p 00000000 00:00 0 
7f21bc000000-7f21bc021000 rw-p 00000000 00:00 0 
7f21bc021000-7f21c0000000 ---p 00000000 00:00 0 
7f21c0000000-7f21c0021000 rw-p 00000000 00:00 0 
7f21c0021000-7f21c4000000 ---p 00000000 00:00 0 
7f21c4000000-7f21c4002000 r--p 00000000 00:1c 18306                      /usr/lib/libbz2.so.1.0.8
7f21c4002000-7f21c400f000 r-xp 00002000 00:1c 18306                      /usr/lib/libbz2.so.1.0.8
7f21c400f000-7f21c4011000 r--p 0000f000 00:1c 18306                      /usr/lib/libbz2.so.1.0.8
7f21c4011000-7f21c4012000 r--p 00010000 00:1c 18306                      /usr/lib/libbz2.so.1.0.8
7f21c4012000-7f21c4013000 rw-p 00011000 00:1c 18306                      /usr/lib/libbz2.so.1.0.8
7f21c4013000-7f21c4016000 r--p 00000000 00:1c 1073978                    /usr/lib/jvm/java-21-openjdk/lib/libfontmanager.so
7f21c4016000-7f21c401e000 r-xp 00003000 00:1c 1073978                    /usr/lib/jvm/java-21-openjdk/lib/libfontmanager.so
7f21c401e000-7f21c4020000 r--p 0000b000 00:1c 1073978                    /usr/lib/jvm/java-21-openjdk/lib/libfontmanager.so
7f21c4020000-7f21c4021000 r--p 0000c000 00:1c 1073978                    /usr/lib/jvm/java-21-openjdk/lib/libfontmanager.so
7f21c4021000-7f21c4022000 rw-p 0000d000 00:1c 1073978                    /usr/lib/jvm/java-21-openjdk/lib/libfontmanager.so
7f21c4022000-7f21c4024000 r--p 00000000 00:1c 49941                      /usr/lib/libXdmcp.so.6.0.0
7f21c4024000-7f21c4026000 r-xp 00002000 00:1c 49941                      /usr/lib/libXdmcp.so.6.0.0
7f21c4026000-7f21c4028000 r--p 00004000 00:1c 49941                      /usr/lib/libXdmcp.so.6.0.0
7f21c4028000-7f21c4029000 r--p 00005000 00:1c 49941                      /usr/lib/libXdmcp.so.6.0.0
7f21c4029000-7f21c402a000 rw-p 00006000 00:1c 49941                      /usr/lib/libXdmcp.so.6.0.0
7f21c402a000-7f21c402f000 r--p 00000000 00:1c 1073992                    /usr/lib/jvm/java-21-openjdk/lib/libjsvml.so
7f21c402f000-7f21c4070000 r-xp 00005000 00:1c 1073992                    /usr/lib/jvm/java-21-openjdk/lib/libjsvml.so
7f21c4070000-7f21c40f9000 r--p 00046000 00:1c 1073992                    /usr/lib/jvm/java-21-openjdk/lib/libjsvml.so
7f21c40f9000-7f21c40fa000 r--p 000ce000 00:1c 1073992                    /usr/lib/jvm/java-21-openjdk/lib/libjsvml.so
7f21c40fa000-7f21c40fb000 rw-p 000cf000 00:1c 1073992                    /usr/lib/jvm/java-21-openjdk/lib/libjsvml.so
7f21c40fb000-7f21c40fc000 rw-p 00000000 00:00 0 
7f21c40fc000-7f21c4100000 ---p 00000000 00:00 0 
7f21c4100000-7f21c41fd000 rw-p 00000000 00:00 0 
7f21c41fd000-7f21c4201000 ---p 00000000 00:00 0 
7f21c4201000-7f21c42fe000 rw-p 00000000 00:00 0 
7f21c42fe000-7f21c4302000 ---p 00000000 00:00 0 
7f21c4302000-7f21c43ff000 rw-p 00000000 00:00 0 
7f21c43ff000-7f21c4403000 ---p 00000000 00:00 0 
7f21c4403000-7f21c4500000 rw-p 00000000 00:00 0 
7f21c4500000-7f21c4504000 ---p 00000000 00:00 0 
7f21c4504000-7f21c4600000 rw-p 00000000 00:00 0 
7f21c4600000-7f21c48ed000 r--p 00000000 00:1c 490304                     /usr/lib/locale/locale-archive
7f21c48f1000-7f21c48f4000 r--p 00000000 00:1c 56245                      /usr/lib/libXi.so.6.1.0
7f21c48f4000-7f21c4900000 r-xp 00003000 00:1c 56245                      /usr/lib/libXi.so.6.1.0
7f21c4900000-7f21c4902000 r--p 0000f000 00:1c 56245                      /usr/lib/libXi.so.6.1.0
7f21c4902000-7f21c4903000 r--p 00011000 00:1c 56245                      /usr/lib/libXi.so.6.1.0
7f21c4903000-7f21c4904000 rw-p 00012000 00:1c 56245                      /usr/lib/libXi.so.6.1.0
7f21c4904000-7f21c4908000 r--p 00000000 00:1c 311818                     /usr/lib/libXext.so.6.4.0
7f21c4908000-7f21c4913000 r-xp 00004000 00:1c 311818                     /usr/lib/libXext.so.6.4.0
7f21c4913000-7f21c4916000 r--p 0000f000 00:1c 311818                     /usr/lib/libXext.so.6.4.0
7f21c4916000-7f21c4917000 r--p 00011000 00:1c 311818                     /usr/lib/libXext.so.6.4.0
7f21c4917000-7f21c4918000 rw-p 00012000 00:1c 311818                     /usr/lib/libXext.so.6.4.0
7f21c4918000-7f21c4b1a000 rw-p 00000000 00:00 0 
7f21c4b1a000-7f21c4bf6000 rw-p 00000000 00:00 0 
7f21c4bf6000-7f21c4df8000 rw-p 00000000 00:00 0 
7f21c4df8000-7f21c7600000 rw-p 00000000 00:00 0 
7f21c7600000-7f21c7601000 rw-s 00000000 00:01 12386                      /memfd:pipewire-memfd:flags=0x0000000f,type=2,size=4096 (deleted)
7f21c7601000-7f21c7602000 r--p 00000000 00:1c 312182                     /usr/lib/libXinerama.so.1.0.0
7f21c7602000-7f21c7603000 r-xp 00001000 00:1c 312182                     /usr/lib/libXinerama.so.1.0.0
7f21c7603000-7f21c7604000 r--p 00002000 00:1c 312182                     /usr/lib/libXinerama.so.1.0.0
7f21c7604000-7f21c7605000 r--p 00002000 00:1c 312182                     /usr/lib/libXinerama.so.1.0.0
7f21c7605000-7f21c7606000 rw-p 00003000 00:1c 312182                     /usr/lib/libXinerama.so.1.0.0
7f21c7606000-7f21c7609000 r--p 00000000 00:1c 894261                     /usr/lib/libnss_resolve.so.2
7f21c7609000-7f21c7631000 r-xp 00003000 00:1c 894261                     /usr/lib/libnss_resolve.so.2
7f21c7631000-7f21c7645000 r--p 0002b000 00:1c 894261                     /usr/lib/libnss_resolve.so.2
7f21c7645000-7f21c764c000 r--p 0003e000 00:1c 894261                     /usr/lib/libnss_resolve.so.2
7f21c764c000-7f21c764d000 rw-p 00045000 00:1c 894261                     /usr/lib/libnss_resolve.so.2
7f21c764d000-7f21c7f2e000 rw-p 00000000 00:00 0 
7f21c7f2e000-7f21cf44e000 ---p 00000000 00:00 0 
7f21cf44e000-7f21cf55a000 rw-p 00000000 00:00 0 
7f21cf55a000-7f21d03fe000 ---p 00000000 00:00 0 
7f21d03fe000-7f21d0400000 rw-p 00000000 00:00 0 
7f21d0400000-7f21d0670000 rwxp 00000000 00:00 0 
7f21d0670000-7f21d785f000 ---p 00000000 00:00 0 
7f21d785f000-7f21d7acf000 rwxp 00000000 00:00 0 
7f21d7acf000-7f21d7fa0000 ---p 00000000 00:00 0 
7f21d7fa0000-7f21d8210000 rwxp 00000000 00:00 0 
7f21d8210000-7f21df400000 ---p 00000000 00:00 0 
7f21df400000-7f21e7ebc000 r--s 00000000 00:1c 1074009                    /usr/lib/jvm/java-21-openjdk/lib/modules
7f21e7ebc000-7f21e7ebd000 rw-s 00000000 00:01 15382                      /memfd:pipewire-memfd:flags=0x0000000f,type=2,size=2312 (deleted)
7f21e7ebd000-7f21e7ebe000 rw-s 00000000 00:01 12387                      /memfd:pipewire-memfd:flags=0x0000000f,type=2,size=128 (deleted)
7f21e7ebe000-7f21e83f4000 rw-p 00000000 00:00 0 
7f21e83f4000-7f21ec000000 ---p 00000000 00:00 0 
7f21ec000000-7f21ec001000 rw-s 00000000 00:01 12385                      /memfd:pipewire-memfd:flags=0x0000000f,type=2,size=2312 (deleted)
7f21ec001000-7f21ec002000 rw-s 00000000 00:01 5417                       /memfd:pipewire-memfd:flags=0x0000000f,type=2,size=2312 (deleted)
7f21ec002000-7f21ec004000 r--p 00000000 00:1c 1074008                    /usr/lib/jvm/java-21-openjdk/lib/libzip.so
7f21ec004000-7f21ec008000 r-xp 00002000 00:1c 1074008                    /usr/lib/jvm/java-21-openjdk/lib/libzip.so
7f21ec008000-7f21ec00a000 r--p 00006000 00:1c 1074008                    /usr/lib/jvm/java-21-openjdk/lib/libzip.so
7f21ec00a000-7f21ec00b000 r--p 00007000 00:1c 1074008                    /usr/lib/jvm/java-21-openjdk/lib/libzip.so
7f21ec00b000-7f21ec00c000 rw-p 00008000 00:1c 1074008                    /usr/lib/jvm/java-21-openjdk/lib/libzip.so
7f21ec00c000-7f21ec00f000 r--p 00000000 00:1c 1073999                    /usr/lib/jvm/java-21-openjdk/lib/libnet.so
7f21ec00f000-7f21ec017000 r-xp 00003000 00:1c 1073999                    /usr/lib/jvm/java-21-openjdk/lib/libnet.so
7f21ec017000-7f21ec019000 r--p 0000b000 00:1c 1073999                    /usr/lib/jvm/java-21-openjdk/lib/libnet.so
7f21ec019000-7f21ec01a000 r--p 0000c000 00:1c 1073999                    /usr/lib/jvm/java-21-openjdk/lib/libnet.so
7f21ec01a000-7f21ec01b000 rw-p 0000d000 00:1c 1073999                    /usr/lib/jvm/java-21-openjdk/lib/libnet.so
7f21ec01b000-7f21ec022000 r--p 00000000 00:1c 1074000                    /usr/lib/jvm/java-21-openjdk/lib/libnio.so
7f21ec022000-7f21ec02b000 r-xp 00007000 00:1c 1074000                    /usr/lib/jvm/java-21-openjdk/lib/libnio.so
7f21ec02b000-7f21ec02f000 r--p 00010000 00:1c 1074000                    /usr/lib/jvm/java-21-openjdk/lib/libnio.so
7f21ec02f000-7f21ec030000 r--p 00014000 00:1c 1074000                    /usr/lib/jvm/java-21-openjdk/lib/libnio.so
7f21ec030000-7f21ec031000 rw-p 00015000 00:1c 1074000                    /usr/lib/jvm/java-21-openjdk/lib/libnio.so
7f21ec031000-7f21ec839000 rw-p 00000000 00:00 0 
7f21ec839000-7f21ecb3c000 rw-p 00000000 00:00 0 
7f21ecb3c000-7f21ecd76000 rw-p 00000000 00:00 0 
7f21ecd76000-7f21edc1a000 ---p 00000000 00:00 0 
7f21edc1a000-7f21eee33000 rw-p 00000000 00:00 0 
7f21eee33000-7f21eef17000 ---p 00000000 00:00 0 
7f21eef17000-7f21eef1c000 rw-p 00000000 00:00 0 
7f21eef1c000-7f21ef000000 ---p 00000000 00:00 0 
7f21ef000000-7f21ef097000 r--p 00000000 00:1c 490384                     /usr/lib/libstdc++.so.6.0.34
7f21ef097000-7f21ef1ec000 r-xp 00097000 00:1c 490384                     /usr/lib/libstdc++.so.6.0.34
7f21ef1ec000-7f21ef27e000 r--p 001ec000 00:1c 490384                     /usr/lib/libstdc++.so.6.0.34
7f21ef27e000-7f21ef28f000 r--p 0027e000 00:1c 490384                     /usr/lib/libstdc++.so.6.0.34
7f21ef28f000-7f21ef290000 rw-p 0028f000 00:1c 490384                     /usr/lib/libstdc++.so.6.0.34
7f21ef290000-7f21ef294000 rw-p 00000000 00:00 0 
7f21ef294000-7f21ef295000 r--p 00000000 00:1c 49954                      /usr/lib/libXau.so.6.0.0
7f21ef295000-7f21ef296000 r-xp 00001000 00:1c 49954                      /usr/lib/libXau.so.6.0.0
7f21ef296000-7f21ef297000 r--p 00002000 00:1c 49954                      /usr/lib/libXau.so.6.0.0
7f21ef297000-7f21ef298000 r--p 00002000 00:1c 49954                      /usr/lib/libXau.so.6.0.0
7f21ef298000-7f21ef299000 rw-p 00003000 00:1c 49954                      /usr/lib/libXau.so.6.0.0
7f21ef299000-7f21ef29b000 r--p 00000000 00:1c 70674                      /usr/lib/libXtst.so.6.1.0
7f21ef29b000-7f21ef29e000 r-xp 00002000 00:1c 70674                      /usr/lib/libXtst.so.6.1.0
7f21ef29e000-7f21ef29f000 r--p 00005000 00:1c 70674                      /usr/lib/libXtst.so.6.1.0
7f21ef29f000-7f21ef2a0000 r--p 00005000 00:1c 70674                      /usr/lib/libXtst.so.6.1.0
7f21ef2a0000-7f21ef2a1000 rw-p 00006000 00:1c 70674                      /usr/lib/libXtst.so.6.1.0
7f21ef2a1000-7f21ef2e0000 rw-p 00000000 00:00 0 
7f21ef2e0000-7f21ef2ea000 r--p 00000000 00:1c 1073984                    /usr/lib/jvm/java-21-openjdk/lib/libjava.so
7f21ef2ea000-7f21ef2f8000 r-xp 0000a000 00:1c 1073984                    /usr/lib/jvm/java-21-openjdk/lib/libjava.so
7f21ef2f8000-7f21ef2fd000 r--p 00018000 00:1c 1073984                    /usr/lib/jvm/java-21-openjdk/lib/libjava.so
7f21ef2fd000-7f21ef2fe000 r--p 0001d000 00:1c 1073984                    /usr/lib/jvm/java-21-openjdk/lib/libjava.so
7f21ef2fe000-7f21ef2ff000 rw-p 0001e000 00:1c 1073984                    /usr/lib/jvm/java-21-openjdk/lib/libjava.so
7f21ef2ff000-7f21ef300000 rw-p 00000000 00:00 0 
7f21ef300000-7f21ef304000 ---p 00000000 00:00 0 
7f21ef304000-7f21ef400000 rw-p 00000000 00:00 0 
7f21ef400000-7f21ef410000 r--p 00000000 00:1c 1074021                    /usr/lib/jvm/java-21-openjdk/lib/server/libjvm.so
7f21ef410000-7f21f0316000 r-xp 00010000 00:1c 1074021                    /usr/lib/jvm/java-21-openjdk/lib/server/libjvm.so
7f21f0316000-7f21f05ef000 r--p 00f16000 00:1c 1074021                    /usr/lib/jvm/java-21-openjdk/lib/server/libjvm.so
7f21f05ef000-7f21f06c5000 r--p 011ef000 00:1c 1074021                    /usr/lib/jvm/java-21-openjdk/lib/server/libjvm.so
7f21f06c5000-7f21f06f5000 rw-p 012c5000 00:1c 1074021                    /usr/lib/jvm/java-21-openjdk/lib/server/libjvm.so
7f21f06f5000-7f21f075b000 rw-p 00000000 00:00 0 
7f21f075b000-7f21f075c000 r--s 00000000 00:1c 136373                     /home/domplin/.cache/fontconfig/441b37ec13a620de2cf1f30c8f997016-le64.cache-9
7f21f075c000-7f21f075d000 rw-p 00000000 00:00 0 
7f21f075d000-7f21f075f000 r--p 00000000 00:1c 71379                      /usr/lib/libXrender.so.1.3.0
7f21f075f000-7f21f0766000 r-xp 00002000 00:1c 71379                      /usr/lib/libXrender.so.1.3.0
7f21f0766000-7f21f0767000 r--p 00009000 00:1c 71379                      /usr/lib/libXrender.so.1.3.0
7f21f0767000-7f21f0768000 r--p 00009000 00:1c 71379                      /usr/lib/libXrender.so.1.3.0
7f21f0768000-7f21f0769000 rw-p 0000a000 00:1c 71379                      /usr/lib/libXrender.so.1.3.0
7f21f0769000-7f21f076a000 r--p 00000000 00:1c 209844                     /usr/lib/libnss_mdns_minimal.so.2
7f21f076a000-7f21f076c000 r-xp 00001000 00:1c 209844                     /usr/lib/libnss_mdns_minimal.so.2
7f21f076c000-7f21f076d000 r--p 00003000 00:1c 209844                     /usr/lib/libnss_mdns_minimal.so.2
7f21f076d000-7f21f076e000 r--p 00003000 00:1c 209844                     /usr/lib/libnss_mdns_minimal.so.2
7f21f076e000-7f21f076f000 rw-p 00004000 00:1c 209844                     /usr/lib/libnss_mdns_minimal.so.2
7f21f076f000-7f21f0771000 r--p 00000000 00:1c 1073976                    /usr/lib/jvm/java-21-openjdk/lib/libdt_socket.so
7f21f0771000-7f21f0774000 r-xp 00002000 00:1c 1073976                    /usr/lib/jvm/java-21-openjdk/lib/libdt_socket.so
7f21f0774000-7f21f0775000 r--p 00005000 00:1c 1073976                    /usr/lib/jvm/java-21-openjdk/lib/libdt_socket.so
7f21f0775000-7f21f0776000 r--p 00006000 00:1c 1073976                    /usr/lib/jvm/java-21-openjdk/lib/libdt_socket.so
7f21f0776000-7f21f0777000 rw-p 00007000 00:1c 1073976                    /usr/lib/jvm/java-21-openjdk/lib/libdt_socket.so
7f21f0777000-7f21f0779000 r--p 00000000 00:1c 1073987                    /usr/lib/jvm/java-21-openjdk/lib/libjdwp.so
7f21f0779000-7f21f07aa000 r-xp 00002000 00:1c 1073987                    /usr/lib/jvm/java-21-openjdk/lib/libjdwp.so
7f21f07aa000-7f21f07b9000 r--p 00033000 00:1c 1073987                    /usr/lib/jvm/java-21-openjdk/lib/libjdwp.so
7f21f07b9000-7f21f07ba000 r--p 00041000 00:1c 1073987                    /usr/lib/jvm/java-21-openjdk/lib/libjdwp.so
7f21f07ba000-7f21f07bb000 rw-p 00042000 00:1c 1073987                    /usr/lib/jvm/java-21-openjdk/lib/libjdwp.so
7f21f07bb000-7f21f07bc000 rw-p 00000000 00:00 0 
7f21f07bc000-7f21f07c0000 r--p 00000000 00:1c 490338                     /usr/lib/libgcc_s.so.1
7f21f07c0000-7f21f07e3000 r-xp 00004000 00:1c 490338                     /usr/lib/libgcc_s.so.1
7f21f07e3000-7f21f07e7000 r--p 00027000 00:1c 490338                     /usr/lib/libgcc_s.so.1
7f21f07e7000-7f21f07e8000 r--p 0002a000 00:1c 490338                     /usr/lib/libgcc_s.so.1
7f21f07e8000-7f21f07e9000 rw-p 0002b000 00:1c 490338                     /usr/lib/libgcc_s.so.1
7f21f07e9000-7f21f07f9000 r--p 00000000 00:1c 489595                     /usr/lib/libm.so.6
7f21f07f9000-7f21f0890000 r-xp 00010000 00:1c 489595                     /usr/lib/libm.so.6
7f21f0890000-7f21f0905000 r--p 000a7000 00:1c 489595                     /usr/lib/libm.so.6
7f21f0905000-7f21f0906000 r--p 0011b000 00:1c 489595                     /usr/lib/libm.so.6
7f21f0906000-7f21f0907000 rw-p 0011c000 00:1c 489595                     /usr/lib/libm.so.6
7f21f0907000-7f21f090a000 rw-p 00000000 00:00 0 
7f21f090a000-7f21f090d000 r--p 00000000 00:1c 894233                     /usr/lib/libz.so.1.3.2
7f21f090d000-7f21f091d000 r-xp 00003000 00:1c 894233                     /usr/lib/libz.so.1.3.2
7f21f091d000-7f21f0923000 r--p 00013000 00:1c 894233                     /usr/lib/libz.so.1.3.2
7f21f0923000-7f21f0924000 r--p 00018000 00:1c 894233                     /usr/lib/libz.so.1.3.2
7f21f0924000-7f21f0925000 rw-p 00019000 00:1c 894233                     /usr/lib/libz.so.1.3.2
7f21f0925000-7f21f0949000 r--p 00000000 00:1c 489585                     /usr/lib/libc.so.6
7f21f0949000-7f21f0aba000 r-xp 00024000 00:1c 489585                     /usr/lib/libc.so.6
7f21f0aba000-7f21f0b08000 r--p 00195000 00:1c 489585                     /usr/lib/libc.so.6
7f21f0b08000-7f21f0b0c000 r--p 001e2000 00:1c 489585                     /usr/lib/libc.so.6
7f21f0b0c000-7f21f0b0e000 rw-p 001e6000 00:1c 489585                     /usr/lib/libc.so.6
7f21f0b0e000-7f21f0b16000 rw-p 00000000 00:00 0 
7f21f0b16000-7f21f0b17000 rw-p 00000000 00:00 0 
7f21f0b17000-7f21f0b18000 r--p 00000000 00:1c 897842                     /usr/share/locale/en/LC_MESSAGES/gtk30-properties.mo
7f21f0b18000-7f21f0b19000 r--p 00000000 00:1c 897843                     /usr/share/locale/en/LC_MESSAGES/gtk30.mo
7f21f0b19000-7f21f0b20000 r--s 00000000 00:1c 490307                     /usr/lib/gconv/gconv-modules.cache
7f21f0b20000-7f21f0b25000 rw-p 00000000 00:00 0 
7f21f0b25000-7f21f0b2f000 ---p 00000000 00:00 0 
7f21f0b2f000-7f21f0b37000 rw-s 00000000 00:35 7081                       /tmp/hsperfdata_domplin/113600
7f21f0b37000-7f21f0b38000 ---p 00000000 00:00 0 
7f21f0b38000-7f21f0b39000 r--p 00000000 00:00 0 
7f21f0b39000-7f21f0b3a000 ---p 00000000 00:00 0 
7f21f0b3a000-7f21f0b3b000 r--p 00000000 00:1c 1073988                    /usr/lib/jvm/java-21-openjdk/lib/libjimage.so
7f21f0b3b000-7f21f0b3d000 r-xp 00001000 00:1c 1073988                    /usr/lib/jvm/java-21-openjdk/lib/libjimage.so
7f21f0b3d000-7f21f0b3e000 r--p 00003000 00:1c 1073988                    /usr/lib/jvm/java-21-openjdk/lib/libjimage.so
7f21f0b3e000-7f21f0b3f000 r--p 00004000 00:1c 1073988                    /usr/lib/jvm/java-21-openjdk/lib/libjimage.so
7f21f0b3f000-7f21f0b40000 rw-p 00005000 00:1c 1073988                    /usr/lib/jvm/java-21-openjdk/lib/libjimage.so
7f21f0b40000-7f21f0b42000 r--p 00000000 00:1c 1073989                    /usr/lib/jvm/java-21-openjdk/lib/libjli.so
7f21f0b42000-7f21f0b4c000 r-xp 00002000 00:1c 1073989                    /usr/lib/jvm/java-21-openjdk/lib/libjli.so
7f21f0b4c000-7f21f0b4f000 r--p 0000c000 00:1c 1073989                    /usr/lib/jvm/java-21-openjdk/lib/libjli.so
7f21f0b4f000-7f21f0b50000 r--p 0000f000 00:1c 1073989                    /usr/lib/jvm/java-21-openjdk/lib/libjli.so
7f21f0b50000-7f21f0b51000 rw-p 00010000 00:1c 1073989                    /usr/lib/jvm/java-21-openjdk/lib/libjli.so
7f21f0b51000-7f21f0b53000 rw-p 00000000 00:00 0 
7f21f0b53000-7f21f0b57000 r--p 00000000 00:00 0                          [vvar]
7f21f0b57000-7f21f0b59000 r--p 00000000 00:00 0                          [vvar_vclock]
7f21f0b59000-7f21f0b5b000 r-xp 00000000 00:00 0                          [vdso]
7f21f0b5b000-7f21f0b5c000 r--p 00000000 00:1c 489576                     /usr/lib/ld-linux-x86-64.so.2
7f21f0b5c000-7f21f0b86000 r-xp 00001000 00:1c 489576                     /usr/lib/ld-linux-x86-64.so.2
7f21f0b86000-7f21f0b91000 r--p 0002b000 00:1c 489576                     /usr/lib/ld-linux-x86-64.so.2
7f21f0b91000-7f21f0b93000 r--p 00036000 00:1c 489576                     /usr/lib/ld-linux-x86-64.so.2
7f21f0b93000-7f21f0b94000 rw-p 00038000 00:1c 489576                     /usr/lib/ld-linux-x86-64.so.2
7f21f0b94000-7f21f0b95000 rw-p 00000000 00:00 0 
7ffed7027000-7ffed7049000 rw-p 00000000 00:00 0                          [stack]
ffffffffff600000-ffffffffff601000 --xp 00000000 00:00 0                  [vsyscall]
Total number of mappings: 699

JVMTI agents:
jdwp path:none, loaded, initialized, options:transport=dt_socket,server=n,suspend=y,address=localhost:36983


VM Arguments:
jvm_args: -agentlib:jdwp=transport=dt_socket,server=n,suspend=y,address=localhost:36983 -XX:+ShowCodeDetailsInExceptionMessages 
java_command: com.github.Domplin.starCitizenProject
java_class_path (initial): /home/domplin/Documents/Personal/StarCitizenProject/target/classes:/home/domplin/.m2/repository/net/sourceforge/tess4j/tess4j/5.8.0/tess4j-5.8.0.jar:/home/domplin/.m2/repository/net/java/dev/jna/jna/5.13.0/jna-5.13.0.jar:/home/domplin/.m2/repository/com/github/jai-imageio/jai-imageio-core/1.4.0/jai-imageio-core-1.4.0.jar:/home/domplin/.m2/repository/org/apache/pdfbox/pdfbox/2.0.29/pdfbox-2.0.29.jar:/home/domplin/.m2/repository/org/apache/pdfbox/fontbox/2.0.29/fontbox-2.0.29.jar:/home/domplin/.m2/repository/commons-logging/commons-logging/1.2/commons-logging-1.2.jar:/home/domplin/.m2/repository/org/apache/pdfbox/pdfbox-tools/2.0.29/pdfbox-tools-2.0.29.jar:/home/domplin/.m2/repository/org/apache/pdfbox/pdfbox-debugger/2.0.29/pdfbox-debugger-2.0.29.jar:/home/domplin/.m2/repository/org/apache/pdfbox/jbig2-imageio/3.0.4/jbig2-imageio-3.0.4.jar:/home/domplin/.m2/repository/commons-io/commons-io/2.13.0/commons-io-2.13.0.jar:/home/domplin/.m2/repository/net/sourceforge/lept4j/lept4j/1.18.1/lept4j-1.18.1.jar:/home/domplin/.m2/repository/org/jboss/jboss-vfs/3.2.17.Final/jboss-vfs-3.2.17.Final.jar:/home/domplin/.m2/repository/org/jboss/logging/jboss-logging/3.1.4.GA/jboss-logging-3.1.4.GA.jar:/home/domplin/.m2/repository/org/slf4j/slf4j-api/2.0.7/slf4j-api-2.0.7.jar
Launcher Type: SUN_STANDARD

[Global flags]
     intx CICompilerCount                          = 12                                        {product} {ergonomic}
     uint ConcGCThreads                            = 5                                         {product} {ergonomic}
     uint G1ConcRefinementThreads                  = 18                                        {product} {ergonomic}
   size_t G1HeapRegionSize                         = 4194304                                   {product} {ergonomic}
    uintx GCDrainStackTargetSize                   = 64                                        {product} {ergonomic}
   size_t InitialHeapSize                          = 528482304                                 {product} {ergonomic}
   size_t MarkStackSize                            = 4194304                                   {product} {ergonomic}
   size_t MaxHeapSize                              = 8392802304                                {product} {ergonomic}
   size_t MaxNewSize                               = 5033164800                                {product} {ergonomic}
   size_t MinHeapDeltaBytes                        = 4194304                                   {product} {ergonomic}
   size_t MinHeapSize                              = 8388608                                   {product} {ergonomic}
    uintx NonNMethodCodeHeapSize                   = 7602480                                {pd product} {ergonomic}
    uintx NonProfiledCodeHeapSize                  = 122027880                              {pd product} {ergonomic}
    uintx ProfiledCodeHeapSize                     = 122027880                              {pd product} {ergonomic}
    uintx ReservedCodeCacheSize                    = 251658240                              {pd product} {ergonomic}
     bool SegmentedCodeCache                       = true                                      {product} {ergonomic}
     bool ShowCodeDetailsInExceptionMessages       = true                                   {manageable} {command line}
   size_t SoftMaxHeapSize                          = 8392802304                             {manageable} {ergonomic}
     bool UseCompressedOops                        = true                           {product lp64_product} {ergonomic}
     bool UseG1GC                                  = true                                      {product} {ergonomic}

Logging:
Log output configuration:
 #0: stdout all=warning uptime,level,tags foldmultilines=false
 #1: stderr all=off uptime,level,tags foldmultilines=false

Release file:
IMPLEMENTOR="Arch Linux"
JAVA_RUNTIME_VERSION="21.0.10+7"
JAVA_VERSION="21.0.10"
JAVA_VERSION_DATE="2026-01-20"
LIBC="gnu"
MODULES="java.base java.compiler java.datatransfer java.xml java.prefs java.desktop java.instrument java.logging java.management java.security.sasl java.naming java.rmi java.management.rmi java.net.http java.scripting java.security.jgss java.transaction.xa java.sql java.sql.rowset java.xml.crypto java.se java.smartcardio jdk.accessibility jdk.internal.jvmstat jdk.attach jdk.charsets jdk.internal.opt jdk.zipfs jdk.compiler jdk.crypto.ec jdk.crypto.cryptoki jdk.dynalink jdk.internal.ed jdk.editpad jdk.hotspot.agent jdk.httpserver jdk.incubator.vector jdk.internal.le jdk.internal.vm.ci jdk.internal.vm.compiler jdk.internal.vm.compiler.management jdk.jartool jdk.javadoc jdk.jcmd jdk.management jdk.management.agent jdk.jconsole jdk.jdeps jdk.jdwp.agent jdk.jdi jdk.jfr jdk.jlink jdk.jpackage jdk.jshell jdk.jsobject jdk.jstatd jdk.localedata jdk.management.jfr jdk.naming.dns jdk.naming.rmi jdk.net jdk.nio.mapmode jdk.random jdk.sctp jdk.security.auth jdk.security.jgss jdk.unsupported jdk.unsupported.desktop jdk.xml.dom"
OS_ARCH="x86_64"
OS_NAME="Linux"
SOURCE=""

Environment Variables:
JAVA_HOME=/usr/lib/jvm/java-21-openjdk
PATH=/usr/lib/jvm/java-21-openjdk/bin:/home/domplin/.local/share/mise/installs/java/26.0.0/bin:/home/domplin/.local/share/mise/installs/node/25.2.1/bin:/home/domplin/.local/share/mise/installs/python/3.14.3/bin:/home/domplin/.local/share/omarchy/bin:/home/domplin/.local/share/mise/shims:/home/domplin/.local/share/omarchy/bin:/home/domplin/.local/share/../bin:/usr/local/sbin:/usr/local/bin:/usr/bin:/usr/lib/jvm/default/bin:/usr/bin/site_perl:/usr/bin/vendor_perl:/usr/bin/core_perl:/home/domplin/.vscode/extensions/vscjava.vscode-java-debug-0.58.5/bundled/scripts/noConfigScripts:/home/domplin/.local/bin
XDG_CACHE_HOME=/home/domplin/.cache
XDG_CONFIG_HOME=/home/domplin/.config
SHELL=/usr/bin/bash
DISPLAY=:1
WAYLAND_DISPLAY=wayland-1
LANG=en_US.UTF-8
TERM=xterm-256color

Active Locale:
LC_ALL=en_US.UTF-8
LC_COLLATE=en_US.UTF-8
LC_CTYPE=en_US.UTF-8
LC_MESSAGES=en_US.UTF-8
LC_MONETARY=en_US.UTF-8
LC_NUMERIC=en_US.UTF-8
LC_TIME=en_US.UTF-8

Signal Handlers:
   SIGSEGV: 0x00007f21f020d280 in libjvm.so+14733952, mask=11100100010111111101111111111110, flags=SA_RESTART|SA_SIGINFO, unblocked
    SIGBUS: 0x00007f21f020d280 in libjvm.so+14733952, mask=11100100010111111101111111111110, flags=SA_RESTART|SA_SIGINFO, unblocked
    SIGFPE: 0x00007f21f020d280 in libjvm.so+14733952, mask=11100100010111111101111111111110, flags=SA_RESTART|SA_SIGINFO, unblocked
   SIGPIPE: SIG_IGN, mask=00000000000010000000000000000000, flags=SA_RESTART, blocked
  *** Handler was modified!
  *** Expected: 0x00007f21f0066980 in libjvm.so+13003136, mask=11100100110111111111111111111110, flags=SA_RESTART|SA_SIGINFO
   SIGXFSZ: 0x00007f21f0066980 in libjvm.so+13003136, mask=11100100010111111101111111111110, flags=SA_RESTART|SA_SIGINFO, blocked
    SIGILL: 0x00007f21f020d280 in libjvm.so+14733952, mask=11100100010111111101111111111110, flags=SA_RESTART|SA_SIGINFO, unblocked
   SIGUSR2: 0x00007f21f00682a0 in libjvm.so+13009568, mask=00000000000000000000000000000000, flags=SA_RESTART|SA_SIGINFO, blocked
    SIGHUP: 0x00007f21f0065ce0 in libjvm.so+12999904, mask=11100100010111111101111111111110, flags=SA_RESTART|SA_SIGINFO, blocked
    SIGINT: 0x00007f21f0065ce0 in libjvm.so+12999904, mask=11100100010111111101111111111110, flags=SA_RESTART|SA_SIGINFO, blocked
   SIGTERM: 0x00007f21f0065ce0 in libjvm.so+12999904, mask=11100100010111111101111111111110, flags=SA_RESTART|SA_SIGINFO, blocked
   SIGQUIT: 0x00007f21f0065ce0 in libjvm.so+12999904, mask=11100100010111111101111111111110, flags=SA_RESTART|SA_SIGINFO, blocked
   SIGTRAP: 0x00007f21f020d280 in libjvm.so+14733952, mask=11100100010111111101111111111110, flags=SA_RESTART|SA_SIGINFO, unblocked


Periodic native trim disabled

---------------  S Y S T E M  ---------------

OS:
NAME="Arch Linux"
PRETTY_NAME="Arch Linux"
ID=arch
BUILD_ID=rolling
ANSI_COLOR="38;2;23;147;209"
HOME_URL="https://archlinux.org/"
DOCUMENTATION_URL="https://wiki.archlinux.org/"
SUPPORT_URL="https://bbs.archlinux.org/"
BUG_REPORT_URL="https://gitlab.archlinux.org/groups/archlinux/-/issues"
PRIVACY_POLICY_URL="https://terms.archlinux.org/docs/privacy-policy/"
LOGO=archlinux-logo
uname: Linux 6.19.6-arch1-1 #1 SMP PREEMPT_DYNAMIC Wed, 04 Mar 2026 18:25:08 +0000 x86_64
OS uptime: 0 days 2:39 hours
libc: glibc 2.43 NPTL 2.43 
rlimit (soft/hard): STACK 8192k/infinity , CORE infinity/infinity , NPROC 127134/127134 , NOFILE 524288/524288 , AS infinity/infinity , CPU infinity/infinity , DATA infinity/infinity , FSIZE infinity/infinity , MEMLOCK 8192k/8192k
load average: 0.24 0.53 0.78

/proc/meminfo:
MemTotal:       32773288 kB
MemFree:         5004224 kB
MemAvailable:   25063460 kB
Buffers:            4216 kB
Cached:         20207132 kB
SwapCached:            0 kB
Active:          7116308 kB
Inactive:       18593784 kB
Active(anon):    5725224 kB
Inactive(anon):        0 kB
Active(file):    1391084 kB
Inactive(file): 18593784 kB
Unevictable:         236 kB
Mlocked:             236 kB
SwapTotal:      16386044 kB
SwapFree:       16386044 kB
Zswap:                 0 kB
Zswapped:              0 kB
Dirty:               564 kB
Writeback:             0 kB
AnonPages:       5427992 kB
Mapped:          2206872 kB
Shmem:            226700 kB
KReclaimable:     537012 kB
Slab:             867512 kB
SReclaimable:     537012 kB
SUnreclaim:       330500 kB
KernelStack:       25616 kB
PageTables:        56872 kB
SecPageTables:      5456 kB
NFS_Unstable:          0 kB
Bounce:                0 kB
WritebackTmp:          0 kB
CommitLimit:    32772688 kB
Committed_AS:   23797352 kB
VmallocTotal:   34359738367 kB
VmallocUsed:      257872 kB
VmallocChunk:          0 kB
Percpu:            25440 kB
HardwareCorrupted:     0 kB
AnonHugePages:   1110016 kB
ShmemHugePages:   149504 kB
ShmemPmdMapped:   106496 kB
FileHugePages:    749568 kB
FilePmdMapped:    339968 kB
CmaTotal:              0 kB
CmaFree:               0 kB
Unaccepted:            0 kB
Balloon:               0 kB
HugePages_Total:       0
HugePages_Free:        0
HugePages_Rsvd:        0
HugePages_Surp:        0
Hugepagesize:       2048 kB
Hugetlb:               0 kB
DirectMap4k:     1487924 kB
DirectMap2M:    22548480 kB
DirectMap1G:    10485760 kB

/sys/kernel/mm/transparent_hugepage/enabled: [always] madvise never
/sys/kernel/mm/transparent_hugepage/hpage_pmd_size: 2097152
/sys/kernel/mm/transparent_hugepage/defrag (defrag/compaction efforts parameter): always defer defer+madvise [madvise] never

Process Memory:
Virtual Size: 12227360K (peak: 12227360K)
Resident Set Size: 86720K (peak: 86720K) (anon: 41820K, file: 44848K, shmem: 52K)
Swapped out: 0K
C-Heap outstanding allocations: 44478K, retained: 5097K
glibc malloc tunables: (default)

/proc/sys/kernel/threads-max (system-wide limit on the number of threads): 254268
/proc/sys/vm/max_map_count (maximum number of memory map areas a process may have): 1048576
/proc/sys/vm/swappiness (control to define how aggressively the kernel swaps out anonymous memory): 60
/proc/sys/kernel/pid_max (system-wide limit on number of process identifiers): 4194304

container information not found.
Steal ticks since vm start: 0
Steal ticks percentage since vm start:  0.000

CPU: total 24 (initial active 24) (24 cores per cpu, 2 threads per core) family 23 model 113 stepping 0 microcode 0x8701035, cx8, cmov, fxsr, ht, mmx, 3dnowpref, sse, sse2, sse3, ssse3, sse4a, sse4.1, sse4.2, popcnt, lzcnt, tsc, tscinvbit, avx, avx2, aes, clmul, bmi1, bmi2, adx, sha, fma, vzeroupper, clflush, clflushopt, rdtscp, rdpid, f16c
CPU Model and flags from /proc/cpuinfo:
model name	: AMD Ryzen 9 3900X 12-Core Processor
flags		: fpu vme de pse tsc msr pae mce cx8 apic sep mtrr pge mca cmov pat pse36 clflush mmx fxsr sse sse2 ht syscall nx mmxext fxsr_opt pdpe1gb rdtscp lm constant_tsc rep_good nopl xtopology nonstop_tsc cpuid extd_apicid aperfmperf rapl pni pclmulqdq monitor ssse3 fma cx16 sse4_1 sse4_2 x2apic movbe popcnt aes xsave avx f16c rdrand lahf_lm cmp_legacy svm extapic cr8_legacy abm sse4a misalignsse 3dnowprefetch osvw ibs skinit wdt tce topoext perfctr_core perfctr_nb bpext perfctr_llc mwaitx cpb cat_l3 cdp_l3 hw_pstate ssbd mba ibpb stibp vmmcall fsgsbase bmi1 avx2 smep bmi2 cqm rdt_a rdseed adx smap clflushopt clwb sha_ni xsaveopt xsavec xgetbv1 cqm_llc cqm_occup_llc cqm_mbm_total cqm_mbm_local clzero irperf xsaveerptr rdpru wbnoinvd arat npt lbrv svm_lock nrip_save tsc_scale vmcb_clean flushbyasid decodeassists pausefilter pfthreshold avic v_vmsave_vmload vgif v_spec_ctrl umip rdpid overflow_recov succor smca sev sev_es

Online cpus: 0-23
Offline cpus: 
BIOS frequency limitation: <Not Available>
Frequency switch latency (ns): 0
Available cpu frequencies: <Not Available>
Current governor: performance
Core performance/turbo boost: 1

Memory: 4k page, physical 32773288k(25059364k free), swap 16386044k(16386044k free)
Page Sizes: 4k

vm_info: OpenJDK 64-Bit Server VM (21.0.10+7) for linux-amd64 JRE (21.0.10+7), built on 2026-01-21T09:21:17Z by "builduser" with gcc 15.2.1 20260103

END.
