#
# A fatal error has been detected by the Java Runtime Environment:
#
#  SIGSEGV (0xb) at pc=0x00007fa451c632ae, pid=108019, tid=108144
#
# JRE version: OpenJDK Runtime Environment (21.0.10+7) (build 21.0.10+7)
# Java VM: OpenJDK 64-Bit Server VM (21.0.10+7, mixed mode, sharing, tiered, compressed oops, compressed class ptrs, g1 gc, linux-amd64)
# Problematic frame:
# C  [libgdk_pixbuf-2.0.so.0+0x1a2ae]
#
# Core dump will be written. Default location: Core dumps may be processed with "/usr/lib/systemd/systemd-coredump %P %u %g %s %t %c %h %d %F" (or dumping to /home/domplin/Documents/Personal/StarCitizenProject/core.108019)
#
# If you would like to submit a bug report, please visit:
#   https://bugreport.java.com/bugreport/crash.jsp
#

---------------  S U M M A R Y ------------

Command Line: com.github.Domplin.starCitizenProject

Host: AMD Ryzen 9 3900X 12-Core Processor, 24 cores, 31G, Arch Linux
Time: Wed Apr  1 01:09:55 2026 MDT elapsed time: 5.194565 seconds (0d 0h 0m 5s)

---------------  T H R E A D  ---------------

Current thread is native thread

Stack: [0x00007fa3fafff000,0x00007fa3fb7ff000],  sp=0x00007fa3fb7fd8a0,  free space=8186k
Native frames: (J=compiled Java code, j=interpreted, Vv=VM code, C=native code)
C  [libgdk_pixbuf-2.0.so.0+0x1a2ae]
C  [libgdk_pixbuf-2.0.so.0+0x12546]  gdk_pixbuf_scale+0x296
C  [libawt_xawt.so+0x4fb05]
C  [libpipewire-0.3.so.0+0x889dd]
C  [libpipewire-0.3.so.0+0x5e2c7]
C  [libpipewire-0.3.so.0+0x5e756]
C  [libspa-support.so+0x6716]
C  [libpipewire-0.3.so.0+0x8b401]
C  [libc.so.6+0x9697a]

siginfo: si_signo: 11 (SIGSEGV), si_code: 2 (SEGV_ACCERR), si_addr: 0x00007fa3f9f2366c

Registers:
RAX=0x00007fa3ec004624, RBX=0x0000000004098000, RCX=0x0000000000010000, RDX=0x00007fa3f9f21c00
RSP=0x00007fa3fb7fd8a0, RBP=0x00007fa3fb7fd9b0, RSI=0x00000000069c8000, RDI=0x0000000007638000
R8 =0x0000000000000000, R9 =0x0000000007638000, R10=0x000000000000069b, R11=0x00007fa3ec004620
R12=0x0000000007638000, R13=0x000000000000086f, R14=0x0000000000000000, R15=0x00000000069b8000
RIP=0x00007fa451c632ae, EFLAGS=0x0000000000010213, CSGSFS=0x002b000000000033, ERR=0x0000000000000004
  TRAPNO=0x000000000000000e

XMM[0]=0x0000000000000000 0x3ff0000000000000
XMM[1]=0x0000000000000000 0x3ff0000000000000
XMM[2]=0x0000000000000000 0x40f0000000000000
XMM[3]=0x0000000000000000 0x40f0000000000000
XMM[4]=0x0000000000000000 0x3ff0000000000000
XMM[5]=0x0000000000000000 0xc090240000000000
XMM[6]=0x0000000000000000 0x3ff0000000000000
XMM[7]=0x0000000000000000 0x3ff0000000000000
XMM[8]=0x0000000000000020 0x2020002020000000
XMM[9]=0x2000202000000000 0x0000000000000000
XMM[10]=0x3f3f3f3f3f3f3f3f 0x3f3f3f3f3f3f3f3f
XMM[11]=0x9999999999999999 0x9999999999999999
XMM[12]=0x2020202020202020 0x2020202020202020
XMM[13]=0x00007fa4d437d920 0x00007fa4d437d920
XMM[14]=0x00007fa4d437d910 0x00007fa4d437d910
XMM[15]=0x0000000000000000 0x0000000000000000
  MXCSR=0x00001fa2


Top of Stack: (sp=0x00007fa3fb7fd8a0)
0x00007fa3fb7fd8a0:   0000003000000030 00007fa3fb7fd9e0
0x00007fa3fb7fd8b0:   000000000f000000 00000effa507ab00
0x00007fa3fb7fd8c0:   0000000000000f00 0000000000003bfc
0x00007fa3fb7fd8d0:   0000000000002cfd 00000000069b8000
0x00007fa3fb7fd8e0:   0000000000000004 0000000007638000
0x00007fa3fb7fd8f0:   0000000000000eff 0000000000000320
0x00007fa3fb7fd900:   0000000000003c00 0000000000000032
0x00007fa3fb7fd910:   0000000000010000 00007fa3f9000000
0x00007fa3fb7fd920:   0000069b00000763 3ff0000000000000
0x00007fa3fb7fd930:   3ff0000000000000 00007fa3f9000000
0x00007fa3fb7fd940:   00007fa3fb7fe9c8 0000000000000000
0x00007fa3fb7fd950:   0000000000000000 00007fa3fb7fe6c0
0x00007fa3fb7fd960:   00007fa3fb7fd980 00007fa4dd0ab3e4
0x00007fa3fb7fd970:   00007fa3fb7fda10 8513564aa507ab00
0x00007fa3fb7fd980:   0000000000000008 00007fa3ec00e270
0x00007fa3fb7fd990:   0000000000000000 00000000000000c8
0x00007fa3fb7fd9a0:   00007fa3ec0045b0 0000000000000000
0x00007fa3fb7fd9b0:   00007fa3fb7fda70 00007fa451c5b546
0x00007fa3fb7fd9c0:   0000000000000004 0000000000000001
0x00007fa3fb7fd9d0:   00007fa3f9000000 0000000000000f00
0x00007fa3fb7fd9e0:   0000000000000870 0000000000003c00
0x00007fa3fb7fd9f0:   0000000000000004 0000000000000001
0x00007fa3fb7fda00:   0000000000000000 00007fa451c5b487
0x00007fa3fb7fda10:   3ff0000000000000 3ff0000000000000
0x00007fa3fb7fda20:   c090240000000000 c09a6c0000000000
0x00007fa3fb7fda30:   0000003200000000 00007fa3ec004620
0x00007fa3fb7fda40:   0000000000000f00 00007fa4d436d0d0
0x00007fa3fb7fda50:   00007fa4d43ada20 00007fa3ec0045b0
0x00007fa3fb7fda60:   0000000000000032 00000000000000c8
0x00007fa3fb7fda70:   00007fa3fb7fdb00 00007fa4a4225b05
0x00007fa3fb7fda80:   0000000000000000 0000000000000000
0x00007fa3fb7fda90:   00007fa4d439d980 0000040900000f00 

Instructions: (pc=0x00007fa451c632ae)
0x00007fa451c631ae:   ff 44 88 50 fe 4c 39 ce 7c c8 49 89 f4 41 ba 00
0x00007fa451c631be:   00 00 00 49 c1 fc 10 4d 0f 49 d4 4c 3b a5 40 ff
0x00007fa451c631ce:   ff ff 4f 8d 14 52 4c 89 95 30 ff ff ff 4c 8b 95
0x00007fa451c631de:   30 ff ff ff 4c 0f 4f 95 20 ff ff ff 48 39 f7 0f
0x00007fa451c631ee:   8e c7 fe ff ff 49 01 d2 66 2e 0f 1f 84 00 00 00
0x00007fa451c631fe:   00 00 41 0f b6 12 48 01 ce 48 83 c0 04 88 50 fc
0x00007fa451c6320e:   41 0f b6 52 01 88 50 fd 41 0f b6 52 02 c6 40 ff
0x00007fa451c6321e:   ff 88 50 fe 48 39 fe 7c d9 e9 8e fe ff ff 0f 1f
0x00007fa451c6322e:   40 00 83 7d 10 03 0f 84 56 02 00 00 4c 3b bd 38
0x00007fa451c6323e:   ff ff ff 0f 8f 69 04 00 00 4c 8b 95 28 ff ff ff
0x00007fa451c6324e:   4c 89 fe 49 c1 fa 10 49 c1 e2 02 4d 39 c7 7d 35
0x00007fa451c6325e:   49 01 d2 4c 89 fe 66 0f 1f 44 00 00 66 66 2e 0f
0x00007fa451c6326e:   1f 84 00 00 00 00 00 66 66 2e 0f 1f 84 00 00 00
0x00007fa451c6327e:   00 00 45 8b 22 48 01 ce 48 83 c0 04 44 89 60 fc
0x00007fa451c6328e:   49 39 f0 7f ed 4c 8b a5 38 ff ff ff 49 39 f4 7e
0x00007fa451c6329e:   1c 90 49 89 f2 48 01 ce 48 83 c0 04 49 c1 fa 10
0x00007fa451c632ae:   46 8b 14 92 44 89 50 fc 49 39 f4 7f e5 49 89 f4
0x00007fa451c632be:   41 ba 00 00 00 00 49 c1 fc 10 4d 0f 49 d4 49 c1
0x00007fa451c632ce:   e2 02 4c 3b a5 40 ff ff ff 4c 89 95 30 ff ff ff
0x00007fa451c632de:   4c 8b 95 30 ff ff ff 4c 0f 4f 95 18 ff ff ff 48
0x00007fa451c632ee:   39 f7 0f 8e c4 fd ff ff 4c 01 d2 0f 1f 80 00 00
0x00007fa451c632fe:   00 00 44 8b 12 48 01 ce 48 83 c0 04 44 89 50 fc
0x00007fa451c6330e:   48 39 f7 7f ed e9 a2 fd ff ff 0f 1f 84 00 00 00
0x00007fa451c6331e:   00 00 4d 39 cf 0f 8f bf 03 00 00 48 8b b5 28 ff
0x00007fa451c6332e:   ff ff 48 c1 fe 10 4c 8d 14 76 4c 89 fe 4d 39 c7
0x00007fa451c6333e:   7d 66 49 01 d2 4c 89 fe 0f 1f 00 66 66 2e 0f 1f
0x00007fa451c6334e:   84 00 00 00 00 00 66 66 2e 0f 1f 84 00 00 00 00
0x00007fa451c6335e:   00 66 66 2e 0f 1f 84 00 00 00 00 00 66 66 2e 0f
0x00007fa451c6336e:   1f 84 00 00 00 00 00 66 66 2e 0f 1f 84 00 00 00
0x00007fa451c6337e:   00 00 45 0f b6 22 48 01 ce 48 83 c0 03 44 88 60
0x00007fa451c6338e:   fd 45 0f b6 62 01 44 88 60 fe 45 0f b6 62 02 44
0x00007fa451c6339e:   88 60 ff 4c 39 c6 7c da 4c 39 ce 7d 49 66 2e 0f 



---------------  P R O C E S S  ---------------

VM state: not at safepoint (normal execution)

VM Mutex/Monitor currently owned by a thread: None

Heap address: 0x000000060bc00000, size: 8004 MB, Compressed Oops mode: Zero based, Oop shift amount: 3

CDS archive(s) mapped at: [0x00007fa457000000-0x00007fa457c9b000-0x00007fa457c9b000), size 13217792, SharedBaseAddress: 0x00007fa457000000, ArchiveRelocationMode: 1.
Compressed class space mapped at: 0x00007fa458000000-0x00007fa498000000, reserved size: 1073741824
Narrow klass base: 0x00007fa457000000, Narrow klass shift: 0, Narrow klass range: 0x100000000

GC Precious Log:
<Skipped>

Heap:
 garbage-first heap   total 520192K, used 7642K [0x000000060bc00000, 0x0000000800000000)
  region size 4096K, 2 young (8192K), 0 survivors (0K)
 Metaspace       used 3783K, committed 3904K, reserved 1114112K
  class space    used 380K, committed 448K, reserved 1048576K

Heap Regions: E=young(eden), S=young(survivor), O=old, HS=humongous(starts), HC=humongous(continues), CS=collection set, F=free, TAMS=top-at-mark-start, PB=parsable bottom
|   0|0x000000060bc00000, 0x000000060bc00000, 0x000000060c000000|  0%| F|  |TAMS 0x000000060bc00000| PB 0x000000060bc00000| Untracked 
|   1|0x000000060c000000, 0x000000060c000000, 0x000000060c400000|  0%| F|  |TAMS 0x000000060c000000| PB 0x000000060c000000| Untracked 
|   2|0x000000060c400000, 0x000000060c400000, 0x000000060c800000|  0%| F|  |TAMS 0x000000060c400000| PB 0x000000060c400000| Untracked 
|   3|0x000000060c800000, 0x000000060c800000, 0x000000060cc00000|  0%| F|  |TAMS 0x000000060c800000| PB 0x000000060c800000| Untracked 
|   4|0x000000060cc00000, 0x000000060cc00000, 0x000000060d000000|  0%| F|  |TAMS 0x000000060cc00000| PB 0x000000060cc00000| Untracked 
|   5|0x000000060d000000, 0x000000060d000000, 0x000000060d400000|  0%| F|  |TAMS 0x000000060d000000| PB 0x000000060d000000| Untracked 
|   6|0x000000060d400000, 0x000000060d400000, 0x000000060d800000|  0%| F|  |TAMS 0x000000060d400000| PB 0x000000060d400000| Untracked 
|   7|0x000000060d800000, 0x000000060d800000, 0x000000060dc00000|  0%| F|  |TAMS 0x000000060d800000| PB 0x000000060d800000| Untracked 
|   8|0x000000060dc00000, 0x000000060dc00000, 0x000000060e000000|  0%| F|  |TAMS 0x000000060dc00000| PB 0x000000060dc00000| Untracked 
|   9|0x000000060e000000, 0x000000060e000000, 0x000000060e400000|  0%| F|  |TAMS 0x000000060e000000| PB 0x000000060e000000| Untracked 
|  10|0x000000060e400000, 0x000000060e400000, 0x000000060e800000|  0%| F|  |TAMS 0x000000060e400000| PB 0x000000060e400000| Untracked 
|  11|0x000000060e800000, 0x000000060e800000, 0x000000060ec00000|  0%| F|  |TAMS 0x000000060e800000| PB 0x000000060e800000| Untracked 
|  12|0x000000060ec00000, 0x000000060ec00000, 0x000000060f000000|  0%| F|  |TAMS 0x000000060ec00000| PB 0x000000060ec00000| Untracked 
|  13|0x000000060f000000, 0x000000060f000000, 0x000000060f400000|  0%| F|  |TAMS 0x000000060f000000| PB 0x000000060f000000| Untracked 
|  14|0x000000060f400000, 0x000000060f400000, 0x000000060f800000|  0%| F|  |TAMS 0x000000060f400000| PB 0x000000060f400000| Untracked 
|  15|0x000000060f800000, 0x000000060f800000, 0x000000060fc00000|  0%| F|  |TAMS 0x000000060f800000| PB 0x000000060f800000| Untracked 
|  16|0x000000060fc00000, 0x000000060fc00000, 0x0000000610000000|  0%| F|  |TAMS 0x000000060fc00000| PB 0x000000060fc00000| Untracked 
|  17|0x0000000610000000, 0x0000000610000000, 0x0000000610400000|  0%| F|  |TAMS 0x0000000610000000| PB 0x0000000610000000| Untracked 
|  18|0x0000000610400000, 0x0000000610400000, 0x0000000610800000|  0%| F|  |TAMS 0x0000000610400000| PB 0x0000000610400000| Untracked 
|  19|0x0000000610800000, 0x0000000610800000, 0x0000000610c00000|  0%| F|  |TAMS 0x0000000610800000| PB 0x0000000610800000| Untracked 
|  20|0x0000000610c00000, 0x0000000610c00000, 0x0000000611000000|  0%| F|  |TAMS 0x0000000610c00000| PB 0x0000000610c00000| Untracked 
|  21|0x0000000611000000, 0x0000000611000000, 0x0000000611400000|  0%| F|  |TAMS 0x0000000611000000| PB 0x0000000611000000| Untracked 
|  22|0x0000000611400000, 0x0000000611400000, 0x0000000611800000|  0%| F|  |TAMS 0x0000000611400000| PB 0x0000000611400000| Untracked 
|  23|0x0000000611800000, 0x0000000611800000, 0x0000000611c00000|  0%| F|  |TAMS 0x0000000611800000| PB 0x0000000611800000| Untracked 
|  24|0x0000000611c00000, 0x0000000611c00000, 0x0000000612000000|  0%| F|  |TAMS 0x0000000611c00000| PB 0x0000000611c00000| Untracked 
|  25|0x0000000612000000, 0x0000000612000000, 0x0000000612400000|  0%| F|  |TAMS 0x0000000612000000| PB 0x0000000612000000| Untracked 
|  26|0x0000000612400000, 0x0000000612400000, 0x0000000612800000|  0%| F|  |TAMS 0x0000000612400000| PB 0x0000000612400000| Untracked 
|  27|0x0000000612800000, 0x0000000612800000, 0x0000000612c00000|  0%| F|  |TAMS 0x0000000612800000| PB 0x0000000612800000| Untracked 
|  28|0x0000000612c00000, 0x0000000612c00000, 0x0000000613000000|  0%| F|  |TAMS 0x0000000612c00000| PB 0x0000000612c00000| Untracked 
|  29|0x0000000613000000, 0x0000000613000000, 0x0000000613400000|  0%| F|  |TAMS 0x0000000613000000| PB 0x0000000613000000| Untracked 
|  30|0x0000000613400000, 0x0000000613400000, 0x0000000613800000|  0%| F|  |TAMS 0x0000000613400000| PB 0x0000000613400000| Untracked 
|  31|0x0000000613800000, 0x0000000613800000, 0x0000000613c00000|  0%| F|  |TAMS 0x0000000613800000| PB 0x0000000613800000| Untracked 
|  32|0x0000000613c00000, 0x0000000613c00000, 0x0000000614000000|  0%| F|  |TAMS 0x0000000613c00000| PB 0x0000000613c00000| Untracked 
|  33|0x0000000614000000, 0x0000000614000000, 0x0000000614400000|  0%| F|  |TAMS 0x0000000614000000| PB 0x0000000614000000| Untracked 
|  34|0x0000000614400000, 0x0000000614400000, 0x0000000614800000|  0%| F|  |TAMS 0x0000000614400000| PB 0x0000000614400000| Untracked 
|  35|0x0000000614800000, 0x0000000614800000, 0x0000000614c00000|  0%| F|  |TAMS 0x0000000614800000| PB 0x0000000614800000| Untracked 
|  36|0x0000000614c00000, 0x0000000614c00000, 0x0000000615000000|  0%| F|  |TAMS 0x0000000614c00000| PB 0x0000000614c00000| Untracked 
|  37|0x0000000615000000, 0x0000000615000000, 0x0000000615400000|  0%| F|  |TAMS 0x0000000615000000| PB 0x0000000615000000| Untracked 
|  38|0x0000000615400000, 0x0000000615400000, 0x0000000615800000|  0%| F|  |TAMS 0x0000000615400000| PB 0x0000000615400000| Untracked 
|  39|0x0000000615800000, 0x0000000615800000, 0x0000000615c00000|  0%| F|  |TAMS 0x0000000615800000| PB 0x0000000615800000| Untracked 
|  40|0x0000000615c00000, 0x0000000615c00000, 0x0000000616000000|  0%| F|  |TAMS 0x0000000615c00000| PB 0x0000000615c00000| Untracked 
|  41|0x0000000616000000, 0x0000000616000000, 0x0000000616400000|  0%| F|  |TAMS 0x0000000616000000| PB 0x0000000616000000| Untracked 
|  42|0x0000000616400000, 0x0000000616400000, 0x0000000616800000|  0%| F|  |TAMS 0x0000000616400000| PB 0x0000000616400000| Untracked 
|  43|0x0000000616800000, 0x0000000616800000, 0x0000000616c00000|  0%| F|  |TAMS 0x0000000616800000| PB 0x0000000616800000| Untracked 
|  44|0x0000000616c00000, 0x0000000616c00000, 0x0000000617000000|  0%| F|  |TAMS 0x0000000616c00000| PB 0x0000000616c00000| Untracked 
|  45|0x0000000617000000, 0x0000000617000000, 0x0000000617400000|  0%| F|  |TAMS 0x0000000617000000| PB 0x0000000617000000| Untracked 
|  46|0x0000000617400000, 0x0000000617400000, 0x0000000617800000|  0%| F|  |TAMS 0x0000000617400000| PB 0x0000000617400000| Untracked 
|  47|0x0000000617800000, 0x0000000617800000, 0x0000000617c00000|  0%| F|  |TAMS 0x0000000617800000| PB 0x0000000617800000| Untracked 
|  48|0x0000000617c00000, 0x0000000617c00000, 0x0000000618000000|  0%| F|  |TAMS 0x0000000617c00000| PB 0x0000000617c00000| Untracked 
|  49|0x0000000618000000, 0x0000000618000000, 0x0000000618400000|  0%| F|  |TAMS 0x0000000618000000| PB 0x0000000618000000| Untracked 
|  50|0x0000000618400000, 0x0000000618400000, 0x0000000618800000|  0%| F|  |TAMS 0x0000000618400000| PB 0x0000000618400000| Untracked 
|  51|0x0000000618800000, 0x0000000618800000, 0x0000000618c00000|  0%| F|  |TAMS 0x0000000618800000| PB 0x0000000618800000| Untracked 
|  52|0x0000000618c00000, 0x0000000618c00000, 0x0000000619000000|  0%| F|  |TAMS 0x0000000618c00000| PB 0x0000000618c00000| Untracked 
|  53|0x0000000619000000, 0x0000000619000000, 0x0000000619400000|  0%| F|  |TAMS 0x0000000619000000| PB 0x0000000619000000| Untracked 
|  54|0x0000000619400000, 0x0000000619400000, 0x0000000619800000|  0%| F|  |TAMS 0x0000000619400000| PB 0x0000000619400000| Untracked 
|  55|0x0000000619800000, 0x0000000619800000, 0x0000000619c00000|  0%| F|  |TAMS 0x0000000619800000| PB 0x0000000619800000| Untracked 
|  56|0x0000000619c00000, 0x0000000619c00000, 0x000000061a000000|  0%| F|  |TAMS 0x0000000619c00000| PB 0x0000000619c00000| Untracked 
|  57|0x000000061a000000, 0x000000061a000000, 0x000000061a400000|  0%| F|  |TAMS 0x000000061a000000| PB 0x000000061a000000| Untracked 
|  58|0x000000061a400000, 0x000000061a400000, 0x000000061a800000|  0%| F|  |TAMS 0x000000061a400000| PB 0x000000061a400000| Untracked 
|  59|0x000000061a800000, 0x000000061a800000, 0x000000061ac00000|  0%| F|  |TAMS 0x000000061a800000| PB 0x000000061a800000| Untracked 
|  60|0x000000061ac00000, 0x000000061ac00000, 0x000000061b000000|  0%| F|  |TAMS 0x000000061ac00000| PB 0x000000061ac00000| Untracked 
|  61|0x000000061b000000, 0x000000061b000000, 0x000000061b400000|  0%| F|  |TAMS 0x000000061b000000| PB 0x000000061b000000| Untracked 
|  62|0x000000061b400000, 0x000000061b400000, 0x000000061b800000|  0%| F|  |TAMS 0x000000061b400000| PB 0x000000061b400000| Untracked 
|  63|0x000000061b800000, 0x000000061b800000, 0x000000061bc00000|  0%| F|  |TAMS 0x000000061b800000| PB 0x000000061b800000| Untracked 
|  64|0x000000061bc00000, 0x000000061bc00000, 0x000000061c000000|  0%| F|  |TAMS 0x000000061bc00000| PB 0x000000061bc00000| Untracked 
|  65|0x000000061c000000, 0x000000061c000000, 0x000000061c400000|  0%| F|  |TAMS 0x000000061c000000| PB 0x000000061c000000| Untracked 
|  66|0x000000061c400000, 0x000000061c400000, 0x000000061c800000|  0%| F|  |TAMS 0x000000061c400000| PB 0x000000061c400000| Untracked 
|  67|0x000000061c800000, 0x000000061c800000, 0x000000061cc00000|  0%| F|  |TAMS 0x000000061c800000| PB 0x000000061c800000| Untracked 
|  68|0x000000061cc00000, 0x000000061cc00000, 0x000000061d000000|  0%| F|  |TAMS 0x000000061cc00000| PB 0x000000061cc00000| Untracked 
|  69|0x000000061d000000, 0x000000061d000000, 0x000000061d400000|  0%| F|  |TAMS 0x000000061d000000| PB 0x000000061d000000| Untracked 
|  70|0x000000061d400000, 0x000000061d400000, 0x000000061d800000|  0%| F|  |TAMS 0x000000061d400000| PB 0x000000061d400000| Untracked 
|  71|0x000000061d800000, 0x000000061d800000, 0x000000061dc00000|  0%| F|  |TAMS 0x000000061d800000| PB 0x000000061d800000| Untracked 
|  72|0x000000061dc00000, 0x000000061dc00000, 0x000000061e000000|  0%| F|  |TAMS 0x000000061dc00000| PB 0x000000061dc00000| Untracked 
|  73|0x000000061e000000, 0x000000061e000000, 0x000000061e400000|  0%| F|  |TAMS 0x000000061e000000| PB 0x000000061e000000| Untracked 
|  74|0x000000061e400000, 0x000000061e400000, 0x000000061e800000|  0%| F|  |TAMS 0x000000061e400000| PB 0x000000061e400000| Untracked 
|  75|0x000000061e800000, 0x000000061e800000, 0x000000061ec00000|  0%| F|  |TAMS 0x000000061e800000| PB 0x000000061e800000| Untracked 
|  76|0x000000061ec00000, 0x000000061ec00000, 0x000000061f000000|  0%| F|  |TAMS 0x000000061ec00000| PB 0x000000061ec00000| Untracked 
|  77|0x000000061f000000, 0x000000061f000000, 0x000000061f400000|  0%| F|  |TAMS 0x000000061f000000| PB 0x000000061f000000| Untracked 
|  78|0x000000061f400000, 0x000000061f400000, 0x000000061f800000|  0%| F|  |TAMS 0x000000061f400000| PB 0x000000061f400000| Untracked 
|  79|0x000000061f800000, 0x000000061f800000, 0x000000061fc00000|  0%| F|  |TAMS 0x000000061f800000| PB 0x000000061f800000| Untracked 
|  80|0x000000061fc00000, 0x000000061fc00000, 0x0000000620000000|  0%| F|  |TAMS 0x000000061fc00000| PB 0x000000061fc00000| Untracked 
|  81|0x0000000620000000, 0x0000000620000000, 0x0000000620400000|  0%| F|  |TAMS 0x0000000620000000| PB 0x0000000620000000| Untracked 
|  82|0x0000000620400000, 0x0000000620400000, 0x0000000620800000|  0%| F|  |TAMS 0x0000000620400000| PB 0x0000000620400000| Untracked 
|  83|0x0000000620800000, 0x0000000620800000, 0x0000000620c00000|  0%| F|  |TAMS 0x0000000620800000| PB 0x0000000620800000| Untracked 
|  84|0x0000000620c00000, 0x0000000620c00000, 0x0000000621000000|  0%| F|  |TAMS 0x0000000620c00000| PB 0x0000000620c00000| Untracked 
|  85|0x0000000621000000, 0x0000000621000000, 0x0000000621400000|  0%| F|  |TAMS 0x0000000621000000| PB 0x0000000621000000| Untracked 
|  86|0x0000000621400000, 0x0000000621400000, 0x0000000621800000|  0%| F|  |TAMS 0x0000000621400000| PB 0x0000000621400000| Untracked 
|  87|0x0000000621800000, 0x0000000621800000, 0x0000000621c00000|  0%| F|  |TAMS 0x0000000621800000| PB 0x0000000621800000| Untracked 
|  88|0x0000000621c00000, 0x0000000621c00000, 0x0000000622000000|  0%| F|  |TAMS 0x0000000621c00000| PB 0x0000000621c00000| Untracked 
|  89|0x0000000622000000, 0x0000000622000000, 0x0000000622400000|  0%| F|  |TAMS 0x0000000622000000| PB 0x0000000622000000| Untracked 
|  90|0x0000000622400000, 0x0000000622400000, 0x0000000622800000|  0%| F|  |TAMS 0x0000000622400000| PB 0x0000000622400000| Untracked 
|  91|0x0000000622800000, 0x0000000622800000, 0x0000000622c00000|  0%| F|  |TAMS 0x0000000622800000| PB 0x0000000622800000| Untracked 
|  92|0x0000000622c00000, 0x0000000622c00000, 0x0000000623000000|  0%| F|  |TAMS 0x0000000622c00000| PB 0x0000000622c00000| Untracked 
|  93|0x0000000623000000, 0x0000000623000000, 0x0000000623400000|  0%| F|  |TAMS 0x0000000623000000| PB 0x0000000623000000| Untracked 
|  94|0x0000000623400000, 0x0000000623400000, 0x0000000623800000|  0%| F|  |TAMS 0x0000000623400000| PB 0x0000000623400000| Untracked 
|  95|0x0000000623800000, 0x0000000623800000, 0x0000000623c00000|  0%| F|  |TAMS 0x0000000623800000| PB 0x0000000623800000| Untracked 
|  96|0x0000000623c00000, 0x0000000623c00000, 0x0000000624000000|  0%| F|  |TAMS 0x0000000623c00000| PB 0x0000000623c00000| Untracked 
|  97|0x0000000624000000, 0x0000000624000000, 0x0000000624400000|  0%| F|  |TAMS 0x0000000624000000| PB 0x0000000624000000| Untracked 
|  98|0x0000000624400000, 0x0000000624400000, 0x0000000624800000|  0%| F|  |TAMS 0x0000000624400000| PB 0x0000000624400000| Untracked 
|  99|0x0000000624800000, 0x0000000624800000, 0x0000000624c00000|  0%| F|  |TAMS 0x0000000624800000| PB 0x0000000624800000| Untracked 
| 100|0x0000000624c00000, 0x0000000624c00000, 0x0000000625000000|  0%| F|  |TAMS 0x0000000624c00000| PB 0x0000000624c00000| Untracked 
| 101|0x0000000625000000, 0x0000000625000000, 0x0000000625400000|  0%| F|  |TAMS 0x0000000625000000| PB 0x0000000625000000| Untracked 
| 102|0x0000000625400000, 0x0000000625400000, 0x0000000625800000|  0%| F|  |TAMS 0x0000000625400000| PB 0x0000000625400000| Untracked 
| 103|0x0000000625800000, 0x0000000625800000, 0x0000000625c00000|  0%| F|  |TAMS 0x0000000625800000| PB 0x0000000625800000| Untracked 
| 104|0x0000000625c00000, 0x0000000625c00000, 0x0000000626000000|  0%| F|  |TAMS 0x0000000625c00000| PB 0x0000000625c00000| Untracked 
| 105|0x0000000626000000, 0x0000000626000000, 0x0000000626400000|  0%| F|  |TAMS 0x0000000626000000| PB 0x0000000626000000| Untracked 
| 106|0x0000000626400000, 0x0000000626400000, 0x0000000626800000|  0%| F|  |TAMS 0x0000000626400000| PB 0x0000000626400000| Untracked 
| 107|0x0000000626800000, 0x0000000626800000, 0x0000000626c00000|  0%| F|  |TAMS 0x0000000626800000| PB 0x0000000626800000| Untracked 
| 108|0x0000000626c00000, 0x0000000626c00000, 0x0000000627000000|  0%| F|  |TAMS 0x0000000626c00000| PB 0x0000000626c00000| Untracked 
| 109|0x0000000627000000, 0x0000000627000000, 0x0000000627400000|  0%| F|  |TAMS 0x0000000627000000| PB 0x0000000627000000| Untracked 
| 110|0x0000000627400000, 0x0000000627400000, 0x0000000627800000|  0%| F|  |TAMS 0x0000000627400000| PB 0x0000000627400000| Untracked 
| 111|0x0000000627800000, 0x0000000627800000, 0x0000000627c00000|  0%| F|  |TAMS 0x0000000627800000| PB 0x0000000627800000| Untracked 
| 112|0x0000000627c00000, 0x0000000627c00000, 0x0000000628000000|  0%| F|  |TAMS 0x0000000627c00000| PB 0x0000000627c00000| Untracked 
| 113|0x0000000628000000, 0x0000000628000000, 0x0000000628400000|  0%| F|  |TAMS 0x0000000628000000| PB 0x0000000628000000| Untracked 
| 114|0x0000000628400000, 0x0000000628400000, 0x0000000628800000|  0%| F|  |TAMS 0x0000000628400000| PB 0x0000000628400000| Untracked 
| 115|0x0000000628800000, 0x0000000628800000, 0x0000000628c00000|  0%| F|  |TAMS 0x0000000628800000| PB 0x0000000628800000| Untracked 
| 116|0x0000000628c00000, 0x0000000628c00000, 0x0000000629000000|  0%| F|  |TAMS 0x0000000628c00000| PB 0x0000000628c00000| Untracked 
| 117|0x0000000629000000, 0x0000000629000000, 0x0000000629400000|  0%| F|  |TAMS 0x0000000629000000| PB 0x0000000629000000| Untracked 
| 118|0x0000000629400000, 0x0000000629400000, 0x0000000629800000|  0%| F|  |TAMS 0x0000000629400000| PB 0x0000000629400000| Untracked 
| 119|0x0000000629800000, 0x0000000629800000, 0x0000000629c00000|  0%| F|  |TAMS 0x0000000629800000| PB 0x0000000629800000| Untracked 
| 120|0x0000000629c00000, 0x0000000629c00000, 0x000000062a000000|  0%| F|  |TAMS 0x0000000629c00000| PB 0x0000000629c00000| Untracked 
| 121|0x000000062a000000, 0x000000062a000000, 0x000000062a400000|  0%| F|  |TAMS 0x000000062a000000| PB 0x000000062a000000| Untracked 
| 122|0x000000062a400000, 0x000000062a400000, 0x000000062a800000|  0%| F|  |TAMS 0x000000062a400000| PB 0x000000062a400000| Untracked 
| 123|0x000000062a800000, 0x000000062a800000, 0x000000062ac00000|  0%| F|  |TAMS 0x000000062a800000| PB 0x000000062a800000| Untracked 
| 124|0x000000062ac00000, 0x000000062ae6a3b8, 0x000000062b000000| 60%| E|  |TAMS 0x000000062ac00000| PB 0x000000062ac00000| Complete 
| 125|0x000000062b000000, 0x000000062b400000, 0x000000062b400000|100%| E|CS|TAMS 0x000000062b000000| PB 0x000000062b000000| Complete 
|2000|0x00000007ffc00000, 0x00000007ffd0c620, 0x0000000800000000| 26%| O|  |TAMS 0x00000007ffc00000| PB 0x00000007ffc00000| Untracked 

Card table byte_map: [0x00007fa4d83d8000,0x00007fa4d937a000] _byte_map_base: 0x00007fa4d537a000

Marking Bits: (CMBitMap*) 0x00007fa4d40474d0
 Bits: [0x00007fa4b46f0000, 0x00007fa4bc400000)

Polling page: 0x00007fa4dd22a000

Metaspace:

Usage:
  Non-class:      3.32 MB used.
      Class:    380.98 KB used.
       Both:      3.69 MB used.

Virtual space:
  Non-class space:       64.00 MB reserved,       3.38 MB (  5%) committed,  1 nodes.
      Class space:        1.00 GB reserved,     448.00 KB ( <1%) committed,  1 nodes.
             Both:        1.06 GB reserved,       3.81 MB ( <1%) committed. 

Chunk freelists:
   Non-Class:  11.88 MB
       Class:  15.57 MB
        Both:  27.45 MB

MaxMetaspaceSize: unlimited
CompressedClassSpaceSize: 1.00 GB
Initial GC threshold: 21.00 MB
Current GC threshold: 21.00 MB
CDS: on
 - commit_granule_bytes: 65536.
 - commit_granule_words: 8192.
 - virtual_space_node_default_size: 8388608.
 - enlarge_chunks_in_place: 1.
 - use_allocation_guard: 0.


Internal statistics:

num_allocs_failed_limit: 0.
num_arena_births: 116.
num_arena_deaths: 0.
num_vsnodes_births: 2.
num_vsnodes_deaths: 0.
num_space_committed: 61.
num_space_uncommitted: 0.
num_chunks_returned_to_freelist: 0.
num_chunks_taken_from_freelist: 129.
num_chunk_merges: 0.
num_chunk_splits: 83.
num_chunks_enlarged: 41.
num_inconsistent_stats: 0.

CodeHeap 'non-profiled nmethods': size=119168Kb used=152Kb max_used=152Kb free=119015Kb
 bounds [0x00007fa4c3fa0000, 0x00007fa4c4210000, 0x00007fa4cb400000]
CodeHeap 'profiled nmethods': size=119164Kb used=650Kb max_used=650Kb free=118513Kb
 bounds [0x00007fa4bc400000, 0x00007fa4bc670000, 0x00007fa4c385f000]
CodeHeap 'non-nmethods': size=7428Kb used=2589Kb max_used=2604Kb free=4838Kb
 bounds [0x00007fa4c385f000, 0x00007fa4c3b7f000, 0x00007fa4c3fa0000]
CodeCache: size=245760Kb, used=3391Kb, max_used=3406Kb, free=242366Kb
 total_blobs=1040, nmethods=474, adapters=470, full_count=0
Compilation: enabled, stopped_count=0, restarted_count=0

Compilation events (20 events):
Event: 5.150 Thread 0x00007fa4d4155d40  465       4       java.util.regex.Pattern$$Lambda/0x800000029::is (9 bytes)
Event: 5.150 Thread 0x00007fa4d4157410  468       3       java.lang.Math::floorMod (20 bytes)
Event: 5.150 Thread 0x00007fa4d4155d40 nmethod 465 0x00007fa4c3fc4210 code [0x00007fa4c3fc4380, 0x00007fa4c3fc4418]
Event: 5.150 Thread 0x00007fa4d4155d40  467       4       java.util.regex.Matcher::search (154 bytes)
Event: 5.150 Thread 0x00007fa42c017d10  469       3       java.util.ImmutableCollections$SetN::probe (56 bytes)
Event: 5.150 Thread 0x00007fa4d4157410 nmethod 468 0x00007fa4bc4a0010 code [0x00007fa4bc4a01a0, 0x00007fa4bc4a0338]
Event: 5.150 Thread 0x00007fa42c017d10 nmethod 469 0x00007fa4bc4a0410 code [0x00007fa4bc4a0600, 0x00007fa4bc4a0b20]
Event: 5.150 Thread 0x00007fa4d4157410  470       3       java.util.regex.Pattern::has (15 bytes)
Event: 5.150 Thread 0x00007fa4d4157410 nmethod 470 0x00007fa4bc4a0d10 code [0x00007fa4bc4a0ea0, 0x00007fa4bc4a1000]
Event: 5.151 Thread 0x00007fa4d4157410  471       3       java.lang.invoke.MethodHandles$Lookup::checkSymbolicClass (25 bytes)
Event: 5.151 Thread 0x00007fa4d4157410 nmethod 471 0x00007fa4bc4a1090 code [0x00007fa4bc4a1260, 0x00007fa4bc4a14d8]
Event: 5.151 Thread 0x00007fa4d4157410  472       3       java.lang.invoke.MethodHandles$Lookup::checkAccess (200 bytes)
Event: 5.152 Thread 0x00007fa4d4157410 nmethod 472 0x00007fa4bc4a1610 code [0x00007fa4bc4a18a0, 0x00007fa4bc4a2388]
Event: 5.152 Thread 0x00007fa4d4157410  473       3       java.lang.StringUTF16::getChar (60 bytes)
Event: 5.152 Thread 0x00007fa4d4157410 nmethod 473 0x00007fa4bc4a2710 code [0x00007fa4bc4a28a0, 0x00007fa4bc4a2a08]
Event: 5.157 Thread 0x00007fa4d4155d40 nmethod 467 0x00007fa4c3fc4510 code [0x00007fa4c3fc4700, 0x00007fa4c3fc4e58]
Event: 5.157 Thread 0x00007fa4d4155d40  466       4       java.util.regex.Pattern$BmpCharPropertyGreedy::match (89 bytes)
Event: 5.159 Thread 0x00007fa4d4155d40 nmethod 466 0x00007fa4c3fc5390 code [0x00007fa4c3fc5560, 0x00007fa4c3fc5a08]
Event: 5.159 Thread 0x00007fa4d4155d40  474       4       java.lang.StringUTF16::getChar (60 bytes)
Event: 5.160 Thread 0x00007fa4d4155d40 nmethod 474 0x00007fa4c3fc5d90 code [0x00007fa4c3fc5f20, 0x00007fa4c3fc6008]

GC Heap History (0 events):
No events

Dll operation events (9 events):
Event: 0.001 Loaded shared library /usr/lib/jvm/java-21-openjdk/lib/libjava.so
Event: 0.016 Loaded shared library /usr/lib/jvm/java-21-openjdk/lib/libjsvml.so
Event: 0.026 Loaded shared library /usr/lib/jvm/java-21-openjdk/lib/libawt.so
Event: 0.027 Loaded shared library /usr/lib/jvm/java-21-openjdk/lib/libawt_xawt.so
Event: 0.033 Loaded shared library /usr/lib/jvm/java-21-openjdk/lib/libnio.so
Event: 0.034 Loaded shared library /usr/lib/jvm/java-21-openjdk/lib/libjimage.so
Event: 0.049 Loaded shared library /usr/lib/jvm/java-21-openjdk/lib/libzip.so
Event: 0.064 Loaded shared library /usr/lib/jvm/java-21-openjdk/lib/libfontmanager.so
Event: 5.104 Loaded shared library /usr/lib/jvm/java-21-openjdk/lib/libnet.so

Deoptimization events (4 events):
Event: 5.152 Thread 0x00007fa4d401a380 Uncommon trap: trap_request=0xffffff45 fr.pc=0x00007fa4c3fa8860 relative=0x00000000000000c0
Event: 5.152 Thread 0x00007fa4d401a380 Uncommon trap: reason=unstable_if action=reinterpret pc=0x00007fa4c3fa8860 method=java.lang.String.isLatin1()Z @ 10 c2
Event: 5.152 Thread 0x00007fa4d401a380 DEOPT PACKING pc=0x00007fa4c3fa8860 sp=0x00007fa4db7fd2d0
Event: 5.152 Thread 0x00007fa4d401a380 DEOPT UNPACKING pc=0x00007fa4c38b2f99 sp=0x00007fa4db7fd230 mode 2

Classes loaded (20 events):
Event: 5.118 Loading class java/util/stream/ReferencePipeline$8
Event: 5.118 Loading class java/util/stream/ReferencePipeline$8 done
Event: 5.118 Loading class java/util/stream/ReferencePipeline$8$1
Event: 5.118 Loading class java/util/stream/ReferencePipeline$8$1 done
Event: 5.119 Loading class java/util/Spliterators$IntArraySpliterator
Event: 5.119 Loading class java/util/Spliterators$IntArraySpliterator done
Event: 5.119 Loading class java/util/LinkedHashMap$LinkedKeySet
Event: 5.119 Loading class java/util/LinkedHashMap$LinkedKeySet done
Event: 5.119 Loading class java/util/LinkedHashMap$LinkedKeyIterator
Event: 5.119 Loading class java/util/LinkedHashMap$LinkedKeyIterator done
Event: 5.146 Loading class java/util/Formatter$FixedString
Event: 5.146 Loading class java/util/Formatter$FixedString done
Event: 5.147 Loading class jdk/internal/module/ModulePatcher$PatchedModuleReader
Event: 5.147 Loading class jdk/internal/module/ModulePatcher$PatchedModuleReader done
Event: 5.148 Loading class sun/net/www/protocol/jrt/Handler
Event: 5.148 Loading class sun/net/www/protocol/jrt/Handler done
Event: 5.151 Loading class sun/text/resources/cldr/FormatData_en
Event: 5.151 Loading class sun/text/resources/cldr/FormatData_en done
Event: 5.151 Loading class sun/text/resources/cldr/FormatData_en_US
Event: 5.151 Loading class sun/text/resources/cldr/FormatData_en_US done

Classes unloaded (0 events):
No events

Classes redefined (0 events):
No events

Internal exceptions (11 events):
Event: 0.029 Thread 0x00007fa4d401a380 Exception <a 'java/lang/ClassNotFoundException'{0x000000062b03c420}: sun/awt/resources/spi/awtProvider> (0x000000062b03c420) 
thrown [/usr/src/debug/java21-openjdk/jdk21u-jdk-21.0.10-7/src/hotspot/share/classfile/systemDictionary.cpp, line 312]
Event: 0.041 Thread 0x00007fa4d401a380 Exception <a 'java/io/FileNotFoundException'{0x000000062b27db30}> (0x000000062b27db30) 
thrown [/usr/src/debug/java21-openjdk/jdk21u-jdk-21.0.10-7/src/hotspot/share/prims/jni.cpp, line 520]
Event: 0.045 Thread 0x00007fa4d401a380 Exception <a 'java/io/FileNotFoundException'{0x000000062b2a82a8}> (0x000000062b2a82a8) 
thrown [/usr/src/debug/java21-openjdk/jdk21u-jdk-21.0.10-7/src/hotspot/share/prims/jni.cpp, line 520]
Event: 5.106 Thread 0x00007fa4d401a380 Exception <a 'java/lang/NoSuchMethodError'{0x000000062ac87c50}: 'void java.lang.invoke.DirectMethodHandle$Holder.invokeStaticInit(java.lang.Object)'> (0x000000062ac87c50) 
thrown [/usr/src/debug/java21-openjdk/jdk21u-jdk-21.0.10-7/src/hotspot/share/interpreter/linkResolver.cpp, line 772]
Event: 5.108 Thread 0x00007fa4d419eb00 Exception <a 'sun/nio/fs/UnixException'{0x000000062acf7e00}> (0x000000062acf7e00) 
thrown [/usr/src/debug/java21-openjdk/jdk21u-jdk-21.0.10-7/src/hotspot/share/prims/jni.cpp, line 520]
Event: 5.110 Thread 0x00007fa4d401a380 Exception <a 'java/lang/NoSuchMethodError'{0x000000062ac96d48}: 'int java.lang.invoke.DirectMethodHandle$Holder.invokeVirtual(java.lang.Object, java.lang.Object, java.lang.Object)'> (0x000000062ac96d48) 
thrown [/usr/src/debug/java21-openjdk/jdk21u-jdk-21.0.10-7/src/hotspot/share/interpreter/linkResolver.cpp, line 772]
Event: 5.114 Thread 0x00007fa4d401a380 Exception <a 'java/lang/NoSuchMethodError'{0x000000062acb10a0}: 'java.lang.Object java.lang.invoke.DirectMethodHandle$Holder.invokeStatic(java.lang.Object, java.lang.Object, int)'> (0x000000062acb10a0) 
thrown [/usr/src/debug/java21-openjdk/jdk21u-jdk-21.0.10-7/src/hotspot/share/interpreter/linkResolver.cpp, line 772]
Event: 5.116 Thread 0x00007fa4d401a380 Exception <a 'java/lang/NoSuchMethodError'{0x000000062acbfe60}: 'void java.lang.invoke.DirectMethodHandle$Holder.invokeInterface(java.lang.Object, java.lang.Object, java.lang.Object)'> (0x000000062acbfe60) 
thrown [/usr/src/debug/java21-openjdk/jdk21u-jdk-21.0.10-7/src/hotspot/share/interpreter/linkResolver.cpp, line 772]
Event: 5.116 Thread 0x00007fa4d401a380 Exception <a 'java/lang/NoSuchMethodError'{0x000000062acc5910}: 'void java.lang.invoke.DirectMethodHandle$Holder.invokeStatic(java.lang.Object, java.lang.Object)'> (0x000000062acc5910) 
thrown [/usr/src/debug/java21-openjdk/jdk21u-jdk-21.0.10-7/src/hotspot/share/interpreter/linkResolver.cpp, line 772]
Event: 5.118 Thread 0x00007fa4d401a380 Exception <a 'java/lang/NoSuchMethodError'{0x000000062ace19e0}: 'void java.lang.invoke.DirectMethodHandle$Holder.invokeInterface(java.lang.Object, java.lang.Object, int)'> (0x000000062ace19e0) 
thrown [/usr/src/debug/java21-openjdk/jdk21u-jdk-21.0.10-7/src/hotspot/share/interpreter/linkResolver.cpp, line 772]
Event: 5.118 Thread 0x00007fa4d401a380 Exception <a 'java/lang/IncompatibleClassChangeError'{0x000000062ace4d70}: Found class java.lang.Object, but interface was expected> (0x000000062ace4d70) 
thrown [/usr/src/debug/java21-openjdk/jdk21u-jdk-21.0.10-7/src/hotspot/share/interpreter/linkResolver.cpp, line 840]

ZGC Phase Switch (0 events):
No events

VM Operations (6 events):
Event: 0.066 Executing non-safepoint VM operation: HandshakeAllThreads (Deoptimize)
Event: 0.066 Executing non-safepoint VM operation: HandshakeAllThreads (Deoptimize) done
Event: 1.066 Executing safepoint VM operation: Cleanup
Event: 1.066 Executing safepoint VM operation: Cleanup done
Event: 5.111 Executing non-safepoint VM operation: HandshakeAllThreads (Deoptimize)
Event: 5.111 Executing non-safepoint VM operation: HandshakeAllThreads (Deoptimize) done

Memory protections (18 events):
Event: 0.001 Protecting memory [0x00007fa4db700000,0x00007fa4db704000] with protection modes 0
Event: 0.015 Protecting memory [0x00007fa4a4ef0000,0x00007fa4a4ef4000] with protection modes 0
Event: 0.016 Protecting memory [0x00007fa4a4b00000,0x00007fa4a4b04000] with protection modes 0
Event: 0.016 Protecting memory [0x00007fa4a49ff000,0x00007fa4a4a03000] with protection modes 0
Event: 0.016 Protecting memory [0x00007fa4a48fe000,0x00007fa4a4902000] with protection modes 0
Event: 0.016 Protecting memory [0x00007fa4a46fc000,0x00007fa4a4700000] with protection modes 0
Event: 0.016 Protecting memory [0x00007fa4a45fb000,0x00007fa4a45ff000] with protection modes 0
Event: 0.017 Protecting memory [0x00007fa4a47fd000,0x00007fa4a4801000] with protection modes 0
Event: 0.019 Protecting memory [0x00007fa4a4429000,0x00007fa4a442d000] with protection modes 0
Event: 0.019 Protecting memory [0x00007fa4a4328000,0x00007fa4a432c000] with protection modes 0
Event: 0.043 Protecting memory [0x00007fa452f00000,0x00007fa452f04000] with protection modes 0
Event: 0.084 Protecting memory [0x00007fa4529fd000,0x00007fa452a01000] with protection modes 0
Event: 0.085 Protecting memory [0x00007fa4528fc000,0x00007fa452900000] with protection modes 0
Event: 5.102 Protecting memory [0x00007fa452f00000,0x00007fa452f04000] with protection modes 0
Event: 5.107 Protecting memory [0x00007fa45020a000,0x00007fa45020e000] with protection modes 0
Event: 5.108 Protecting memory [0x00007fa450109000,0x00007fa45010d000] with protection modes 0
Event: 5.149 Protecting memory [0x00007fa450008000,0x00007fa45000c000] with protection modes 0
Event: 5.149 Protecting memory [0x00007fa4182fd000,0x00007fa418301000] with protection modes 0

Nmethod flushes (0 events):
No events

Events (19 events):
Event: 0.011 Thread 0x00007fa4d401a380 Thread added: 0x00007fa4d401a380
Event: 0.015 Thread 0x00007fa4d401a380 Thread added: 0x00007fa4d414e850
Event: 0.016 Thread 0x00007fa4d401a380 Thread added: 0x00007fa4d414fdd0
Event: 0.016 Thread 0x00007fa4d401a380 Thread added: 0x00007fa4d4151570
Event: 0.016 Thread 0x00007fa4d401a380 Thread added: 0x00007fa4d4152bc0
Event: 0.016 Thread 0x00007fa4d401a380 Thread added: 0x00007fa4d4154170
Event: 0.016 Thread 0x00007fa4d401a380 Thread added: 0x00007fa4d4155d40
Event: 0.016 Thread 0x00007fa4d401a380 Thread added: 0x00007fa4d4157410
Event: 0.019 Thread 0x00007fa4d401a380 Thread added: 0x00007fa4d4163940
Event: 0.019 Thread 0x00007fa4d401a380 Thread added: 0x00007fa4d4166a90
Event: 0.043 Thread 0x00007fa4d4155d40 Thread added: 0x00007fa4380bf930
Event: 0.083 Thread 0x00007fa4d401a380 Thread added: 0x00007fa4d42a0a70
Event: 0.085 Thread 0x00007fa4d401a380 Thread added: 0x00007fa4d42a2460
Event: 1.100 Thread 0x00007fa4380bf930 Thread exited: 0x00007fa4380bf930
Event: 5.102 Thread 0x00007fa4d401a380 Thread added: 0x00007fa4d41b6b20
Event: 5.107 Thread 0x00007fa4d401a380 Thread added: 0x00007fa4d419eb00
Event: 5.108 Thread 0x00007fa4d401a380 Thread added: 0x00007fa4d4324450
Event: 5.149 Thread 0x00007fa4d4157410 Thread added: 0x00007fa42c0168b0
Event: 5.149 Thread 0x00007fa4d4157410 Thread added: 0x00007fa42c017d10


Dynamic libraries:
60bc00000-62b400000 rw-p 00000000 00:00 0 
62b400000-7ffc00000 ---p 00000000 00:00 0 
7ffc00000-7ffd0d000 rw-p 00cda000 00:1c 1074018                          /usr/lib/jvm/java-21-openjdk/lib/server/classes.jsa
7ffd0d000-800000000 rw-p 00000000 00:00 0 
56206e08a000-56206e08b000 r--p 00000000 00:1c 1073744                    /usr/lib/jvm/java-21-openjdk/bin/java
56206e08b000-56206e08c000 r-xp 00001000 00:1c 1073744                    /usr/lib/jvm/java-21-openjdk/bin/java
56206e08c000-56206e08d000 r--p 00002000 00:1c 1073744                    /usr/lib/jvm/java-21-openjdk/bin/java
56206e08d000-56206e08e000 r--p 00002000 00:1c 1073744                    /usr/lib/jvm/java-21-openjdk/bin/java
56206e08e000-56206e08f000 rw-p 00003000 00:1c 1073744                    /usr/lib/jvm/java-21-openjdk/bin/java
5620a4542000-5620a458a000 rw-p 00000000 00:00 0                          [heap]
7fa3e8000000-7fa3e9fa4000 ---s 00000000 00:1f 37013                      /dev/shm/xdph-shm-BoObbi (deleted)
7fa3ea000000-7fa3ebfa4000 ---s 00000000 00:1f 37012                      /dev/shm/xdph-shm-LPEbbi (deleted)
7fa3ec000000-7fa3ec048000 rw-p 00000000 00:00 0 
7fa3ec048000-7fa3f0000000 ---p 00000000 00:00 0 
7fa3f2000000-7fa3f3fa4000 ---s 00000000 00:1f 37011                      /dev/shm/xdph-shm-mAbabi (deleted)
7fa3f4000000-7fa3f4021000 rw-p 00000000 00:00 0 
7fa3f4021000-7fa3f8000000 ---p 00000000 00:00 0 
7fa3f9000000-7fa3fafa4000 ---s 00000000 00:1f 37010                      /dev/shm/xdph-shm-gIdPbi (deleted)
7fa3faffe000-7fa3fc000000 rw-p 00000000 00:00 0 
7fa3fc000000-7fa3fc021000 rw-p 00000000 00:00 0 
7fa3fc021000-7fa400000000 ---p 00000000 00:00 0 
7fa400000000-7fa400021000 rw-p 00000000 00:00 0 
7fa400021000-7fa404000000 ---p 00000000 00:00 0 
7fa404000000-7fa404021000 rw-p 00000000 00:00 0 
7fa404021000-7fa408000000 ---p 00000000 00:00 0 
7fa408000000-7fa408021000 rw-p 00000000 00:00 0 
7fa408021000-7fa40c000000 ---p 00000000 00:00 0 
7fa40c000000-7fa40c021000 rw-p 00000000 00:00 0 
7fa40c021000-7fa410000000 ---p 00000000 00:00 0 
7fa410000000-7fa410021000 rw-p 00000000 00:00 0 
7fa410021000-7fa414000000 ---p 00000000 00:00 0 
7fa414000000-7fa41408a000 rw-p 00000000 00:00 0 
7fa41408a000-7fa418000000 ---p 00000000 00:00 0 
7fa41829a000-7fa41829b000 r--p 00000000 00:1c 904251                     /usr/lib/spa-0.2/videoconvert/libspa-videoconvert.so
7fa41829b000-7fa4182b5000 r-xp 00001000 00:1c 904251                     /usr/lib/spa-0.2/videoconvert/libspa-videoconvert.so
7fa4182b5000-7fa4182be000 r--p 0001b000 00:1c 904251                     /usr/lib/spa-0.2/videoconvert/libspa-videoconvert.so
7fa4182be000-7fa4182c4000 r--p 00023000 00:1c 904251                     /usr/lib/spa-0.2/videoconvert/libspa-videoconvert.so
7fa4182c4000-7fa4182c5000 rw-p 00029000 00:1c 904251                     /usr/lib/spa-0.2/videoconvert/libspa-videoconvert.so
7fa4182c5000-7fa4182c7000 r--p 00000000 00:1c 904241                     /usr/lib/pipewire-0.3/libpipewire-module-session-manager.so
7fa4182c7000-7fa4182e6000 r-xp 00002000 00:1c 904241                     /usr/lib/pipewire-0.3/libpipewire-module-session-manager.so
7fa4182e6000-7fa4182eb000 r--p 00021000 00:1c 904241                     /usr/lib/pipewire-0.3/libpipewire-module-session-manager.so
7fa4182eb000-7fa4182ed000 r--p 00025000 00:1c 904241                     /usr/lib/pipewire-0.3/libpipewire-module-session-manager.so
7fa4182ed000-7fa4182ee000 rw-p 00027000 00:1c 904241                     /usr/lib/pipewire-0.3/libpipewire-module-session-manager.so
7fa4182ee000-7fa4182f0000 r--p 00000000 00:1c 904235                     /usr/lib/pipewire-0.3/libpipewire-module-metadata.so
7fa4182f0000-7fa4182f9000 r-xp 00002000 00:1c 904235                     /usr/lib/pipewire-0.3/libpipewire-module-metadata.so
7fa4182f9000-7fa4182fa000 r--p 0000b000 00:1c 904235                     /usr/lib/pipewire-0.3/libpipewire-module-metadata.so
7fa4182fa000-7fa4182fb000 r--p 0000c000 00:1c 904235                     /usr/lib/pipewire-0.3/libpipewire-module-metadata.so
7fa4182fb000-7fa4182fc000 rw-p 0000d000 00:1c 904235                     /usr/lib/pipewire-0.3/libpipewire-module-metadata.so
7fa4182fc000-7fa4182fd000 rw-p 00000000 00:00 0 
7fa4182fd000-7fa418301000 ---p 00000000 00:00 0 
7fa418301000-7fa419c00000 rw-p 00000000 00:00 0 
7fa419c00000-7fa419fd8000 r--s 00000000 00:1c 778489                     /var/cache/fontconfig/923e285e415b1073c8df160bee08820f-le64.cache-9
7fa419fe5000-7fa419fe7000 r--p 00000000 00:1c 904230                     /usr/lib/pipewire-0.3/libpipewire-module-adapter.so
7fa419fe7000-7fa419feb000 r-xp 00002000 00:1c 904230                     /usr/lib/pipewire-0.3/libpipewire-module-adapter.so
7fa419feb000-7fa419fed000 r--p 00006000 00:1c 904230                     /usr/lib/pipewire-0.3/libpipewire-module-adapter.so
7fa419fed000-7fa419fee000 r--p 00007000 00:1c 904230                     /usr/lib/pipewire-0.3/libpipewire-module-adapter.so
7fa419fee000-7fa419fef000 rw-p 00008000 00:1c 904230                     /usr/lib/pipewire-0.3/libpipewire-module-adapter.so
7fa419fef000-7fa419ff1000 r--p 00000000 00:1c 904231                     /usr/lib/pipewire-0.3/libpipewire-module-client-device.so
7fa419ff1000-7fa419ffd000 r-xp 00002000 00:1c 904231                     /usr/lib/pipewire-0.3/libpipewire-module-client-device.so
7fa419ffd000-7fa419ffe000 r--p 0000e000 00:1c 904231                     /usr/lib/pipewire-0.3/libpipewire-module-client-device.so
7fa419ffe000-7fa419fff000 r--p 0000f000 00:1c 904231                     /usr/lib/pipewire-0.3/libpipewire-module-client-device.so
7fa419fff000-7fa41a000000 rw-p 00010000 00:1c 904231                     /usr/lib/pipewire-0.3/libpipewire-module-client-device.so
7fa41a000000-7fa41bf94000 r--p 00000000 00:1c 896205                     /usr/lib/libicudata.so.78.3
7fa41bf94000-7fa41bf95000 r--p 01f93000 00:1c 896205                     /usr/lib/libicudata.so.78.3
7fa41bf98000-7fa41bf9b000 r--p 00000000 00:1c 904232                     /usr/lib/pipewire-0.3/libpipewire-module-client-node.so
7fa41bf9b000-7fa41bfb6000 r-xp 00003000 00:1c 904232                     /usr/lib/pipewire-0.3/libpipewire-module-client-node.so
7fa41bfb6000-7fa41bfbb000 r--p 0001e000 00:1c 904232                     /usr/lib/pipewire-0.3/libpipewire-module-client-node.so
7fa41bfbb000-7fa41bfbd000 r--p 00022000 00:1c 904232                     /usr/lib/pipewire-0.3/libpipewire-module-client-node.so
7fa41bfbd000-7fa41bfbe000 rw-p 00024000 00:1c 904232                     /usr/lib/pipewire-0.3/libpipewire-module-client-node.so
7fa41bfbe000-7fa41bfc1000 r--p 00000000 00:1c 904238                     /usr/lib/pipewire-0.3/libpipewire-module-protocol-native.so
7fa41bfc1000-7fa41bfdf000 r-xp 00003000 00:1c 904238                     /usr/lib/pipewire-0.3/libpipewire-module-protocol-native.so
7fa41bfdf000-7fa41bfea000 r--p 00021000 00:1c 904238                     /usr/lib/pipewire-0.3/libpipewire-module-protocol-native.so
7fa41bfea000-7fa41bff5000 r--p 0002b000 00:1c 904238                     /usr/lib/pipewire-0.3/libpipewire-module-protocol-native.so
7fa41bff5000-7fa41bff6000 rw-p 00036000 00:1c 904238                     /usr/lib/pipewire-0.3/libpipewire-module-protocol-native.so
7fa41bff6000-7fa41bff8000 r--p 00000000 00:1c 904239                     /usr/lib/pipewire-0.3/libpipewire-module-rt.so
7fa41bff8000-7fa41bffc000 r-xp 00002000 00:1c 904239                     /usr/lib/pipewire-0.3/libpipewire-module-rt.so
7fa41bffc000-7fa41bffe000 r--p 00006000 00:1c 904239                     /usr/lib/pipewire-0.3/libpipewire-module-rt.so
7fa41bffe000-7fa41bfff000 r--p 00007000 00:1c 904239                     /usr/lib/pipewire-0.3/libpipewire-module-rt.so
7fa41bfff000-7fa41c000000 rw-p 00008000 00:1c 904239                     /usr/lib/pipewire-0.3/libpipewire-module-rt.so
7fa41c000000-7fa41c021000 rw-p 00000000 00:00 0 
7fa41c021000-7fa420000000 ---p 00000000 00:00 0 
7fa420000000-7fa420021000 rw-p 00000000 00:00 0 
7fa420021000-7fa424000000 ---p 00000000 00:00 0 
7fa424000000-7fa424021000 rw-p 00000000 00:00 0 
7fa424021000-7fa428000000 ---p 00000000 00:00 0 
7fa428000000-7fa428021000 rw-p 00000000 00:00 0 
7fa428021000-7fa42c000000 ---p 00000000 00:00 0 
7fa42c000000-7fa42c166000 rw-p 00000000 00:00 0 
7fa42c166000-7fa430000000 ---p 00000000 00:00 0 
7fa430000000-7fa430021000 rw-p 00000000 00:00 0 
7fa430021000-7fa434000000 ---p 00000000 00:00 0 
7fa434000000-7fa434021000 rw-p 00000000 00:00 0 
7fa434021000-7fa438000000 ---p 00000000 00:00 0 
7fa438000000-7fa43812d000 rw-p 00000000 00:00 0 
7fa43812d000-7fa43c000000 ---p 00000000 00:00 0 
7fa43c000000-7fa43c021000 rw-p 00000000 00:00 0 
7fa43c021000-7fa440000000 ---p 00000000 00:00 0 
7fa440000000-7fa440021000 rw-p 00000000 00:00 0 
7fa440021000-7fa444000000 ---p 00000000 00:00 0 
7fa444000000-7fa444021000 rw-p 00000000 00:00 0 
7fa444021000-7fa448000000 ---p 00000000 00:00 0 
7fa448000000-7fa448021000 rw-p 00000000 00:00 0 
7fa448021000-7fa44c000000 ---p 00000000 00:00 0 
7fa44c000000-7fa44c021000 rw-p 00000000 00:00 0 
7fa44c021000-7fa450000000 ---p 00000000 00:00 0 
7fa450000000-7fa450007000 r--s 00000000 00:1c 490307                     /usr/lib/gconv/gconv-modules.cache
7fa450007000-7fa450008000 rw-p 00000000 00:00 0 
7fa450008000-7fa45000c000 ---p 00000000 00:00 0 
7fa45000c000-7fa450109000 rw-p 00000000 00:00 0 
7fa450109000-7fa45010d000 ---p 00000000 00:00 0 
7fa45010d000-7fa45020a000 rw-p 00000000 00:00 0 
7fa45020a000-7fa45020e000 ---p 00000000 00:00 0 
7fa45020e000-7fa45030a000 rw-p 00000000 00:00 0 
7fa45030a000-7fa450317000 r--p 00000000 00:1c 904204                     /usr/lib/libpipewire-0.3.so.0.1602.0
7fa450317000-7fa45039c000 r-xp 0000d000 00:1c 904204                     /usr/lib/libpipewire-0.3.so.0.1602.0
7fa45039c000-7fa4503b9000 r--p 00092000 00:1c 904204                     /usr/lib/libpipewire-0.3.so.0.1602.0
7fa4503b9000-7fa4503d5000 r--p 000ae000 00:1c 904204                     /usr/lib/libpipewire-0.3.so.0.1602.0
7fa4503d5000-7fa4503d6000 rw-p 000ca000 00:1c 904204                     /usr/lib/libpipewire-0.3.so.0.1602.0
7fa4503d6000-7fa4503d7000 rw-p 00000000 00:00 0 
7fa4503d7000-7fa4503ff000 r--s 00000000 00:1c 136393                     /home/domplin/.cache/fontconfig/f2e43df3287529323e79e7929dc44cc9-le64.cache-9
7fa4503ff000-7fa450c00000 rw-p 00000000 00:00 0 
7fa450c00000-7fa450c48000 r--p 00000000 00:1c 896220                     /usr/lib/libicuuc.so.78.3
7fa450c48000-7fa450d65000 r-xp 00048000 00:1c 896220                     /usr/lib/libicuuc.so.78.3
7fa450d65000-7fa450df8000 r--p 00165000 00:1c 896220                     /usr/lib/libicuuc.so.78.3
7fa450df8000-7fa450e0b000 r--p 001f8000 00:1c 896220                     /usr/lib/libicuuc.so.78.3
7fa450e0b000-7fa450e0c000 rw-p 0020b000 00:1c 896220                     /usr/lib/libicuuc.so.78.3
7fa450e0c000-7fa450e0e000 rw-p 00000000 00:00 0 
7fa450e0f000-7fa450e10000 r--p 00000000 00:1c 904247                     /usr/lib/spa-0.2/support/libspa-dbus.so
7fa450e10000-7fa450e13000 r-xp 00001000 00:1c 904247                     /usr/lib/spa-0.2/support/libspa-dbus.so
7fa450e13000-7fa450e14000 r--p 00004000 00:1c 904247                     /usr/lib/spa-0.2/support/libspa-dbus.so
7fa450e14000-7fa450e15000 r--p 00004000 00:1c 904247                     /usr/lib/spa-0.2/support/libspa-dbus.so
7fa450e15000-7fa450e16000 rw-p 00005000 00:1c 904247                     /usr/lib/spa-0.2/support/libspa-dbus.so
7fa450e16000-7fa450e56000 r--s 00000000 00:1c 136379                     /home/domplin/.cache/fontconfig/f6b893a7224233d96cb72fd88691c0b4-le64.cache-9
7fa450e5a000-7fa450e5c000 r--p 00000000 00:1c 904249                     /usr/lib/spa-0.2/support/libspa-support.so
7fa450e5c000-7fa450e77000 r-xp 00002000 00:1c 904249                     /usr/lib/spa-0.2/support/libspa-support.so
7fa450e77000-7fa450e7d000 r--p 0001d000 00:1c 904249                     /usr/lib/spa-0.2/support/libspa-support.so
7fa450e7d000-7fa450e85000 r--p 00022000 00:1c 904249                     /usr/lib/spa-0.2/support/libspa-support.so
7fa450e85000-7fa450e86000 rw-p 0002a000 00:1c 904249                     /usr/lib/spa-0.2/support/libspa-support.so
7fa450e86000-7fa450e96000 r--s 00000000 00:1c 136387                     /home/domplin/.cache/fontconfig/491f45a0a771fef1c10b9b647a97fb82-le64.cache-9
7fa450e96000-7fa450e97000 r--p 00000000 00:1c 494643                     /usr/lib/libgthread-2.0.so.0.8600.4
7fa450e97000-7fa450e98000 r-xp 00001000 00:1c 494643                     /usr/lib/libgthread-2.0.so.0.8600.4
7fa450e98000-7fa450e99000 r--p 00002000 00:1c 494643                     /usr/lib/libgthread-2.0.so.0.8600.4
7fa450e99000-7fa450e9a000 r--p 00002000 00:1c 494643                     /usr/lib/libgthread-2.0.so.0.8600.4
7fa450e9a000-7fa450e9b000 rw-p 00003000 00:1c 494643                     /usr/lib/libgthread-2.0.so.0.8600.4
7fa450e9b000-7fa450eb0000 r--p 00000000 00:1c 894265                     /usr/lib/libsystemd.so.0.43.0
7fa450eb0000-7fa450f76000 r-xp 00015000 00:1c 894265                     /usr/lib/libsystemd.so.0.43.0
7fa450f76000-7fa450fba000 r--p 000db000 00:1c 894265                     /usr/lib/libsystemd.so.0.43.0
7fa450fba000-7fa450fc3000 r--p 0011f000 00:1c 894265                     /usr/lib/libsystemd.so.0.43.0
7fa450fc3000-7fa450fc4000 rw-p 00128000 00:1c 894265                     /usr/lib/libsystemd.so.0.43.0
7fa450fc4000-7fa450fc5000 rw-p 00000000 00:00 0 
7fa450fc5000-7fa450fc7000 r--p 00000000 00:1c 312698                     /usr/lib/libseccomp.so.2.6.0
7fa450fc7000-7fa450fd7000 r-xp 00002000 00:1c 312698                     /usr/lib/libseccomp.so.2.6.0
7fa450fd7000-7fa450ff0000 r--p 00012000 00:1c 312698                     /usr/lib/libseccomp.so.2.6.0
7fa450ff0000-7fa450ff1000 r--p 0002b000 00:1c 312698                     /usr/lib/libseccomp.so.2.6.0
7fa450ff1000-7fa450ff2000 rw-p 0002c000 00:1c 312698                     /usr/lib/libseccomp.so.2.6.0
7fa450ff2000-7fa450ffb000 r--p 00000000 00:1c 312681                     /usr/lib/liblcms2.so.2.0.18
7fa450ffb000-7fa451040000 r-xp 00009000 00:1c 312681                     /usr/lib/liblcms2.so.2.0.18
7fa451040000-7fa451053000 r--p 0004e000 00:1c 312681                     /usr/lib/liblcms2.so.2.0.18
7fa451053000-7fa451056000 r--p 00061000 00:1c 312681                     /usr/lib/liblcms2.so.2.0.18
7fa451056000-7fa451059000 rw-p 00064000 00:1c 312681                     /usr/lib/liblcms2.so.2.0.18
7fa451059000-7fa45105a000 rw-p 00000000 00:00 0 
7fa45105a000-7fa45105c000 r--p 00000000 00:1c 72036                      /usr/lib/libdatrie.so.1.4.1
7fa45105c000-7fa451060000 r-xp 00002000 00:1c 72036                      /usr/lib/libdatrie.so.1.4.1
7fa451060000-7fa451061000 r--p 00006000 00:1c 72036                      /usr/lib/libdatrie.so.1.4.1
7fa451061000-7fa451062000 r--p 00006000 00:1c 72036                      /usr/lib/libdatrie.so.1.4.1
7fa451062000-7fa451063000 rw-p 00007000 00:1c 72036                      /usr/lib/libdatrie.so.1.4.1
7fa451063000-7fa451068000 r--p 00000000 00:1c 309727                     /usr/lib/libblkid.so.1.1.0
7fa451068000-7fa45108d000 r-xp 00005000 00:1c 309727                     /usr/lib/libblkid.so.1.1.0
7fa45108d000-7fa451096000 r--p 0002a000 00:1c 309727                     /usr/lib/libblkid.so.1.1.0
7fa451096000-7fa45109c000 r--p 00032000 00:1c 309727                     /usr/lib/libblkid.so.1.1.0
7fa45109c000-7fa45109d000 rw-p 00038000 00:1c 309727                     /usr/lib/libblkid.so.1.1.0
7fa45109d000-7fa4510a6000 r--p 00000000 00:1c 895136                     /usr/lib/libsqlite3.so.3.52.0
7fa4510a6000-7fa4511dc000 r-xp 00009000 00:1c 895136                     /usr/lib/libsqlite3.so.3.52.0
7fa4511dc000-7fa45120c000 r--p 0013f000 00:1c 895136                     /usr/lib/libsqlite3.so.3.52.0
7fa45120c000-7fa451210000 r--p 0016e000 00:1c 895136                     /usr/lib/libsqlite3.so.3.52.0
7fa451210000-7fa451215000 rw-p 00172000 00:1c 895136                     /usr/lib/libsqlite3.so.3.52.0
7fa451215000-7fa45122f000 r--p 00000000 00:1c 684256                     /usr/lib/libxml2.so.16.1.2
7fa45122f000-7fa451302000 r-xp 0001a000 00:1c 684256                     /usr/lib/libxml2.so.16.1.2
7fa451302000-7fa45133f000 r--p 000ed000 00:1c 684256                     /usr/lib/libxml2.so.16.1.2
7fa45133f000-7fa451348000 r--p 0012a000 00:1c 684256                     /usr/lib/libxml2.so.16.1.2
7fa451348000-7fa451349000 rw-p 00133000 00:1c 684256                     /usr/lib/libxml2.so.16.1.2
7fa451349000-7fa45134a000 rw-p 00000000 00:00 0 
7fa45134a000-7fa451353000 r--p 00000000 00:1c 73376                      /usr/lib/libjson-glib-1.0.so.0.1000.8
7fa451353000-7fa451369000 r-xp 00009000 00:1c 73376                      /usr/lib/libjson-glib-1.0.so.0.1000.8
7fa451369000-7fa451372000 r--p 0001f000 00:1c 73376                      /usr/lib/libjson-glib-1.0.so.0.1000.8
7fa451372000-7fa451373000 r--p 00028000 00:1c 73376                      /usr/lib/libjson-glib-1.0.so.0.1000.8
7fa451373000-7fa451374000 rw-p 00029000 00:1c 73376                      /usr/lib/libjson-glib-1.0.so.0.1000.8
7fa451374000-7fa451382000 r--p 00000000 00:1c 26114                      /usr/lib/libdbus-1.so.3.38.3
7fa451382000-7fa4513b3000 r-xp 0000e000 00:1c 26114                      /usr/lib/libdbus-1.so.3.38.3
7fa4513b3000-7fa4513c4000 r--p 0003f000 00:1c 26114                      /usr/lib/libdbus-1.so.3.38.3
7fa4513c4000-7fa4513c6000 r--p 0004f000 00:1c 26114                      /usr/lib/libdbus-1.so.3.38.3
7fa4513c6000-7fa4513c7000 rw-p 00051000 00:1c 26114                      /usr/lib/libdbus-1.so.3.38.3
7fa4513c7000-7fa4513d5000 r--p 00000000 00:1c 895639                     /usr/lib/libatspi.so.0.0.1
7fa4513d5000-7fa4513ee000 r-xp 0000e000 00:1c 895639                     /usr/lib/libatspi.so.0.0.1
7fa4513ee000-7fa4513fb000 r--p 00027000 00:1c 895639                     /usr/lib/libatspi.so.0.0.1
7fa4513fb000-7fa4513ff000 r--p 00034000 00:1c 895639                     /usr/lib/libatspi.so.0.0.1
7fa4513ff000-7fa451400000 rw-p 00038000 00:1c 895639                     /usr/lib/libatspi.so.0.0.1
7fa451400000-7fa4514c2000 r--p 00000000 00:1c 542573                     /usr/lib/libglycin-2.so.0
7fa4514c2000-7fa4517e7000 r-xp 000c1000 00:1c 542573                     /usr/lib/libglycin-2.so.0
7fa4517e7000-7fa451801000 r--p 003e5000 00:1c 542573                     /usr/lib/libglycin-2.so.0
7fa451801000-7fa451805000 rw-p 003fe000 00:1c 542573                     /usr/lib/libglycin-2.so.0
7fa451807000-7fa451809000 r--p 00000000 00:1c 895155                     /usr/lib/libexpat.so.1.11.3
7fa451809000-7fa451827000 r-xp 00002000 00:1c 895155                     /usr/lib/libexpat.so.1.11.3
7fa451827000-7fa45182f000 r--p 00020000 00:1c 895155                     /usr/lib/libexpat.so.1.11.3
7fa45182f000-7fa451831000 r--p 00028000 00:1c 895155                     /usr/lib/libexpat.so.1.11.3
7fa451831000-7fa451832000 rw-p 0002a000 00:1c 895155                     /usr/lib/libexpat.so.1.11.3
7fa451832000-7fa451837000 r--p 00000000 00:1c 71394                      /usr/lib/libpixman-1.so.0.46.4
7fa451837000-7fa4518c8000 r-xp 00005000 00:1c 71394                      /usr/lib/libpixman-1.so.0.46.4
7fa4518c8000-7fa4518d8000 r--p 00096000 00:1c 71394                      /usr/lib/libpixman-1.so.0.46.4
7fa4518d8000-7fa4518e0000 r--p 000a6000 00:1c 71394                      /usr/lib/libpixman-1.so.0.46.4
7fa4518e0000-7fa4518e1000 rw-p 000ae000 00:1c 71394                      /usr/lib/libpixman-1.so.0.46.4
7fa4518e1000-7fa4518e2000 r--p 00000000 00:1c 50049                      /usr/lib/libxcb-shm.so.0.0.0
7fa4518e2000-7fa4518e3000 r-xp 00001000 00:1c 50049                      /usr/lib/libxcb-shm.so.0.0.0
7fa4518e3000-7fa4518e4000 r--p 00002000 00:1c 50049                      /usr/lib/libxcb-shm.so.0.0.0
7fa4518e4000-7fa4518e5000 r--p 00002000 00:1c 50049                      /usr/lib/libxcb-shm.so.0.0.0
7fa4518e5000-7fa4518e6000 rw-p 00003000 00:1c 50049                      /usr/lib/libxcb-shm.so.0.0.0
7fa4518e6000-7fa4518ec000 r--p 00000000 00:1c 50037                      /usr/lib/libxcb-render.so.0.0.0
7fa4518ec000-7fa4518f1000 r-xp 00006000 00:1c 50037                      /usr/lib/libxcb-render.so.0.0.0
7fa4518f1000-7fa4518f3000 r--p 0000b000 00:1c 50037                      /usr/lib/libxcb-render.so.0.0.0
7fa4518f3000-7fa4518f4000 r--p 0000d000 00:1c 50037                      /usr/lib/libxcb-render.so.0.0.0
7fa4518f4000-7fa4518f5000 rw-p 0000e000 00:1c 50037                      /usr/lib/libxcb-render.so.0.0.0
7fa4518f5000-7fa4518f7000 r--p 00000000 00:1c 312213                     /usr/lib/libthai.so.0.3.2
7fa4518f7000-7fa4518fb000 r-xp 00002000 00:1c 312213                     /usr/lib/libthai.so.0.3.2
7fa4518fb000-7fa4518fe000 r--p 00006000 00:1c 312213                     /usr/lib/libthai.so.0.3.2
7fa4518fe000-7fa4518ff000 r--p 00008000 00:1c 312213                     /usr/lib/libthai.so.0.3.2
7fa4518ff000-7fa451900000 rw-p 00009000 00:1c 312213                     /usr/lib/libthai.so.0.3.2
7fa451900000-7fa45190a000 r--p 00000000 00:1c 309736                     /usr/lib/libmount.so.1.1.0
7fa45190a000-7fa451944000 r-xp 0000a000 00:1c 309736                     /usr/lib/libmount.so.1.1.0
7fa451944000-7fa451953000 r--p 00044000 00:1c 309736                     /usr/lib/libmount.so.1.1.0
7fa451953000-7fa451955000 r--p 00053000 00:1c 309736                     /usr/lib/libmount.so.1.1.0
7fa451955000-7fa451956000 rw-p 00055000 00:1c 309736                     /usr/lib/libmount.so.1.1.0
7fa451956000-7fa451958000 r--p 00000000 00:1c 21967                      /usr/lib/libffi.so.8.2.0
7fa451958000-7fa45195f000 r-xp 00002000 00:1c 21967                      /usr/lib/libffi.so.8.2.0
7fa45195f000-7fa451960000 r--p 00009000 00:1c 21967                      /usr/lib/libffi.so.8.2.0
7fa451960000-7fa451961000 r--p 0000a000 00:1c 21967                      /usr/lib/libffi.so.8.2.0
7fa451961000-7fa451962000 rw-p 0000b000 00:1c 21967                      /usr/lib/libffi.so.8.2.0
7fa451962000-7fa451964000 r--p 00000000 00:1c 312146                     /usr/lib/libXrandr.so.2.2.0
7fa451964000-7fa45196b000 r-xp 00002000 00:1c 312146                     /usr/lib/libXrandr.so.2.2.0
7fa45196b000-7fa45196d000 r--p 00009000 00:1c 312146                     /usr/lib/libXrandr.so.2.2.0
7fa45196d000-7fa45196e000 r--p 0000a000 00:1c 312146                     /usr/lib/libXrandr.so.2.2.0
7fa45196e000-7fa45196f000 rw-p 0000b000 00:1c 312146                     /usr/lib/libXrandr.so.2.2.0
7fa45196f000-7fa451970000 r--p 00000000 00:1c 312171                     /usr/lib/libXdamage.so.1.1.0
7fa451970000-7fa451971000 r-xp 00001000 00:1c 312171                     /usr/lib/libXdamage.so.1.1.0
7fa451971000-7fa451972000 r--p 00002000 00:1c 312171                     /usr/lib/libXdamage.so.1.1.0
7fa451972000-7fa451973000 r--p 00002000 00:1c 312171                     /usr/lib/libXdamage.so.1.1.0
7fa451973000-7fa451974000 rw-p 00003000 00:1c 312171                     /usr/lib/libXdamage.so.1.1.0
7fa451974000-7fa451975000 r--p 00000000 00:1c 55941                      /usr/lib/libwayland-egl.so.1.24.0
7fa451975000-7fa451976000 r-xp 00001000 00:1c 55941                      /usr/lib/libwayland-egl.so.1.24.0
7fa451976000-7fa451977000 r--p 00002000 00:1c 55941                      /usr/lib/libwayland-egl.so.1.24.0
7fa451977000-7fa451978000 r--p 00002000 00:1c 55941                      /usr/lib/libwayland-egl.so.1.24.0
7fa451978000-7fa451979000 rw-p 00003000 00:1c 55941                      /usr/lib/libwayland-egl.so.1.24.0
7fa451979000-7fa45197b000 r--p 00000000 00:1c 55938                      /usr/lib/libwayland-cursor.so.0.24.0
7fa45197b000-7fa45197d000 r-xp 00002000 00:1c 55938                      /usr/lib/libwayland-cursor.so.0.24.0
7fa45197d000-7fa45197e000 r--p 00004000 00:1c 55938                      /usr/lib/libwayland-cursor.so.0.24.0
7fa45197e000-7fa45197f000 r--p 00004000 00:1c 55938                      /usr/lib/libwayland-cursor.so.0.24.0
7fa45197f000-7fa451983000 rw-p 00005000 00:1c 55938                      /usr/lib/libwayland-cursor.so.0.24.0
7fa451983000-7fa451986000 r--p 00000000 00:1c 55935                      /usr/lib/libwayland-client.so.0.24.0
7fa451986000-7fa45198d000 r-xp 00003000 00:1c 55935                      /usr/lib/libwayland-client.so.0.24.0
7fa45198d000-7fa451990000 r--p 0000a000 00:1c 55935                      /usr/lib/libwayland-client.so.0.24.0
7fa451990000-7fa451992000 r--p 0000c000 00:1c 55935                      /usr/lib/libwayland-client.so.0.24.0
7fa451992000-7fa451993000 rw-p 0000e000 00:1c 55935                      /usr/lib/libwayland-client.so.0.24.0
7fa451993000-7fa451997000 r--p 00000000 00:1c 73299                      /usr/lib/libxkbcommon.so.0.13.1
7fa451997000-7fa4519c5000 r-xp 00004000 00:1c 73299                      /usr/lib/libxkbcommon.so.0.13.1
7fa4519c5000-7fa4519ed000 r--p 00032000 00:1c 73299                      /usr/lib/libxkbcommon.so.0.13.1
7fa4519ed000-7fa4519ef000 r--p 0005a000 00:1c 73299                      /usr/lib/libxkbcommon.so.0.13.1
7fa4519ef000-7fa4519f0000 rw-p 0005c000 00:1c 73299                      /usr/lib/libxkbcommon.so.0.13.1
7fa4519f0000-7fa451a08000 r--p 00000000 00:1c 73724                      /usr/lib/libtinysparql-3.0.so.0.1001.0
7fa451a08000-7fa451a86000 r-xp 00018000 00:1c 73724                      /usr/lib/libtinysparql-3.0.so.0.1001.0
7fa451a86000-7fa451ab3000 r--p 00096000 00:1c 73724                      /usr/lib/libtinysparql-3.0.so.0.1001.0
7fa451ab3000-7fa451ac1000 r--p 000c3000 00:1c 73724                      /usr/lib/libtinysparql-3.0.so.0.1001.0
7fa451ac1000-7fa451ac2000 rw-p 000d1000 00:1c 73724                      /usr/lib/libtinysparql-3.0.so.0.1001.0
7fa451ac2000-7fa451ac9000 r--p 00000000 00:1c 72648                      /usr/lib/libcloudproviders.so.0.4.0
7fa451ac9000-7fa451ad3000 r-xp 00007000 00:1c 72648                      /usr/lib/libcloudproviders.so.0.4.0
7fa451ad3000-7fa451ad8000 r--p 00011000 00:1c 72648                      /usr/lib/libcloudproviders.so.0.4.0
7fa451ad8000-7fa451ad9000 r--p 00016000 00:1c 72648                      /usr/lib/libcloudproviders.so.0.4.0
7fa451ad9000-7fa451ada000 rw-p 00017000 00:1c 72648                      /usr/lib/libcloudproviders.so.0.4.0
7fa451ada000-7fa451ae5000 r--p 00000000 00:1c 895636                     /usr/lib/libatk-bridge-2.0.so.0.0.0
7fa451ae5000-7fa451afe000 r-xp 0000b000 00:1c 895636                     /usr/lib/libatk-bridge-2.0.so.0.0.0
7fa451afe000-7fa451b12000 r--p 00024000 00:1c 895636                     /usr/lib/libatk-bridge-2.0.so.0.0.0
7fa451b12000-7fa451b14000 r--p 00037000 00:1c 895636                     /usr/lib/libatk-bridge-2.0.so.0.0.0
7fa451b14000-7fa451b16000 rw-p 00039000 00:1c 895636                     /usr/lib/libatk-bridge-2.0.so.0.0.0
7fa451b16000-7fa451b60000 r--p 00000000 00:1c 72736                      /usr/lib/libepoxy.so.0.0.0
7fa451b60000-7fa451bc6000 r-xp 0004a000 00:1c 72736                      /usr/lib/libepoxy.so.0.0.0
7fa451bc6000-7fa451c14000 r--p 000b0000 00:1c 72736                      /usr/lib/libepoxy.so.0.0.0
7fa451c14000-7fa451c1c000 r--p 000fd000 00:1c 72736                      /usr/lib/libepoxy.so.0.0.0
7fa451c1c000-7fa451c23000 rw-p 00105000 00:1c 72736                      /usr/lib/libepoxy.so.0.0.0
7fa451c23000-7fa451c2b000 r--p 00000000 00:1c 895633                     /usr/lib/libatk-1.0.so.0.25813.1
7fa451c2b000-7fa451c3a000 r-xp 00008000 00:1c 895633                     /usr/lib/libatk-1.0.so.0.25813.1
7fa451c3a000-7fa451c45000 r--p 00017000 00:1c 895633                     /usr/lib/libatk-1.0.so.0.25813.1
7fa451c45000-7fa451c48000 r--p 00022000 00:1c 895633                     /usr/lib/libatk-1.0.so.0.25813.1
7fa451c48000-7fa451c49000 rw-p 00025000 00:1c 895633                     /usr/lib/libatk-1.0.so.0.25813.1
7fa451c49000-7fa451c50000 r--p 00000000 00:1c 72516                      /usr/lib/libgdk_pixbuf-2.0.so.0.4400.4
7fa451c50000-7fa451c71000 r-xp 00007000 00:1c 72516                      /usr/lib/libgdk_pixbuf-2.0.so.0.4400.4
7fa451c71000-7fa451c7e000 r--p 00028000 00:1c 72516                      /usr/lib/libgdk_pixbuf-2.0.so.0.4400.4
7fa451c7e000-7fa451c80000 r--p 00034000 00:1c 72516                      /usr/lib/libgdk_pixbuf-2.0.so.0.4400.4
7fa451c80000-7fa451c81000 rw-p 00036000 00:1c 72516                      /usr/lib/libgdk_pixbuf-2.0.so.0.4400.4
7fa451c81000-7fa451c83000 r--p 00000000 00:1c 71490                      /usr/lib/libfribidi.so.0.4.0
7fa451c83000-7fa451c88000 r-xp 00002000 00:1c 71490                      /usr/lib/libfribidi.so.0.4.0
7fa451c88000-7fa451c9f000 r--p 00007000 00:1c 71490                      /usr/lib/libfribidi.so.0.4.0
7fa451c9f000-7fa451ca0000 r--p 0001d000 00:1c 71490                      /usr/lib/libfribidi.so.0.4.0
7fa451ca0000-7fa451ca1000 rw-p 0001e000 00:1c 71490                      /usr/lib/libfribidi.so.0.4.0
7fa451ca1000-7fa451ca7000 r--p 00000000 00:1c 71020                      /usr/lib/libfontconfig.so.1.16.0
7fa451ca7000-7fa451cd8000 r-xp 00006000 00:1c 71020                      /usr/lib/libfontconfig.so.1.16.0
7fa451cd8000-7fa451cef000 r--p 00037000 00:1c 71020                      /usr/lib/libfontconfig.so.1.16.0
7fa451cef000-7fa451cf1000 r--p 0004d000 00:1c 71020                      /usr/lib/libfontconfig.so.1.16.0
7fa451cf1000-7fa451cf2000 rw-p 0004f000 00:1c 71020                      /usr/lib/libfontconfig.so.1.16.0
7fa451cf2000-7fa451d00000 r--p 00000000 00:1c 71430                      /usr/lib/libcairo.so.2.11804.4
7fa451d00000-7fa451df3000 r-xp 0000e000 00:1c 71430                      /usr/lib/libcairo.so.2.11804.4
7fa451df3000-7fa451e28000 r--p 00101000 00:1c 71430                      /usr/lib/libcairo.so.2.11804.4
7fa451e28000-7fa451e2c000 r--p 00136000 00:1c 71430                      /usr/lib/libcairo.so.2.11804.4
7fa451e2c000-7fa451e2e000 rw-p 0013a000 00:1c 71430                      /usr/lib/libcairo.so.2.11804.4
7fa451e2e000-7fa451e2f000 rw-p 00000000 00:00 0 
7fa451e2f000-7fa451e61000 r--p 00000000 00:1c 494623                     /usr/lib/libgio-2.0.so.0.8600.4
7fa451e61000-7fa451f7f000 r-xp 00032000 00:1c 494623                     /usr/lib/libgio-2.0.so.0.8600.4
7fa451f7f000-7fa451ff4000 r--p 00150000 00:1c 494623                     /usr/lib/libgio-2.0.so.0.8600.4
7fa451ff4000-7fa451ffd000 r--p 001c4000 00:1c 494623                     /usr/lib/libgio-2.0.so.0.8600.4
7fa451ffd000-7fa451ffe000 rw-p 001cd000 00:1c 494623                     /usr/lib/libgio-2.0.so.0.8600.4
7fa451ffe000-7fa452000000 rw-p 00000000 00:00 0 
7fa452000000-7fa452070000 r--p 00000000 00:1c 897740                     /usr/lib/libgtk-3.so.0.2420.32
7fa452070000-7fa452427000 r-xp 00070000 00:1c 897740                     /usr/lib/libgtk-3.so.0.2420.32
7fa452427000-7fa4526e5000 r--p 00427000 00:1c 897740                     /usr/lib/libgtk-3.so.0.2420.32
7fa4526e5000-7fa4526f7000 r--p 006e5000 00:1c 897740                     /usr/lib/libgtk-3.so.0.2420.32
7fa4526f7000-7fa4526f9000 rw-p 006f7000 00:1c 897740                     /usr/lib/libgtk-3.so.0.2420.32
7fa4526f9000-7fa4526fe000 rw-p 00000000 00:00 0 
7fa452700000-7fa452702000 r--p 00000000 00:1c 71424                      /usr/lib/libcairo-gobject.so.2.11804.4
7fa452702000-7fa452704000 r-xp 00002000 00:1c 71424                      /usr/lib/libcairo-gobject.so.2.11804.4
7fa452704000-7fa452706000 r--p 00004000 00:1c 71424                      /usr/lib/libcairo-gobject.so.2.11804.4
7fa452706000-7fa452708000 r--p 00006000 00:1c 71424                      /usr/lib/libcairo-gobject.so.2.11804.4
7fa452708000-7fa452709000 rw-p 00008000 00:1c 71424                      /usr/lib/libcairo-gobject.so.2.11804.4
7fa452709000-7fa452711000 r--p 00000000 00:1c 895951                     /usr/lib/libpangoft2-1.0.so.0.5701.0
7fa452711000-7fa452720000 r-xp 00008000 00:1c 895951                     /usr/lib/libpangoft2-1.0.so.0.5701.0
7fa452720000-7fa452725000 r--p 00017000 00:1c 895951                     /usr/lib/libpangoft2-1.0.so.0.5701.0
7fa452725000-7fa452726000 r--p 0001c000 00:1c 895951                     /usr/lib/libpangoft2-1.0.so.0.5701.0
7fa452726000-7fa452727000 rw-p 0001d000 00:1c 895951                     /usr/lib/libpangoft2-1.0.so.0.5701.0
7fa452727000-7fa452735000 r--p 00000000 00:1c 895945                     /usr/lib/libpango-1.0.so.0.5701.0
7fa452735000-7fa452773000 r-xp 0000e000 00:1c 895945                     /usr/lib/libpango-1.0.so.0.5701.0
7fa452773000-7fa45278d000 r--p 0004c000 00:1c 895945                     /usr/lib/libpango-1.0.so.0.5701.0
7fa45278d000-7fa452791000 r--p 00065000 00:1c 895945                     /usr/lib/libpango-1.0.so.0.5701.0
7fa452791000-7fa452792000 rw-p 00069000 00:1c 895945                     /usr/lib/libpango-1.0.so.0.5701.0
7fa452792000-7fa452797000 r--p 00000000 00:1c 895948                     /usr/lib/libpangocairo-1.0.so.0.5701.0
7fa452797000-7fa45279f000 r-xp 00005000 00:1c 895948                     /usr/lib/libpangocairo-1.0.so.0.5701.0
7fa45279f000-7fa4527a1000 r--p 0000d000 00:1c 895948                     /usr/lib/libpangocairo-1.0.so.0.5701.0
7fa4527a1000-7fa4527a2000 r--p 0000f000 00:1c 895948                     /usr/lib/libpangocairo-1.0.so.0.5701.0
7fa4527a2000-7fa4527a3000 rw-p 00010000 00:1c 895948                     /usr/lib/libpangocairo-1.0.so.0.5701.0
7fa4527a3000-7fa4527af000 r--p 00000000 00:1c 494639                     /usr/lib/libgobject-2.0.so.0.8600.4
7fa4527af000-7fa4527e6000 r-xp 0000c000 00:1c 494639                     /usr/lib/libgobject-2.0.so.0.8600.4
7fa4527e6000-7fa4527fe000 r--p 00043000 00:1c 494639                     /usr/lib/libgobject-2.0.so.0.8600.4
7fa4527fe000-7fa452801000 r--p 0005b000 00:1c 494639                     /usr/lib/libgobject-2.0.so.0.8600.4
7fa452801000-7fa452802000 rw-p 0005e000 00:1c 494639                     /usr/lib/libgobject-2.0.so.0.8600.4
7fa452802000-7fa452804000 r--p 00000000 00:1c 494635                     /usr/lib/libgmodule-2.0.so.0.8600.4
7fa452804000-7fa452806000 r-xp 00002000 00:1c 494635                     /usr/lib/libgmodule-2.0.so.0.8600.4
7fa452806000-7fa452807000 r--p 00004000 00:1c 494635                     /usr/lib/libgmodule-2.0.so.0.8600.4
7fa452807000-7fa452808000 r--p 00004000 00:1c 494635                     /usr/lib/libgmodule-2.0.so.0.8600.4
7fa452808000-7fa452809000 rw-p 00005000 00:1c 494635                     /usr/lib/libgmodule-2.0.so.0.8600.4
7fa452809000-7fa452826000 r--p 00000000 00:1c 897737                     /usr/lib/libgdk-3.so.0.2420.32
7fa452826000-7fa4528a8000 r-xp 0001d000 00:1c 897737                     /usr/lib/libgdk-3.so.0.2420.32
7fa4528a8000-7fa4528ea000 r--p 0009f000 00:1c 897737                     /usr/lib/libgdk-3.so.0.2420.32
7fa4528ea000-7fa4528f4000 r--p 000e0000 00:1c 897737                     /usr/lib/libgdk-3.so.0.2420.32
7fa4528f4000-7fa4528f6000 rw-p 000ea000 00:1c 897737                     /usr/lib/libgdk-3.so.0.2420.32
7fa4528f6000-7fa4528f7000 r--p 00000000 00:1c 312124                     /usr/lib/libXcomposite.so.1.0.0
7fa4528f7000-7fa4528f8000 r-xp 00001000 00:1c 312124                     /usr/lib/libXcomposite.so.1.0.0
7fa4528f8000-7fa4528f9000 r--p 00002000 00:1c 312124                     /usr/lib/libXcomposite.so.1.0.0
7fa4528f9000-7fa4528fa000 r--p 00002000 00:1c 312124                     /usr/lib/libXcomposite.so.1.0.0
7fa4528fa000-7fa4528fb000 rw-p 00003000 00:1c 312124                     /usr/lib/libXcomposite.so.1.0.0
7fa4528fb000-7fa4528fc000 rw-p 00000000 00:00 0 
7fa4528fc000-7fa452900000 ---p 00000000 00:00 0 
7fa452900000-7fa4529fd000 rw-p 00000000 00:00 0 
7fa4529fd000-7fa452a01000 ---p 00000000 00:00 0 
7fa452a01000-7fa452afd000 rw-p 00000000 00:00 0 
7fa452afd000-7fa452b00000 r--p 00000000 00:1c 18582                      /usr/lib/libpcre2-8.so.0.15.0
7fa452b00000-7fa452b7e000 r-xp 00003000 00:1c 18582                      /usr/lib/libpcre2-8.so.0.15.0
7fa452b7e000-7fa452ba9000 r--p 00081000 00:1c 18582                      /usr/lib/libpcre2-8.so.0.15.0
7fa452ba9000-7fa452baa000 r--p 000ab000 00:1c 18582                      /usr/lib/libpcre2-8.so.0.15.0
7fa452baa000-7fa452bab000 rw-p 000ac000 00:1c 18582                      /usr/lib/libpcre2-8.so.0.15.0
7fa452bab000-7fa452bc9000 r--p 00000000 00:1c 494631                     /usr/lib/libglib-2.0.so.0.8600.4
7fa452bc9000-7fa452c70000 r-xp 0001e000 00:1c 494631                     /usr/lib/libglib-2.0.so.0.8600.4
7fa452c70000-7fa452d00000 r--p 000c5000 00:1c 494631                     /usr/lib/libglib-2.0.so.0.8600.4
7fa452d00000-7fa452d01000 r--p 00155000 00:1c 494631                     /usr/lib/libglib-2.0.so.0.8600.4
7fa452d01000-7fa452d02000 rw-p 00156000 00:1c 494631                     /usr/lib/libglib-2.0.so.0.8600.4
7fa452d02000-7fa452d03000 rw-p 00000000 00:00 0 
7fa452d03000-7fa452d09000 r--p 00000000 00:1c 895818                     /usr/lib/libfreetype.so.6.20.6
7fa452d09000-7fa452da1000 r-xp 00006000 00:1c 895818                     /usr/lib/libfreetype.so.6.20.6
7fa452da1000-7fa452dca000 r--p 0009e000 00:1c 895818                     /usr/lib/libfreetype.so.6.20.6
7fa452dca000-7fa452dd2000 r--p 000c6000 00:1c 895818                     /usr/lib/libfreetype.so.6.20.6
7fa452dd2000-7fa452dd3000 rw-p 000ce000 00:1c 895818                     /usr/lib/libfreetype.so.6.20.6
7fa452dd3000-7fa452de0000 r--p 00000000 00:1c 895884                     /usr/lib/libharfbuzz.so.0.61321.0
7fa452de0000-7fa452ecc000 r-xp 0000d000 00:1c 895884                     /usr/lib/libharfbuzz.so.0.61321.0
7fa452ecc000-7fa452efc000 r--p 000f9000 00:1c 895884                     /usr/lib/libharfbuzz.so.0.61321.0
7fa452efc000-7fa452efe000 r--p 00128000 00:1c 895884                     /usr/lib/libharfbuzz.so.0.61321.0
7fa452efe000-7fa452eff000 rw-p 0012a000 00:1c 895884                     /usr/lib/libharfbuzz.so.0.61321.0
7fa452eff000-7fa452f00000 rw-p 00000000 00:00 0 
7fa452f00000-7fa452f04000 ---p 00000000 00:00 0 
7fa452f04000-7fa453000000 rw-p 00000000 00:00 0 
7fa453000000-7fa453340000 rw-p 00000000 00:00 0 
7fa453340000-7fa453400000 ---p 00000000 00:00 0 
7fa453400000-7fa453420000 rw-p 00000000 00:00 0 
7fa453420000-7fa457000000 ---p 00000000 00:00 0 
7fa457000000-7fa457c9b000 rw-p 00001000 00:1c 1074018                    /usr/lib/jvm/java-21-openjdk/lib/server/classes.jsa
7fa457c9b000-7fa458000000 ---p 00000000 00:00 0 
7fa458000000-7fa458010000 rw-p 00000000 00:00 0 
7fa458010000-7fa458020000 ---p 00000000 00:00 0 
7fa458020000-7fa458040000 rw-p 00000000 00:00 0 
7fa458040000-7fa458080000 rw-p 00000000 00:00 0 
7fa458080000-7fa498000000 ---p 00000000 00:00 0 
7fa498000000-7fa498021000 rw-p 00000000 00:00 0 
7fa498021000-7fa49c000000 ---p 00000000 00:00 0 
7fa49c000000-7fa49c021000 rw-p 00000000 00:00 0 
7fa49c021000-7fa4a0000000 ---p 00000000 00:00 0 
7fa4a0000000-7fa4a0021000 rw-p 00000000 00:00 0 
7fa4a0021000-7fa4a4000000 ---p 00000000 00:00 0 
7fa4a4004000-7fa4a4005000 r--p 00000000 00:1c 311625                     /usr/lib/libbrotlicommon.so.1.2.0
7fa4a4005000-7fa4a4006000 r-xp 00001000 00:1c 311625                     /usr/lib/libbrotlicommon.so.1.2.0
7fa4a4006000-7fa4a4025000 r--p 00002000 00:1c 311625                     /usr/lib/libbrotlicommon.so.1.2.0
7fa4a4025000-7fa4a4026000 r--p 00021000 00:1c 311625                     /usr/lib/libbrotlicommon.so.1.2.0
7fa4a4026000-7fa4a4027000 rw-p 00022000 00:1c 311625                     /usr/lib/libbrotlicommon.so.1.2.0
7fa4a4027000-7fa4a4028000 r--p 00000000 00:1c 311628                     /usr/lib/libbrotlidec.so.1.2.0
7fa4a4028000-7fa4a4031000 r-xp 00001000 00:1c 311628                     /usr/lib/libbrotlidec.so.1.2.0
7fa4a4031000-7fa4a4034000 r--p 0000a000 00:1c 311628                     /usr/lib/libbrotlidec.so.1.2.0
7fa4a4034000-7fa4a4035000 r--p 0000c000 00:1c 311628                     /usr/lib/libbrotlidec.so.1.2.0
7fa4a4035000-7fa4a4036000 rw-p 0000d000 00:1c 311628                     /usr/lib/libbrotlidec.so.1.2.0
7fa4a4036000-7fa4a403c000 r--p 00000000 00:1c 496171                     /usr/lib/libpng16.so.16.55.0
7fa4a403c000-7fa4a4066000 r-xp 00006000 00:1c 496171                     /usr/lib/libpng16.so.16.55.0
7fa4a4066000-7fa4a406f000 r--p 00030000 00:1c 496171                     /usr/lib/libpng16.so.16.55.0
7fa4a406f000-7fa4a4070000 r--p 00039000 00:1c 496171                     /usr/lib/libpng16.so.16.55.0
7fa4a4070000-7fa4a4071000 rw-p 0003a000 00:1c 496171                     /usr/lib/libpng16.so.16.55.0
7fa4a4071000-7fa4a4073000 r--p 00000000 00:1c 498274                     /usr/lib/libgraphite2.so.3.2.1
7fa4a4073000-7fa4a408c000 r-xp 00002000 00:1c 498274                     /usr/lib/libgraphite2.so.3.2.1
7fa4a408c000-7fa4a4091000 r--p 0001b000 00:1c 498274                     /usr/lib/libgraphite2.so.3.2.1
7fa4a4091000-7fa4a4093000 r--p 0001f000 00:1c 498274                     /usr/lib/libgraphite2.so.3.2.1
7fa4a4093000-7fa4a4094000 rw-p 00021000 00:1c 498274                     /usr/lib/libgraphite2.so.3.2.1
7fa4a4094000-7fa4a40ab000 r--p 00000000 00:1c 496540                     /usr/lib/libX11.so.6.4.0
7fa4a40ab000-7fa4a4140000 r-xp 00017000 00:1c 496540                     /usr/lib/libX11.so.6.4.0
7fa4a4140000-7fa4a41cf000 r--p 000ac000 00:1c 496540                     /usr/lib/libX11.so.6.4.0
7fa4a41cf000-7fa4a41d2000 r--p 0013a000 00:1c 496540                     /usr/lib/libX11.so.6.4.0
7fa4a41d2000-7fa4a41d6000 rw-p 0013d000 00:1c 496540                     /usr/lib/libX11.so.6.4.0
7fa4a41d6000-7fa4a41e4000 r--p 00000000 00:1c 1073975                    /usr/lib/jvm/java-21-openjdk/lib/libawt_xawt.so
7fa4a41e4000-7fa4a422d000 r-xp 0000e000 00:1c 1073975                    /usr/lib/jvm/java-21-openjdk/lib/libawt_xawt.so
7fa4a422d000-7fa4a4241000 r--p 00057000 00:1c 1073975                    /usr/lib/jvm/java-21-openjdk/lib/libawt_xawt.so
7fa4a4241000-7fa4a4243000 r--p 0006b000 00:1c 1073975                    /usr/lib/jvm/java-21-openjdk/lib/libawt_xawt.so
7fa4a4243000-7fa4a4245000 rw-p 0006d000 00:1c 1073975                    /usr/lib/jvm/java-21-openjdk/lib/libawt_xawt.so
7fa4a4245000-7fa4a4247000 rw-p 00000000 00:00 0 
7fa4a4247000-7fa4a424c000 r--p 00000000 00:1c 1073973                    /usr/lib/jvm/java-21-openjdk/lib/libawt.so
7fa4a424c000-7fa4a42e9000 r-xp 00005000 00:1c 1073973                    /usr/lib/jvm/java-21-openjdk/lib/libawt.so
7fa4a42e9000-7fa4a42f6000 r--p 000a2000 00:1c 1073973                    /usr/lib/jvm/java-21-openjdk/lib/libawt.so
7fa4a42f6000-7fa4a42f7000 r--p 000ae000 00:1c 1073973                    /usr/lib/jvm/java-21-openjdk/lib/libawt.so
7fa4a42f7000-7fa4a4302000 rw-p 000af000 00:1c 1073973                    /usr/lib/jvm/java-21-openjdk/lib/libawt.so
7fa4a4302000-7fa4a4327000 rw-p 00000000 00:00 0 
7fa4a4327000-7fa4a4328000 rw-p 00000000 00:00 0 
7fa4a4328000-7fa4a432c000 ---p 00000000 00:00 0 
7fa4a432c000-7fa4a4429000 rw-p 00000000 00:00 0 
7fa4a4429000-7fa4a442d000 ---p 00000000 00:00 0 
7fa4a442d000-7fa4a4529000 rw-p 00000000 00:00 0 
7fa4a4529000-7fa4a452e000 r--p 00000000 00:1c 1073992                    /usr/lib/jvm/java-21-openjdk/lib/libjsvml.so
7fa4a452e000-7fa4a456f000 r-xp 00005000 00:1c 1073992                    /usr/lib/jvm/java-21-openjdk/lib/libjsvml.so
7fa4a456f000-7fa4a45f8000 r--p 00046000 00:1c 1073992                    /usr/lib/jvm/java-21-openjdk/lib/libjsvml.so
7fa4a45f8000-7fa4a45f9000 r--p 000ce000 00:1c 1073992                    /usr/lib/jvm/java-21-openjdk/lib/libjsvml.so
7fa4a45f9000-7fa4a45fa000 rw-p 000cf000 00:1c 1073992                    /usr/lib/jvm/java-21-openjdk/lib/libjsvml.so
7fa4a45fa000-7fa4a45fb000 rw-p 00000000 00:00 0 
7fa4a45fb000-7fa4a45ff000 ---p 00000000 00:00 0 
7fa4a45ff000-7fa4a46fc000 rw-p 00000000 00:00 0 
7fa4a46fc000-7fa4a4700000 ---p 00000000 00:00 0 
7fa4a4700000-7fa4a47fd000 rw-p 00000000 00:00 0 
7fa4a47fd000-7fa4a4801000 ---p 00000000 00:00 0 
7fa4a4801000-7fa4a48fe000 rw-p 00000000 00:00 0 
7fa4a48fe000-7fa4a4902000 ---p 00000000 00:00 0 
7fa4a4902000-7fa4a49ff000 rw-p 00000000 00:00 0 
7fa4a49ff000-7fa4a4a03000 ---p 00000000 00:00 0 
7fa4a4a03000-7fa4a4b00000 rw-p 00000000 00:00 0 
7fa4a4b00000-7fa4a4b04000 ---p 00000000 00:00 0 
7fa4a4b04000-7fa4a4c00000 rw-p 00000000 00:00 0 
7fa4a4c00000-7fa4a4eed000 r--p 00000000 00:1c 490304                     /usr/lib/locale/locale-archive
7fa4a4eef000-7fa4a4ef0000 rw-p 00000000 00:00 0 
7fa4a4ef0000-7fa4a4ef4000 ---p 00000000 00:00 0 
7fa4a4ef4000-7fa4a53f4000 rw-p 00000000 00:00 0 
7fa4a53f4000-7fa4a8021000 rw-p 00000000 00:00 0 
7fa4a8021000-7fa4ac000000 ---p 00000000 00:00 0 
7fa4ac000000-7fa4ac021000 rw-p 00000000 00:00 0 
7fa4ac021000-7fa4b0000000 ---p 00000000 00:00 0 
7fa4b0000000-7fa4b0021000 rw-p 00000000 00:00 0 
7fa4b0021000-7fa4b4000000 ---p 00000000 00:00 0 
7fa4b4001000-7fa4b4003000 r--p 00000000 00:1c 18306                      /usr/lib/libbz2.so.1.0.8
7fa4b4003000-7fa4b4010000 r-xp 00002000 00:1c 18306                      /usr/lib/libbz2.so.1.0.8
7fa4b4010000-7fa4b4012000 r--p 0000f000 00:1c 18306                      /usr/lib/libbz2.so.1.0.8
7fa4b4012000-7fa4b4013000 r--p 00010000 00:1c 18306                      /usr/lib/libbz2.so.1.0.8
7fa4b4013000-7fa4b4014000 rw-p 00011000 00:1c 18306                      /usr/lib/libbz2.so.1.0.8
7fa4b401a000-7fa4b4022000 r--s 00000000 00:1c 136395                     /home/domplin/.cache/fontconfig/a9166a13c4a4e072c9ea2dae19ae425f-le64.cache-9
7fa4b4022000-7fa4b4028000 r--s 00000000 00:1c 136389                     /home/domplin/.cache/fontconfig/b67b32625a2bb51b023d3814a918f351-le64.cache-9
7fa4b4028000-7fa4b4033000 r--s 00000000 00:1c 136377                     /home/domplin/.cache/fontconfig/4b31aef11cb0687b6d280d34cbe23592-le64.cache-9
7fa4b4035000-7fa4b4036000 r--p 00000000 00:1c 904248                     /usr/lib/spa-0.2/support/libspa-journal.so
7fa4b4036000-7fa4b4038000 r-xp 00001000 00:1c 904248                     /usr/lib/spa-0.2/support/libspa-journal.so
7fa4b4038000-7fa4b4039000 r--p 00003000 00:1c 904248                     /usr/lib/spa-0.2/support/libspa-journal.so
7fa4b4039000-7fa4b403a000 r--p 00003000 00:1c 904248                     /usr/lib/spa-0.2/support/libspa-journal.so
7fa4b403a000-7fa4b403b000 rw-p 00004000 00:1c 904248                     /usr/lib/spa-0.2/support/libspa-journal.so
7fa4b403b000-7fa4b403e000 r--s 00000000 00:1c 136381                     /home/domplin/.cache/fontconfig/ec9db0aec63b087e87fa5135389d951c-le64.cache-9
7fa4b403e000-7fa4b404a000 r--p 00000000 00:1c 50079                      /usr/lib/libxcb.so.1.1.0
7fa4b404a000-7fa4b405e000 r-xp 0000c000 00:1c 50079                      /usr/lib/libxcb.so.1.1.0
7fa4b405e000-7fa4b4067000 r--p 00020000 00:1c 50079                      /usr/lib/libxcb.so.1.1.0
7fa4b4067000-7fa4b4068000 r--p 00028000 00:1c 50079                      /usr/lib/libxcb.so.1.1.0
7fa4b4068000-7fa4b4069000 rw-p 00029000 00:1c 50079                      /usr/lib/libxcb.so.1.1.0
7fa4b4069000-7fa4b4ed0000 rw-p 00000000 00:00 0 
7fa4b4ed0000-7fa4bc3f0000 ---p 00000000 00:00 0 
7fa4bc3f0000-7fa4bc400000 rw-p 00000000 00:00 0 
7fa4bc400000-7fa4bc670000 rwxp 00000000 00:00 0 
7fa4bc670000-7fa4c385f000 ---p 00000000 00:00 0 
7fa4c385f000-7fa4c3b7f000 rwxp 00000000 00:00 0 
7fa4c3b7f000-7fa4c3fa0000 ---p 00000000 00:00 0 
7fa4c3fa0000-7fa4c4210000 rwxp 00000000 00:00 0 
7fa4c4210000-7fa4cb400000 ---p 00000000 00:00 0 
7fa4cb400000-7fa4d3ebc000 r--s 00000000 00:1c 1074009                    /usr/lib/jvm/java-21-openjdk/lib/modules
7fa4d3ebc000-7fa4d3ebf000 r--p 00000000 00:1c 72771                      /usr/lib/libXcursor.so.1.0.2
7fa4d3ebf000-7fa4d3ec5000 r-xp 00003000 00:1c 72771                      /usr/lib/libXcursor.so.1.0.2
7fa4d3ec5000-7fa4d3ec7000 r--p 00009000 00:1c 72771                      /usr/lib/libXcursor.so.1.0.2
7fa4d3ec7000-7fa4d3ec8000 r--p 0000a000 00:1c 72771                      /usr/lib/libXcursor.so.1.0.2
7fa4d3ec8000-7fa4d3ec9000 rw-p 0000b000 00:1c 72771                      /usr/lib/libXcursor.so.1.0.2
7fa4d3ec9000-7fa4d3ecc000 r--p 00000000 00:1c 1073978                    /usr/lib/jvm/java-21-openjdk/lib/libfontmanager.so
7fa4d3ecc000-7fa4d3ed4000 r-xp 00003000 00:1c 1073978                    /usr/lib/jvm/java-21-openjdk/lib/libfontmanager.so
7fa4d3ed4000-7fa4d3ed6000 r--p 0000b000 00:1c 1073978                    /usr/lib/jvm/java-21-openjdk/lib/libfontmanager.so
7fa4d3ed6000-7fa4d3ed7000 r--p 0000c000 00:1c 1073978                    /usr/lib/jvm/java-21-openjdk/lib/libfontmanager.so
7fa4d3ed7000-7fa4d3ed8000 rw-p 0000d000 00:1c 1073978                    /usr/lib/jvm/java-21-openjdk/lib/libfontmanager.so
7fa4d3ed8000-7fa4d3edb000 r--p 00000000 00:1c 56245                      /usr/lib/libXi.so.6.1.0
7fa4d3edb000-7fa4d3ee7000 r-xp 00003000 00:1c 56245                      /usr/lib/libXi.so.6.1.0
7fa4d3ee7000-7fa4d3ee9000 r--p 0000f000 00:1c 56245                      /usr/lib/libXi.so.6.1.0
7fa4d3ee9000-7fa4d3eea000 r--p 00011000 00:1c 56245                      /usr/lib/libXi.so.6.1.0
7fa4d3eea000-7fa4d3eeb000 rw-p 00012000 00:1c 56245                      /usr/lib/libXi.so.6.1.0
7fa4d3eeb000-7fa4d3eef000 r--p 00000000 00:1c 311818                     /usr/lib/libXext.so.6.4.0
7fa4d3eef000-7fa4d3efa000 r-xp 00004000 00:1c 311818                     /usr/lib/libXext.so.6.4.0
7fa4d3efa000-7fa4d3efd000 r--p 0000f000 00:1c 311818                     /usr/lib/libXext.so.6.4.0
7fa4d3efd000-7fa4d3efe000 r--p 00011000 00:1c 311818                     /usr/lib/libXext.so.6.4.0
7fa4d3efe000-7fa4d3eff000 rw-p 00012000 00:1c 311818                     /usr/lib/libXext.so.6.4.0
7fa4d3eff000-7fa4d4000000 rw-p 00000000 00:00 0 
7fa4d4000000-7fa4d43b9000 rw-p 00000000 00:00 0 
7fa4d43b9000-7fa4d8000000 ---p 00000000 00:00 0 
7fa4d8000000-7fa4d8001000 rw-s 00000000 00:01 16430                      /memfd:pipewire-memfd:flags=0x0000000f,type=2,size=4096 (deleted)
7fa4d8001000-7fa4d8002000 rw-s 00000000 00:01 422                        /memfd:pipewire-memfd:flags=0x0000000f,type=2,size=2312 (deleted)
7fa4d8002000-7fa4d8003000 rw-s 00000000 00:01 16431                      /memfd:pipewire-memfd:flags=0x0000000f,type=2,size=128 (deleted)
7fa4d8003000-7fa4d8004000 rw-s 00000000 00:01 16429                      /memfd:pipewire-memfd:flags=0x0000000f,type=2,size=2312 (deleted)
7fa4d8004000-7fa4d8006000 r--p 00000000 00:1c 56232                      /usr/lib/libXfixes.so.3.1.0
7fa4d8006000-7fa4d8009000 r-xp 00002000 00:1c 56232                      /usr/lib/libXfixes.so.3.1.0
7fa4d8009000-7fa4d800a000 r--p 00005000 00:1c 56232                      /usr/lib/libXfixes.so.3.1.0
7fa4d800a000-7fa4d800b000 r--p 00005000 00:1c 56232                      /usr/lib/libXfixes.so.3.1.0
7fa4d800b000-7fa4d800c000 rw-p 00006000 00:1c 56232                      /usr/lib/libXfixes.so.3.1.0
7fa4d800c000-7fa4d800e000 r--p 00000000 00:1c 1074008                    /usr/lib/jvm/java-21-openjdk/lib/libzip.so
7fa4d800e000-7fa4d8012000 r-xp 00002000 00:1c 1074008                    /usr/lib/jvm/java-21-openjdk/lib/libzip.so
7fa4d8012000-7fa4d8014000 r--p 00006000 00:1c 1074008                    /usr/lib/jvm/java-21-openjdk/lib/libzip.so
7fa4d8014000-7fa4d8015000 r--p 00007000 00:1c 1074008                    /usr/lib/jvm/java-21-openjdk/lib/libzip.so
7fa4d8015000-7fa4d8016000 rw-p 00008000 00:1c 1074008                    /usr/lib/jvm/java-21-openjdk/lib/libzip.so
7fa4d8016000-7fa4d8019000 r--p 00000000 00:1c 1073999                    /usr/lib/jvm/java-21-openjdk/lib/libnet.so
7fa4d8019000-7fa4d8021000 r-xp 00003000 00:1c 1073999                    /usr/lib/jvm/java-21-openjdk/lib/libnet.so
7fa4d8021000-7fa4d8023000 r--p 0000b000 00:1c 1073999                    /usr/lib/jvm/java-21-openjdk/lib/libnet.so
7fa4d8023000-7fa4d8024000 r--p 0000c000 00:1c 1073999                    /usr/lib/jvm/java-21-openjdk/lib/libnet.so
7fa4d8024000-7fa4d8025000 rw-p 0000d000 00:1c 1073999                    /usr/lib/jvm/java-21-openjdk/lib/libnet.so
7fa4d8025000-7fa4d802c000 r--p 00000000 00:1c 1074000                    /usr/lib/jvm/java-21-openjdk/lib/libnio.so
7fa4d802c000-7fa4d8035000 r-xp 00007000 00:1c 1074000                    /usr/lib/jvm/java-21-openjdk/lib/libnio.so
7fa4d8035000-7fa4d8039000 r--p 00010000 00:1c 1074000                    /usr/lib/jvm/java-21-openjdk/lib/libnio.so
7fa4d8039000-7fa4d803a000 r--p 00014000 00:1c 1074000                    /usr/lib/jvm/java-21-openjdk/lib/libnio.so
7fa4d803a000-7fa4d803b000 rw-p 00015000 00:1c 1074000                    /usr/lib/jvm/java-21-openjdk/lib/libnio.so
7fa4d803b000-7fa4d80d7000 rw-p 00000000 00:00 0 
7fa4d80d7000-7fa4d82d9000 rw-p 00000000 00:00 0 
7fa4d82d9000-7fa4d84d4000 rw-p 00000000 00:00 0 
7fa4d84d4000-7fa4d9378000 ---p 00000000 00:00 0 
7fa4d9378000-7fa4d9476000 rw-p 00000000 00:00 0 
7fa4d9476000-7fa4da31a000 ---p 00000000 00:00 0 
7fa4da31a000-7fa4db533000 rw-p 00000000 00:00 0 
7fa4db533000-7fa4db617000 ---p 00000000 00:00 0 
7fa4db617000-7fa4db61c000 rw-p 00000000 00:00 0 
7fa4db61c000-7fa4db700000 ---p 00000000 00:00 0 
7fa4db700000-7fa4db704000 ---p 00000000 00:00 0 
7fa4db704000-7fa4db800000 rw-p 00000000 00:00 0 
7fa4db800000-7fa4db897000 r--p 00000000 00:1c 490384                     /usr/lib/libstdc++.so.6.0.34
7fa4db897000-7fa4db9ec000 r-xp 00097000 00:1c 490384                     /usr/lib/libstdc++.so.6.0.34
7fa4db9ec000-7fa4dba7e000 r--p 001ec000 00:1c 490384                     /usr/lib/libstdc++.so.6.0.34
7fa4dba7e000-7fa4dba8f000 r--p 0027e000 00:1c 490384                     /usr/lib/libstdc++.so.6.0.34
7fa4dba8f000-7fa4dba90000 rw-p 0028f000 00:1c 490384                     /usr/lib/libstdc++.so.6.0.34
7fa4dba90000-7fa4dba94000 rw-p 00000000 00:00 0 
7fa4dba94000-7fa4dba95000 rw-s 00000000 00:01 9431                       /memfd:pipewire-memfd:flags=0x0000000f,type=2,size=2312 (deleted)
7fa4dba95000-7fa4dba96000 r--s 00000000 00:1c 136373                     /home/domplin/.cache/fontconfig/441b37ec13a620de2cf1f30c8f997016-le64.cache-9
7fa4dba96000-7fa4dba97000 r--p 00000000 00:1c 312182                     /usr/lib/libXinerama.so.1.0.0
7fa4dba97000-7fa4dba98000 r-xp 00001000 00:1c 312182                     /usr/lib/libXinerama.so.1.0.0
7fa4dba98000-7fa4dba99000 r--p 00002000 00:1c 312182                     /usr/lib/libXinerama.so.1.0.0
7fa4dba99000-7fa4dba9a000 r--p 00002000 00:1c 312182                     /usr/lib/libXinerama.so.1.0.0
7fa4dba9a000-7fa4dba9b000 rw-p 00003000 00:1c 312182                     /usr/lib/libXinerama.so.1.0.0
7fa4dba9b000-7fa4dba9d000 r--p 00000000 00:1c 49941                      /usr/lib/libXdmcp.so.6.0.0
7fa4dba9d000-7fa4dba9f000 r-xp 00002000 00:1c 49941                      /usr/lib/libXdmcp.so.6.0.0
7fa4dba9f000-7fa4dbaa1000 r--p 00004000 00:1c 49941                      /usr/lib/libXdmcp.so.6.0.0
7fa4dbaa1000-7fa4dbaa2000 r--p 00005000 00:1c 49941                      /usr/lib/libXdmcp.so.6.0.0
7fa4dbaa2000-7fa4dbaa3000 rw-p 00006000 00:1c 49941                      /usr/lib/libXdmcp.so.6.0.0
7fa4dbaa3000-7fa4dbae2000 rw-p 00000000 00:00 0 
7fa4dbae2000-7fa4dbaf2000 r--p 00000000 00:1c 489595                     /usr/lib/libm.so.6
7fa4dbaf2000-7fa4dbb89000 r-xp 00010000 00:1c 489595                     /usr/lib/libm.so.6
7fa4dbb89000-7fa4dbbfe000 r--p 000a7000 00:1c 489595                     /usr/lib/libm.so.6
7fa4dbbfe000-7fa4dbbff000 r--p 0011b000 00:1c 489595                     /usr/lib/libm.so.6
7fa4dbbff000-7fa4dbc00000 rw-p 0011c000 00:1c 489595                     /usr/lib/libm.so.6
7fa4dbc00000-7fa4dbc10000 r--p 00000000 00:1c 1074021                    /usr/lib/jvm/java-21-openjdk/lib/server/libjvm.so
7fa4dbc10000-7fa4dcb16000 r-xp 00010000 00:1c 1074021                    /usr/lib/jvm/java-21-openjdk/lib/server/libjvm.so
7fa4dcb16000-7fa4dcdef000 r--p 00f16000 00:1c 1074021                    /usr/lib/jvm/java-21-openjdk/lib/server/libjvm.so
7fa4dcdef000-7fa4dcec5000 r--p 011ef000 00:1c 1074021                    /usr/lib/jvm/java-21-openjdk/lib/server/libjvm.so
7fa4dcec5000-7fa4dcef5000 rw-p 012c5000 00:1c 1074021                    /usr/lib/jvm/java-21-openjdk/lib/server/libjvm.so
7fa4dcef5000-7fa4dcf5c000 rw-p 00000000 00:00 0 
7fa4dcf5c000-7fa4dcf5d000 rw-p 00000000 00:00 0 
7fa4dcf5d000-7fa4dcf5e000 r--p 00000000 00:1c 49954                      /usr/lib/libXau.so.6.0.0
7fa4dcf5e000-7fa4dcf5f000 r-xp 00001000 00:1c 49954                      /usr/lib/libXau.so.6.0.0
7fa4dcf5f000-7fa4dcf60000 r--p 00002000 00:1c 49954                      /usr/lib/libXau.so.6.0.0
7fa4dcf60000-7fa4dcf61000 r--p 00002000 00:1c 49954                      /usr/lib/libXau.so.6.0.0
7fa4dcf61000-7fa4dcf62000 rw-p 00003000 00:1c 49954                      /usr/lib/libXau.so.6.0.0
7fa4dcf62000-7fa4dcf64000 r--p 00000000 00:1c 71379                      /usr/lib/libXrender.so.1.3.0
7fa4dcf64000-7fa4dcf6b000 r-xp 00002000 00:1c 71379                      /usr/lib/libXrender.so.1.3.0
7fa4dcf6b000-7fa4dcf6c000 r--p 00009000 00:1c 71379                      /usr/lib/libXrender.so.1.3.0
7fa4dcf6c000-7fa4dcf6d000 r--p 00009000 00:1c 71379                      /usr/lib/libXrender.so.1.3.0
7fa4dcf6d000-7fa4dcf6e000 rw-p 0000a000 00:1c 71379                      /usr/lib/libXrender.so.1.3.0
7fa4dcf6e000-7fa4dcfad000 rw-p 00000000 00:00 0 
7fa4dcfad000-7fa4dcfb7000 r--p 00000000 00:1c 1073984                    /usr/lib/jvm/java-21-openjdk/lib/libjava.so
7fa4dcfb7000-7fa4dcfc5000 r-xp 0000a000 00:1c 1073984                    /usr/lib/jvm/java-21-openjdk/lib/libjava.so
7fa4dcfc5000-7fa4dcfca000 r--p 00018000 00:1c 1073984                    /usr/lib/jvm/java-21-openjdk/lib/libjava.so
7fa4dcfca000-7fa4dcfcb000 r--p 0001d000 00:1c 1073984                    /usr/lib/jvm/java-21-openjdk/lib/libjava.so
7fa4dcfcb000-7fa4dcfcc000 rw-p 0001e000 00:1c 1073984                    /usr/lib/jvm/java-21-openjdk/lib/libjava.so
7fa4dcfcc000-7fa4dcfcd000 rw-p 00000000 00:00 0 
7fa4dcfcd000-7fa4dcfd1000 r--p 00000000 00:1c 490338                     /usr/lib/libgcc_s.so.1
7fa4dcfd1000-7fa4dcff4000 r-xp 00004000 00:1c 490338                     /usr/lib/libgcc_s.so.1
7fa4dcff4000-7fa4dcff8000 r--p 00027000 00:1c 490338                     /usr/lib/libgcc_s.so.1
7fa4dcff8000-7fa4dcff9000 r--p 0002a000 00:1c 490338                     /usr/lib/libgcc_s.so.1
7fa4dcff9000-7fa4dcffa000 rw-p 0002b000 00:1c 490338                     /usr/lib/libgcc_s.so.1
7fa4dcffa000-7fa4dcffd000 rw-p 00000000 00:00 0 
7fa4dcffd000-7fa4dd000000 r--p 00000000 00:1c 894233                     /usr/lib/libz.so.1.3.2
7fa4dd000000-7fa4dd010000 r-xp 00003000 00:1c 894233                     /usr/lib/libz.so.1.3.2
7fa4dd010000-7fa4dd016000 r--p 00013000 00:1c 894233                     /usr/lib/libz.so.1.3.2
7fa4dd016000-7fa4dd017000 r--p 00018000 00:1c 894233                     /usr/lib/libz.so.1.3.2
7fa4dd017000-7fa4dd018000 rw-p 00019000 00:1c 894233                     /usr/lib/libz.so.1.3.2
7fa4dd018000-7fa4dd03c000 r--p 00000000 00:1c 489585                     /usr/lib/libc.so.6
7fa4dd03c000-7fa4dd1ad000 r-xp 00024000 00:1c 489585                     /usr/lib/libc.so.6
7fa4dd1ad000-7fa4dd1fb000 r--p 00195000 00:1c 489585                     /usr/lib/libc.so.6
7fa4dd1fb000-7fa4dd1ff000 r--p 001e2000 00:1c 489585                     /usr/lib/libc.so.6
7fa4dd1ff000-7fa4dd201000 rw-p 001e6000 00:1c 489585                     /usr/lib/libc.so.6
7fa4dd201000-7fa4dd209000 rw-p 00000000 00:00 0 
7fa4dd209000-7fa4dd20a000 r--p 00000000 00:1c 897842                     /usr/share/locale/en/LC_MESSAGES/gtk30-properties.mo
7fa4dd20a000-7fa4dd20b000 r--p 00000000 00:1c 897843                     /usr/share/locale/en/LC_MESSAGES/gtk30.mo
7fa4dd20b000-7fa4dd20d000 r--p 00000000 00:1c 70674                      /usr/lib/libXtst.so.6.1.0
7fa4dd20d000-7fa4dd210000 r-xp 00002000 00:1c 70674                      /usr/lib/libXtst.so.6.1.0
7fa4dd210000-7fa4dd211000 r--p 00005000 00:1c 70674                      /usr/lib/libXtst.so.6.1.0
7fa4dd211000-7fa4dd212000 r--p 00005000 00:1c 70674                      /usr/lib/libXtst.so.6.1.0
7fa4dd212000-7fa4dd213000 rw-p 00006000 00:1c 70674                      /usr/lib/libXtst.so.6.1.0
7fa4dd213000-7fa4dd21a000 rw-p 00000000 00:00 0 
7fa4dd21a000-7fa4dd222000 ---p 00000000 00:00 0 
7fa4dd222000-7fa4dd22a000 rw-s 00000000 00:35 6980                       /tmp/hsperfdata_domplin/108019
7fa4dd22a000-7fa4dd22b000 ---p 00000000 00:00 0 
7fa4dd22b000-7fa4dd22c000 r--p 00000000 00:00 0 
7fa4dd22c000-7fa4dd22d000 ---p 00000000 00:00 0 
7fa4dd22d000-7fa4dd22e000 r--p 00000000 00:1c 1073988                    /usr/lib/jvm/java-21-openjdk/lib/libjimage.so
7fa4dd22e000-7fa4dd230000 r-xp 00001000 00:1c 1073988                    /usr/lib/jvm/java-21-openjdk/lib/libjimage.so
7fa4dd230000-7fa4dd231000 r--p 00003000 00:1c 1073988                    /usr/lib/jvm/java-21-openjdk/lib/libjimage.so
7fa4dd231000-7fa4dd232000 r--p 00004000 00:1c 1073988                    /usr/lib/jvm/java-21-openjdk/lib/libjimage.so
7fa4dd232000-7fa4dd233000 rw-p 00005000 00:1c 1073988                    /usr/lib/jvm/java-21-openjdk/lib/libjimage.so
7fa4dd233000-7fa4dd235000 r--p 00000000 00:1c 1073989                    /usr/lib/jvm/java-21-openjdk/lib/libjli.so
7fa4dd235000-7fa4dd23f000 r-xp 00002000 00:1c 1073989                    /usr/lib/jvm/java-21-openjdk/lib/libjli.so
7fa4dd23f000-7fa4dd242000 r--p 0000c000 00:1c 1073989                    /usr/lib/jvm/java-21-openjdk/lib/libjli.so
7fa4dd242000-7fa4dd243000 r--p 0000f000 00:1c 1073989                    /usr/lib/jvm/java-21-openjdk/lib/libjli.so
7fa4dd243000-7fa4dd244000 rw-p 00010000 00:1c 1073989                    /usr/lib/jvm/java-21-openjdk/lib/libjli.so
7fa4dd244000-7fa4dd246000 rw-p 00000000 00:00 0 
7fa4dd246000-7fa4dd24a000 r--p 00000000 00:00 0                          [vvar]
7fa4dd24a000-7fa4dd24c000 r--p 00000000 00:00 0                          [vvar_vclock]
7fa4dd24c000-7fa4dd24e000 r-xp 00000000 00:00 0                          [vdso]
7fa4dd24e000-7fa4dd24f000 r--p 00000000 00:1c 489576                     /usr/lib/ld-linux-x86-64.so.2
7fa4dd24f000-7fa4dd279000 r-xp 00001000 00:1c 489576                     /usr/lib/ld-linux-x86-64.so.2
7fa4dd279000-7fa4dd284000 r--p 0002b000 00:1c 489576                     /usr/lib/ld-linux-x86-64.so.2
7fa4dd284000-7fa4dd286000 r--p 00036000 00:1c 489576                     /usr/lib/ld-linux-x86-64.so.2
7fa4dd286000-7fa4dd287000 rw-p 00038000 00:1c 489576                     /usr/lib/ld-linux-x86-64.so.2
7fa4dd287000-7fa4dd288000 rw-p 00000000 00:00 0 
7ffd9a4d5000-7ffd9a4f7000 rw-p 00000000 00:00 0                          [stack]
ffffffffff600000-ffffffffff601000 --xp 00000000 00:00 0                  [vsyscall]
Total number of mappings: 668

JVMTI agents: none


VM Arguments:
java_command: com.github.Domplin.starCitizenProject
java_class_path (initial): /home/domplin/Documents/Personal/StarCitizenProject/target/classes:/home/domplin/.m2/repository/net/sourceforge/tess4j/tess4j/5.8.0/tess4j-5.8.0.jar:/home/domplin/.m2/repository/net/java/dev/jna/jna/5.13.0/jna-5.13.0.jar:/home/domplin/.m2/repository/com/github/jai-imageio/jai-imageio-core/1.4.0/jai-imageio-core-1.4.0.jar:/home/domplin/.m2/repository/org/apache/pdfbox/pdfbox/2.0.29/pdfbox-2.0.29.jar:/home/domplin/.m2/repository/org/apache/pdfbox/fontbox/2.0.29/fontbox-2.0.29.jar:/home/domplin/.m2/repository/commons-logging/commons-logging/1.2/commons-logging-1.2.jar:/home/domplin/.m2/repository/org/apache/pdfbox/pdfbox-tools/2.0.29/pdfbox-tools-2.0.29.jar:/home/domplin/.m2/repository/org/apache/pdfbox/pdfbox-debugger/2.0.29/pdfbox-debugger-2.0.29.jar:/home/domplin/.m2/repository/org/apache/pdfbox/jbig2-imageio/3.0.4/jbig2-imageio-3.0.4.jar:/home/domplin/.m2/repository/commons-io/commons-io/2.13.0/commons-io-2.13.0.jar:/home/domplin/.m2/repository/net/sourceforge/lept4j/lept4j/1.18.1/lept4j-1.18.1.jar:/home/domplin/.m2/repository/org/jboss/jboss-vfs/3.2.17.Final/jboss-vfs-3.2.17.Final.jar:/home/domplin/.m2/repository/org/jboss/logging/jboss-logging/3.1.4.GA/jboss-logging-3.1.4.GA.jar:/home/domplin/.m2/repository/org/slf4j/slf4j-api/2.0.7/slf4j-api-2.0.7.jar
Launcher Type: SUN_STANDARD

[Global flags]
     intx CICompilerCount                          = 12                                        {product} {ergonomic}
     uint ConcGCThreads                            = 5                                         {product} {ergonomic}
     uint G1ConcRefinementThreads                  = 18                                        {product} {ergonomic}
   size_t G1HeapRegionSize                         = 4194304                                   {product} {ergonomic}
    uintx GCDrainStackTargetSize                   = 64                                        {product} {ergonomic}
   size_t InitialHeapSize                          = 528482304                                 {product} {ergonomic}
   size_t MarkStackSize                            = 4194304                                   {product} {ergonomic}
   size_t MaxHeapSize                              = 8392802304                                {product} {ergonomic}
   size_t MaxNewSize                               = 5033164800                                {product} {ergonomic}
   size_t MinHeapDeltaBytes                        = 4194304                                   {product} {ergonomic}
   size_t MinHeapSize                              = 8388608                                   {product} {ergonomic}
    uintx NonNMethodCodeHeapSize                   = 7602480                                {pd product} {ergonomic}
    uintx NonProfiledCodeHeapSize                  = 122027880                              {pd product} {ergonomic}
    uintx ProfiledCodeHeapSize                     = 122027880                              {pd product} {ergonomic}
    uintx ReservedCodeCacheSize                    = 251658240                              {pd product} {ergonomic}
     bool SegmentedCodeCache                       = true                                      {product} {ergonomic}
   size_t SoftMaxHeapSize                          = 8392802304                             {manageable} {ergonomic}
     bool UseCompressedOops                        = true                           {product lp64_product} {ergonomic}
     bool UseG1GC                                  = true                                      {product} {ergonomic}

Logging:
Log output configuration:
 #0: stdout all=warning uptime,level,tags foldmultilines=false
 #1: stderr all=off uptime,level,tags foldmultilines=false

Release file:
IMPLEMENTOR="Arch Linux"
JAVA_RUNTIME_VERSION="21.0.10+7"
JAVA_VERSION="21.0.10"
JAVA_VERSION_DATE="2026-01-20"
LIBC="gnu"
MODULES="java.base java.compiler java.datatransfer java.xml java.prefs java.desktop java.instrument java.logging java.management java.security.sasl java.naming java.rmi java.management.rmi java.net.http java.scripting java.security.jgss java.transaction.xa java.sql java.sql.rowset java.xml.crypto java.se java.smartcardio jdk.accessibility jdk.internal.jvmstat jdk.attach jdk.charsets jdk.internal.opt jdk.zipfs jdk.compiler jdk.crypto.ec jdk.crypto.cryptoki jdk.dynalink jdk.internal.ed jdk.editpad jdk.hotspot.agent jdk.httpserver jdk.incubator.vector jdk.internal.le jdk.internal.vm.ci jdk.internal.vm.compiler jdk.internal.vm.compiler.management jdk.jartool jdk.javadoc jdk.jcmd jdk.management jdk.management.agent jdk.jconsole jdk.jdeps jdk.jdwp.agent jdk.jdi jdk.jfr jdk.jlink jdk.jpackage jdk.jshell jdk.jsobject jdk.jstatd jdk.localedata jdk.management.jfr jdk.naming.dns jdk.naming.rmi jdk.net jdk.nio.mapmode jdk.random jdk.sctp jdk.security.auth jdk.security.jgss jdk.unsupported jdk.unsupported.desktop jdk.xml.dom"
OS_ARCH="x86_64"
OS_NAME="Linux"
SOURCE=""

Environment Variables:
JAVA_HOME=/usr/lib/jvm/java-21-openjdk
PATH=/usr/lib/jvm/java-21-openjdk/bin:/home/domplin/.local/share/mise/installs/java/26.0.0/bin:/home/domplin/.local/share/mise/installs/node/25.2.1/bin:/home/domplin/.local/share/mise/installs/python/3.14.3/bin:/home/domplin/.local/share/omarchy/bin:/home/domplin/.local/share/mise/shims:/home/domplin/.local/share/omarchy/bin:/home/domplin/.local/share/../bin:/usr/local/sbin:/usr/local/bin:/usr/bin:/usr/lib/jvm/default/bin:/usr/bin/site_perl:/usr/bin/vendor_perl:/usr/bin/core_perl:/home/domplin/.vscode/extensions/vscjava.vscode-java-debug-0.58.5/bundled/scripts/noConfigScripts:/home/domplin/.local/bin
XDG_CACHE_HOME=/home/domplin/.cache
XDG_CONFIG_HOME=/home/domplin/.config
SHELL=/usr/bin/bash
DISPLAY=:1
WAYLAND_DISPLAY=wayland-1
LANG=en_US.UTF-8
TERM=xterm-256color

Active Locale:
LC_ALL=en_US.UTF-8
LC_COLLATE=en_US.UTF-8
LC_CTYPE=en_US.UTF-8
LC_MESSAGES=en_US.UTF-8
LC_MONETARY=en_US.UTF-8
LC_NUMERIC=en_US.UTF-8
LC_TIME=en_US.UTF-8

Signal Handlers:
   SIGSEGV: 0x00007fa4dca0d280 in libjvm.so+14733952, mask=11100100010111111101111111111110, flags=SA_RESTART|SA_SIGINFO, unblocked
    SIGBUS: 0x00007fa4dca0d280 in libjvm.so+14733952, mask=11100100010111111101111111111110, flags=SA_RESTART|SA_SIGINFO, unblocked
    SIGFPE: 0x00007fa4dca0d280 in libjvm.so+14733952, mask=11100100010111111101111111111110, flags=SA_RESTART|SA_SIGINFO, unblocked
   SIGPIPE: SIG_IGN, mask=00000000000010000000000000000000, flags=SA_RESTART, blocked
  *** Handler was modified!
  *** Expected: 0x00007fa4dc866980 in libjvm.so+13003136, mask=11100100110111111111111111111110, flags=SA_RESTART|SA_SIGINFO
   SIGXFSZ: 0x00007fa4dc866980 in libjvm.so+13003136, mask=11100100010111111101111111111110, flags=SA_RESTART|SA_SIGINFO, blocked
    SIGILL: 0x00007fa4dca0d280 in libjvm.so+14733952, mask=11100100010111111101111111111110, flags=SA_RESTART|SA_SIGINFO, unblocked
   SIGUSR2: 0x00007fa4dc8682a0 in libjvm.so+13009568, mask=00000000000000000000000000000000, flags=SA_RESTART|SA_SIGINFO, blocked
    SIGHUP: 0x00007fa4dc865ce0 in libjvm.so+12999904, mask=11100100010111111101111111111110, flags=SA_RESTART|SA_SIGINFO, blocked
    SIGINT: 0x00007fa4dc865ce0 in libjvm.so+12999904, mask=11100100010111111101111111111110, flags=SA_RESTART|SA_SIGINFO, blocked
   SIGTERM: 0x00007fa4dc865ce0 in libjvm.so+12999904, mask=11100100010111111101111111111110, flags=SA_RESTART|SA_SIGINFO, blocked
   SIGQUIT: 0x00007fa4dc865ce0 in libjvm.so+12999904, mask=11100100010111111101111111111110, flags=SA_RESTART|SA_SIGINFO, blocked
   SIGTRAP: 0x00007fa4dca0d280 in libjvm.so+14733952, mask=11100100010111111101111111111110, flags=SA_RESTART|SA_SIGINFO, unblocked


Periodic native trim disabled

---------------  S Y S T E M  ---------------

OS:
NAME="Arch Linux"
PRETTY_NAME="Arch Linux"
ID=arch
BUILD_ID=rolling
ANSI_COLOR="38;2;23;147;209"
HOME_URL="https://archlinux.org/"
DOCUMENTATION_URL="https://wiki.archlinux.org/"
SUPPORT_URL="https://bbs.archlinux.org/"
BUG_REPORT_URL="https://gitlab.archlinux.org/groups/archlinux/-/issues"
PRIVACY_POLICY_URL="https://terms.archlinux.org/docs/privacy-policy/"
LOGO=archlinux-logo
uname: Linux 6.19.6-arch1-1 #1 SMP PREEMPT_DYNAMIC Wed, 04 Mar 2026 18:25:08 +0000 x86_64
OS uptime: 0 days 2:33 hours
libc: glibc 2.43 NPTL 2.43 
rlimit (soft/hard): STACK 8192k/infinity , CORE infinity/infinity , NPROC 127134/127134 , NOFILE 524288/524288 , AS infinity/infinity , CPU infinity/infinity , DATA infinity/infinity , FSIZE infinity/infinity , MEMLOCK 8192k/8192k
load average: 0.67 1.06 1.00

/proc/meminfo:
MemTotal:       32773288 kB
MemFree:         6244900 kB
MemAvailable:   26108188 kB
Buffers:            4216 kB
Cached:         19960204 kB
SwapCached:            0 kB
Active:          6083872 kB
Inactive:       18310632 kB
Active(anon):    4604256 kB
Inactive(anon):        0 kB
Active(file):    1479616 kB
Inactive(file): 18310632 kB
Unevictable:         236 kB
Mlocked:             236 kB
SwapTotal:      16386044 kB
SwapFree:       16386044 kB
Zswap:                 0 kB
Zswapped:              0 kB
Dirty:              2008 kB
Writeback:             0 kB
AnonPages:       4377740 kB
Mapped:          1950388 kB
Shmem:            174444 kB
KReclaimable:     535684 kB
Slab:             865884 kB
SReclaimable:     535684 kB
SUnreclaim:       330200 kB
KernelStack:       22432 kB
PageTables:        43752 kB
SecPageTables:      5432 kB
NFS_Unstable:          0 kB
Bounce:                0 kB
WritebackTmp:          0 kB
CommitLimit:    32772688 kB
Committed_AS:   18111960 kB
VmallocTotal:   34359738367 kB
VmallocUsed:      253852 kB
VmallocChunk:          0 kB
Percpu:            25152 kB
HardwareCorrupted:     0 kB
AnonHugePages:    882688 kB
ShmemHugePages:   118784 kB
ShmemPmdMapped:    86016 kB
FileHugePages:    659456 kB
FilePmdMapped:    317440 kB
CmaTotal:              0 kB
CmaFree:               0 kB
Unaccepted:            0 kB
Balloon:               0 kB
HugePages_Total:       0
HugePages_Free:        0
HugePages_Rsvd:        0
HugePages_Surp:        0
Hugepagesize:       2048 kB
Hugetlb:               0 kB
DirectMap4k:     1184820 kB
DirectMap2M:    12365824 kB
DirectMap1G:    20971520 kB

/sys/kernel/mm/transparent_hugepage/enabled: [always] madvise never
/sys/kernel/mm/transparent_hugepage/hpage_pmd_size: 2097152
/sys/kernel/mm/transparent_hugepage/defrag (defrag/compaction efforts parameter): always defer defer+madvise [madvise] never

Process Memory:
Virtual Size: 12159772K (peak: 12159772K)
Resident Set Size: 85640K (peak: 85640K) (anon: 41484K, file: 44104K, shmem: 52K)
Swapped out: 0K
C-Heap outstanding allocations: 45524K, retained: 3895K
glibc malloc tunables: (default)

/proc/sys/kernel/threads-max (system-wide limit on the number of threads): 254268
/proc/sys/vm/max_map_count (maximum number of memory map areas a process may have): 1048576
/proc/sys/vm/swappiness (control to define how aggressively the kernel swaps out anonymous memory): 60
/proc/sys/kernel/pid_max (system-wide limit on number of process identifiers): 4194304

container information not found.
Steal ticks since vm start: 0
Steal ticks percentage since vm start:  0.000

CPU: total 24 (initial active 24) (24 cores per cpu, 2 threads per core) family 23 model 113 stepping 0 microcode 0x8701035, cx8, cmov, fxsr, ht, mmx, 3dnowpref, sse, sse2, sse3, ssse3, sse4a, sse4.1, sse4.2, popcnt, lzcnt, tsc, tscinvbit, avx, avx2, aes, clmul, bmi1, bmi2, adx, sha, fma, vzeroupper, clflush, clflushopt, rdtscp, rdpid, f16c
CPU Model and flags from /proc/cpuinfo:
model name	: AMD Ryzen 9 3900X 12-Core Processor
flags		: fpu vme de pse tsc msr pae mce cx8 apic sep mtrr pge mca cmov pat pse36 clflush mmx fxsr sse sse2 ht syscall nx mmxext fxsr_opt pdpe1gb rdtscp lm constant_tsc rep_good nopl xtopology nonstop_tsc cpuid extd_apicid aperfmperf rapl pni pclmulqdq monitor ssse3 fma cx16 sse4_1 sse4_2 x2apic movbe popcnt aes xsave avx f16c rdrand lahf_lm cmp_legacy svm extapic cr8_legacy abm sse4a misalignsse 3dnowprefetch osvw ibs skinit wdt tce topoext perfctr_core perfctr_nb bpext perfctr_llc mwaitx cpb cat_l3 cdp_l3 hw_pstate ssbd mba ibpb stibp vmmcall fsgsbase bmi1 avx2 smep bmi2 cqm rdt_a rdseed adx smap clflushopt clwb sha_ni xsaveopt xsavec xgetbv1 cqm_llc cqm_occup_llc cqm_mbm_total cqm_mbm_local clzero irperf xsaveerptr rdpru wbnoinvd arat npt lbrv svm_lock nrip_save tsc_scale vmcb_clean flushbyasid decodeassists pausefilter pfthreshold avic v_vmsave_vmload vgif v_spec_ctrl umip rdpid overflow_recov succor smca sev sev_es

Online cpus: 0-23
Offline cpus: 
BIOS frequency limitation: <Not Available>
Frequency switch latency (ns): 0
Available cpu frequencies: <Not Available>
Current governor: performance
Core performance/turbo boost: 1

Memory: 4k page, physical 32773288k(26108188k free), swap 16386044k(16386044k free)
Page Sizes: 4k

vm_info: OpenJDK 64-Bit Server VM (21.0.10+7) for linux-amd64 JRE (21.0.10+7), built on 2026-01-21T09:21:17Z by "builduser" with gcc 15.2.1 20260103

END.
