#
# A fatal error has been detected by the Java Runtime Environment:
#
#  SIGSEGV (0xb) at pc=0x00007f47e47f82ae, pid=111350, tid=111668
#
# JRE version: OpenJDK Runtime Environment (21.0.10+7) (build 21.0.10+7)
# Java VM: OpenJDK 64-Bit Server VM (21.0.10+7, mixed mode, sharing, tiered, compressed oops, compressed class ptrs, g1 gc, linux-amd64)
# Problematic frame:
# C  [libgdk_pixbuf-2.0.so.0+0x1a2ae]
#
# Core dump will be written. Default location: Core dumps may be processed with "/usr/lib/systemd/systemd-coredump %P %u %g %s %t %c %h %d %F" (or dumping to /home/domplin/Documents/Personal/StarCitizenProject/core.111350)
#
# If you would like to submit a bug report, please visit:
#   https://bugreport.java.com/bugreport/crash.jsp
#

---------------  S U M M A R Y ------------

Command Line: -agentlib:jdwp=transport=dt_socket,server=n,suspend=y,address=localhost:39357 -XX:+ShowCodeDetailsInExceptionMessages com.github.Domplin.starCitizenProject

Host: AMD Ryzen 9 3900X 12-Core Processor, 24 cores, 31G, Arch Linux
Time: Wed Apr  1 01:13:24 2026 MDT elapsed time: 21.826740 seconds (0d 0h 0m 21s)

---------------  T H R E A D  ---------------

Current thread is native thread

Stack: [0x00007f4750efa000,0x00007f47516fa000],  sp=0x00007f47516f88a0,  free space=8186k
Native frames: (J=compiled Java code, j=interpreted, Vv=VM code, C=native code)
C  [libgdk_pixbuf-2.0.so.0+0x1a2ae]
C  [libgdk_pixbuf-2.0.so.0+0x12546]  gdk_pixbuf_scale+0x296
C  [libawt_xawt.so+0x4fb05]
C  [libpipewire-0.3.so.0+0x889dd]
C  [libpipewire-0.3.so.0+0x5e2c7]
C  [libpipewire-0.3.so.0+0x5e756]
C  [libspa-support.so+0x6716]
C  [libpipewire-0.3.so.0+0x8b401]
C  [libc.so.6+0x9697a]

siginfo: si_signo: 11 (SIGSEGV), si_code: 2 (SEGV_ACCERR), si_addr: 0x00007f472ef2366c

Registers:
RAX=0x00007f4734004624, RBX=0x0000000004098000, RCX=0x0000000000010000, RDX=0x00007f472ef21c00
RSP=0x00007f47516f88a0, RBP=0x00007f47516f89b0, RSI=0x00000000069c8000, RDI=0x0000000007638000
R8 =0x0000000000000000, R9 =0x0000000007638000, R10=0x000000000000069b, R11=0x00007f4734004620
R12=0x0000000007638000, R13=0x000000000000086f, R14=0x0000000000000000, R15=0x00000000069b8000
RIP=0x00007f47e47f82ae, EFLAGS=0x0000000000010213, CSGSFS=0x002b000000000033, ERR=0x0000000000000004
  TRAPNO=0x000000000000000e

XMM[0]=0x0000000000000000 0x3ff0000000000000
XMM[1]=0x0000000000000000 0x3ff0000000000000
XMM[2]=0x0000000000000000 0x40f0000000000000
XMM[3]=0x0000000000000000 0x40f0000000000000
XMM[4]=0x0000000000000000 0x3ff0000000000000
XMM[5]=0x0000000000000000 0xc090240000000000
XMM[6]=0x0000000000000000 0x3ff0000000000000
XMM[7]=0x0000000000000000 0x3ff0000000000000
XMM[8]=0x0000000000000020 0x2020002020000000
XMM[9]=0x2000202000000000 0x0000000000000000
XMM[10]=0x3f3f3f3f3f3f3f3f 0x3f3f3f3f3f3f3f3f
XMM[11]=0x9999999999999999 0x9999999999999999
XMM[12]=0x2020202020202020 0x2020202020202020
XMM[13]=0x00007f48183bffb0 0x00007f48183bffb0
XMM[14]=0x00007f48183bffa0 0x00007f48183bffa0
XMM[15]=0x0000000000000000 0x0000000000000000
  MXCSR=0x00001fa2


Top of Stack: (sp=0x00007f47516f88a0)
0x00007f47516f88a0:   0000003000000030 00007f47516f89e0
0x00007f47516f88b0:   000000000f000000 00000eff31c20300
0x00007f47516f88c0:   0000000000000f00 0000000000003bfc
0x00007f47516f88d0:   0000000000002cfd 00000000069b8000
0x00007f47516f88e0:   0000000000000004 0000000007638000
0x00007f47516f88f0:   0000000000000eff 0000000000000320
0x00007f47516f8900:   0000000000003c00 0000000000000032
0x00007f47516f8910:   0000000000010000 00007f472e000000
0x00007f47516f8920:   0000069b00000763 3ff0000000000000
0x00007f47516f8930:   3ff0000000000000 00007f472e000000
0x00007f47516f8940:   00007f47516f99c8 0000000000000000
0x00007f47516f8950:   0000000000000000 00007f47516f96c0
0x00007f47516f8960:   00007f47516f8980 00007f481f0583e4
0x00007f47516f8970:   00007f47516f8a10 03ab764431c20300
0x00007f47516f8980:   0000000000000008 00007f473400e270
0x00007f47516f8990:   0000000000000000 00000000000000c8
0x00007f47516f89a0:   00007f47340045b0 0000000000000000
0x00007f47516f89b0:   00007f47516f8a70 00007f47e47f0546
0x00007f47516f89c0:   0000000000000004 0000000000000001
0x00007f47516f89d0:   00007f472e000000 0000000000000f00
0x00007f47516f89e0:   0000000000000870 0000000000003c00
0x00007f47516f89f0:   0000000000000004 0000000000000001
0x00007f47516f8a00:   0000000000000000 00007f47e47f0487
0x00007f47516f8a10:   3ff0000000000000 3ff0000000000000
0x00007f47516f8a20:   c090240000000000 c09a6c0000000000
0x00007f47516f8a30:   0000003200000000 00007f4734004620
0x00007f47516f8a40:   0000000000000f00 00007f48183a32c0
0x00007f47516f8a50:   00007f48183f0710 00007f47340045b0
0x00007f47516f8a60:   0000000000000032 00000000000000c8
0x00007f47516f8a70:   00007f47516f8b00 00007f47e5e21b05
0x00007f47516f8a80:   0000000000000000 0000000000000000
0x00007f47516f8a90:   00007f48183e0670 0000040900000f00 

Instructions: (pc=0x00007f47e47f82ae)
0x00007f47e47f81ae:   ff 44 88 50 fe 4c 39 ce 7c c8 49 89 f4 41 ba 00
0x00007f47e47f81be:   00 00 00 49 c1 fc 10 4d 0f 49 d4 4c 3b a5 40 ff
0x00007f47e47f81ce:   ff ff 4f 8d 14 52 4c 89 95 30 ff ff ff 4c 8b 95
0x00007f47e47f81de:   30 ff ff ff 4c 0f 4f 95 20 ff ff ff 48 39 f7 0f
0x00007f47e47f81ee:   8e c7 fe ff ff 49 01 d2 66 2e 0f 1f 84 00 00 00
0x00007f47e47f81fe:   00 00 41 0f b6 12 48 01 ce 48 83 c0 04 88 50 fc
0x00007f47e47f820e:   41 0f b6 52 01 88 50 fd 41 0f b6 52 02 c6 40 ff
0x00007f47e47f821e:   ff 88 50 fe 48 39 fe 7c d9 e9 8e fe ff ff 0f 1f
0x00007f47e47f822e:   40 00 83 7d 10 03 0f 84 56 02 00 00 4c 3b bd 38
0x00007f47e47f823e:   ff ff ff 0f 8f 69 04 00 00 4c 8b 95 28 ff ff ff
0x00007f47e47f824e:   4c 89 fe 49 c1 fa 10 49 c1 e2 02 4d 39 c7 7d 35
0x00007f47e47f825e:   49 01 d2 4c 89 fe 66 0f 1f 44 00 00 66 66 2e 0f
0x00007f47e47f826e:   1f 84 00 00 00 00 00 66 66 2e 0f 1f 84 00 00 00
0x00007f47e47f827e:   00 00 45 8b 22 48 01 ce 48 83 c0 04 44 89 60 fc
0x00007f47e47f828e:   49 39 f0 7f ed 4c 8b a5 38 ff ff ff 49 39 f4 7e
0x00007f47e47f829e:   1c 90 49 89 f2 48 01 ce 48 83 c0 04 49 c1 fa 10
0x00007f47e47f82ae:   46 8b 14 92 44 89 50 fc 49 39 f4 7f e5 49 89 f4
0x00007f47e47f82be:   41 ba 00 00 00 00 49 c1 fc 10 4d 0f 49 d4 49 c1
0x00007f47e47f82ce:   e2 02 4c 3b a5 40 ff ff ff 4c 89 95 30 ff ff ff
0x00007f47e47f82de:   4c 8b 95 30 ff ff ff 4c 0f 4f 95 18 ff ff ff 48
0x00007f47e47f82ee:   39 f7 0f 8e c4 fd ff ff 4c 01 d2 0f 1f 80 00 00
0x00007f47e47f82fe:   00 00 44 8b 12 48 01 ce 48 83 c0 04 44 89 50 fc
0x00007f47e47f830e:   48 39 f7 7f ed e9 a2 fd ff ff 0f 1f 84 00 00 00
0x00007f47e47f831e:   00 00 4d 39 cf 0f 8f bf 03 00 00 48 8b b5 28 ff
0x00007f47e47f832e:   ff ff 48 c1 fe 10 4c 8d 14 76 4c 89 fe 4d 39 c7
0x00007f47e47f833e:   7d 66 49 01 d2 4c 89 fe 0f 1f 00 66 66 2e 0f 1f
0x00007f47e47f834e:   84 00 00 00 00 00 66 66 2e 0f 1f 84 00 00 00 00
0x00007f47e47f835e:   00 66 66 2e 0f 1f 84 00 00 00 00 00 66 66 2e 0f
0x00007f47e47f836e:   1f 84 00 00 00 00 00 66 66 2e 0f 1f 84 00 00 00
0x00007f47e47f837e:   00 00 45 0f b6 22 48 01 ce 48 83 c0 03 44 88 60
0x00007f47e47f838e:   fd 45 0f b6 62 01 44 88 60 fe 45 0f b6 62 02 44
0x00007f47e47f839e:   88 60 ff 4c 39 c6 7c da 4c 39 ce 7d 49 66 2e 0f 



---------------  P R O C E S S  ---------------

VM state: not at safepoint (normal execution)

VM Mutex/Monitor currently owned by a thread: None

Heap address: 0x000000060bc00000, size: 8004 MB, Compressed Oops mode: Zero based, Oop shift amount: 3

CDS archive(s) mapped at: [0x00007f4797000000-0x00007f4797c9b000-0x00007f4797c9b000), size 13217792, SharedBaseAddress: 0x00007f4797000000, ArchiveRelocationMode: 1.
Compressed class space mapped at: 0x00007f4798000000-0x00007f47d8000000, reserved size: 1073741824
Narrow klass base: 0x00007f4797000000, Narrow klass shift: 0, Narrow klass range: 0x100000000

GC Precious Log:
<Skipped>

Heap:
 garbage-first heap   total 520192K, used 9125K [0x000000060bc00000, 0x0000000800000000)
  region size 4096K, 2 young (8192K), 0 survivors (0K)
 Metaspace       used 3864K, committed 4096K, reserved 1114112K
  class space    used 400K, committed 512K, reserved 1048576K

Heap Regions: E=young(eden), S=young(survivor), O=old, HS=humongous(starts), HC=humongous(continues), CS=collection set, F=free, TAMS=top-at-mark-start, PB=parsable bottom
|   0|0x000000060bc00000, 0x000000060bc00000, 0x000000060c000000|  0%| F|  |TAMS 0x000000060bc00000| PB 0x000000060bc00000| Untracked 
|   1|0x000000060c000000, 0x000000060c000000, 0x000000060c400000|  0%| F|  |TAMS 0x000000060c000000| PB 0x000000060c000000| Untracked 
|   2|0x000000060c400000, 0x000000060c400000, 0x000000060c800000|  0%| F|  |TAMS 0x000000060c400000| PB 0x000000060c400000| Untracked 
|   3|0x000000060c800000, 0x000000060c800000, 0x000000060cc00000|  0%| F|  |TAMS 0x000000060c800000| PB 0x000000060c800000| Untracked 
|   4|0x000000060cc00000, 0x000000060cc00000, 0x000000060d000000|  0%| F|  |TAMS 0x000000060cc00000| PB 0x000000060cc00000| Untracked 
|   5|0x000000060d000000, 0x000000060d000000, 0x000000060d400000|  0%| F|  |TAMS 0x000000060d000000| PB 0x000000060d000000| Untracked 
|   6|0x000000060d400000, 0x000000060d400000, 0x000000060d800000|  0%| F|  |TAMS 0x000000060d400000| PB 0x000000060d400000| Untracked 
|   7|0x000000060d800000, 0x000000060d800000, 0x000000060dc00000|  0%| F|  |TAMS 0x000000060d800000| PB 0x000000060d800000| Untracked 
|   8|0x000000060dc00000, 0x000000060dc00000, 0x000000060e000000|  0%| F|  |TAMS 0x000000060dc00000| PB 0x000000060dc00000| Untracked 
|   9|0x000000060e000000, 0x000000060e000000, 0x000000060e400000|  0%| F|  |TAMS 0x000000060e000000| PB 0x000000060e000000| Untracked 
|  10|0x000000060e400000, 0x000000060e400000, 0x000000060e800000|  0%| F|  |TAMS 0x000000060e400000| PB 0x000000060e400000| Untracked 
|  11|0x000000060e800000, 0x000000060e800000, 0x000000060ec00000|  0%| F|  |TAMS 0x000000060e800000| PB 0x000000060e800000| Untracked 
|  12|0x000000060ec00000, 0x000000060ec00000, 0x000000060f000000|  0%| F|  |TAMS 0x000000060ec00000| PB 0x000000060ec00000| Untracked 
|  13|0x000000060f000000, 0x000000060f000000, 0x000000060f400000|  0%| F|  |TAMS 0x000000060f000000| PB 0x000000060f000000| Untracked 
|  14|0x000000060f400000, 0x000000060f400000, 0x000000060f800000|  0%| F|  |TAMS 0x000000060f400000| PB 0x000000060f400000| Untracked 
|  15|0x000000060f800000, 0x000000060f800000, 0x000000060fc00000|  0%| F|  |TAMS 0x000000060f800000| PB 0x000000060f800000| Untracked 
|  16|0x000000060fc00000, 0x000000060fc00000, 0x0000000610000000|  0%| F|  |TAMS 0x000000060fc00000| PB 0x000000060fc00000| Untracked 
|  17|0x0000000610000000, 0x0000000610000000, 0x0000000610400000|  0%| F|  |TAMS 0x0000000610000000| PB 0x0000000610000000| Untracked 
|  18|0x0000000610400000, 0x0000000610400000, 0x0000000610800000|  0%| F|  |TAMS 0x0000000610400000| PB 0x0000000610400000| Untracked 
|  19|0x0000000610800000, 0x0000000610800000, 0x0000000610c00000|  0%| F|  |TAMS 0x0000000610800000| PB 0x0000000610800000| Untracked 
|  20|0x0000000610c00000, 0x0000000610c00000, 0x0000000611000000|  0%| F|  |TAMS 0x0000000610c00000| PB 0x0000000610c00000| Untracked 
|  21|0x0000000611000000, 0x0000000611000000, 0x0000000611400000|  0%| F|  |TAMS 0x0000000611000000| PB 0x0000000611000000| Untracked 
|  22|0x0000000611400000, 0x0000000611400000, 0x0000000611800000|  0%| F|  |TAMS 0x0000000611400000| PB 0x0000000611400000| Untracked 
|  23|0x0000000611800000, 0x0000000611800000, 0x0000000611c00000|  0%| F|  |TAMS 0x0000000611800000| PB 0x0000000611800000| Untracked 
|  24|0x0000000611c00000, 0x0000000611c00000, 0x0000000612000000|  0%| F|  |TAMS 0x0000000611c00000| PB 0x0000000611c00000| Untracked 
|  25|0x0000000612000000, 0x0000000612000000, 0x0000000612400000|  0%| F|  |TAMS 0x0000000612000000| PB 0x0000000612000000| Untracked 
|  26|0x0000000612400000, 0x0000000612400000, 0x0000000612800000|  0%| F|  |TAMS 0x0000000612400000| PB 0x0000000612400000| Untracked 
|  27|0x0000000612800000, 0x0000000612800000, 0x0000000612c00000|  0%| F|  |TAMS 0x0000000612800000| PB 0x0000000612800000| Untracked 
|  28|0x0000000612c00000, 0x0000000612c00000, 0x0000000613000000|  0%| F|  |TAMS 0x0000000612c00000| PB 0x0000000612c00000| Untracked 
|  29|0x0000000613000000, 0x0000000613000000, 0x0000000613400000|  0%| F|  |TAMS 0x0000000613000000| PB 0x0000000613000000| Untracked 
|  30|0x0000000613400000, 0x0000000613400000, 0x0000000613800000|  0%| F|  |TAMS 0x0000000613400000| PB 0x0000000613400000| Untracked 
|  31|0x0000000613800000, 0x0000000613800000, 0x0000000613c00000|  0%| F|  |TAMS 0x0000000613800000| PB 0x0000000613800000| Untracked 
|  32|0x0000000613c00000, 0x0000000613c00000, 0x0000000614000000|  0%| F|  |TAMS 0x0000000613c00000| PB 0x0000000613c00000| Untracked 
|  33|0x0000000614000000, 0x0000000614000000, 0x0000000614400000|  0%| F|  |TAMS 0x0000000614000000| PB 0x0000000614000000| Untracked 
|  34|0x0000000614400000, 0x0000000614400000, 0x0000000614800000|  0%| F|  |TAMS 0x0000000614400000| PB 0x0000000614400000| Untracked 
|  35|0x0000000614800000, 0x0000000614800000, 0x0000000614c00000|  0%| F|  |TAMS 0x0000000614800000| PB 0x0000000614800000| Untracked 
|  36|0x0000000614c00000, 0x0000000614c00000, 0x0000000615000000|  0%| F|  |TAMS 0x0000000614c00000| PB 0x0000000614c00000| Untracked 
|  37|0x0000000615000000, 0x0000000615000000, 0x0000000615400000|  0%| F|  |TAMS 0x0000000615000000| PB 0x0000000615000000| Untracked 
|  38|0x0000000615400000, 0x0000000615400000, 0x0000000615800000|  0%| F|  |TAMS 0x0000000615400000| PB 0x0000000615400000| Untracked 
|  39|0x0000000615800000, 0x0000000615800000, 0x0000000615c00000|  0%| F|  |TAMS 0x0000000615800000| PB 0x0000000615800000| Untracked 
|  40|0x0000000615c00000, 0x0000000615c00000, 0x0000000616000000|  0%| F|  |TAMS 0x0000000615c00000| PB 0x0000000615c00000| Untracked 
|  41|0x0000000616000000, 0x0000000616000000, 0x0000000616400000|  0%| F|  |TAMS 0x0000000616000000| PB 0x0000000616000000| Untracked 
|  42|0x0000000616400000, 0x0000000616400000, 0x0000000616800000|  0%| F|  |TAMS 0x0000000616400000| PB 0x0000000616400000| Untracked 
|  43|0x0000000616800000, 0x0000000616800000, 0x0000000616c00000|  0%| F|  |TAMS 0x0000000616800000| PB 0x0000000616800000| Untracked 
|  44|0x0000000616c00000, 0x0000000616c00000, 0x0000000617000000|  0%| F|  |TAMS 0x0000000616c00000| PB 0x0000000616c00000| Untracked 
|  45|0x0000000617000000, 0x0000000617000000, 0x0000000617400000|  0%| F|  |TAMS 0x0000000617000000| PB 0x0000000617000000| Untracked 
|  46|0x0000000617400000, 0x0000000617400000, 0x0000000617800000|  0%| F|  |TAMS 0x0000000617400000| PB 0x0000000617400000| Untracked 
|  47|0x0000000617800000, 0x0000000617800000, 0x0000000617c00000|  0%| F|  |TAMS 0x0000000617800000| PB 0x0000000617800000| Untracked 
|  48|0x0000000617c00000, 0x0000000617c00000, 0x0000000618000000|  0%| F|  |TAMS 0x0000000617c00000| PB 0x0000000617c00000| Untracked 
|  49|0x0000000618000000, 0x0000000618000000, 0x0000000618400000|  0%| F|  |TAMS 0x0000000618000000| PB 0x0000000618000000| Untracked 
|  50|0x0000000618400000, 0x0000000618400000, 0x0000000618800000|  0%| F|  |TAMS 0x0000000618400000| PB 0x0000000618400000| Untracked 
|  51|0x0000000618800000, 0x0000000618800000, 0x0000000618c00000|  0%| F|  |TAMS 0x0000000618800000| PB 0x0000000618800000| Untracked 
|  52|0x0000000618c00000, 0x0000000618c00000, 0x0000000619000000|  0%| F|  |TAMS 0x0000000618c00000| PB 0x0000000618c00000| Untracked 
|  53|0x0000000619000000, 0x0000000619000000, 0x0000000619400000|  0%| F|  |TAMS 0x0000000619000000| PB 0x0000000619000000| Untracked 
|  54|0x0000000619400000, 0x0000000619400000, 0x0000000619800000|  0%| F|  |TAMS 0x0000000619400000| PB 0x0000000619400000| Untracked 
|  55|0x0000000619800000, 0x0000000619800000, 0x0000000619c00000|  0%| F|  |TAMS 0x0000000619800000| PB 0x0000000619800000| Untracked 
|  56|0x0000000619c00000, 0x0000000619c00000, 0x000000061a000000|  0%| F|  |TAMS 0x0000000619c00000| PB 0x0000000619c00000| Untracked 
|  57|0x000000061a000000, 0x000000061a000000, 0x000000061a400000|  0%| F|  |TAMS 0x000000061a000000| PB 0x000000061a000000| Untracked 
|  58|0x000000061a400000, 0x000000061a400000, 0x000000061a800000|  0%| F|  |TAMS 0x000000061a400000| PB 0x000000061a400000| Untracked 
|  59|0x000000061a800000, 0x000000061a800000, 0x000000061ac00000|  0%| F|  |TAMS 0x000000061a800000| PB 0x000000061a800000| Untracked 
|  60|0x000000061ac00000, 0x000000061ac00000, 0x000000061b000000|  0%| F|  |TAMS 0x000000061ac00000| PB 0x000000061ac00000| Untracked 
|  61|0x000000061b000000, 0x000000061b000000, 0x000000061b400000|  0%| F|  |TAMS 0x000000061b000000| PB 0x000000061b000000| Untracked 
|  62|0x000000061b400000, 0x000000061b400000, 0x000000061b800000|  0%| F|  |TAMS 0x000000061b400000| PB 0x000000061b400000| Untracked 
|  63|0x000000061b800000, 0x000000061b800000, 0x000000061bc00000|  0%| F|  |TAMS 0x000000061b800000| PB 0x000000061b800000| Untracked 
|  64|0x000000061bc00000, 0x000000061bc00000, 0x000000061c000000|  0%| F|  |TAMS 0x000000061bc00000| PB 0x000000061bc00000| Untracked 
|  65|0x000000061c000000, 0x000000061c000000, 0x000000061c400000|  0%| F|  |TAMS 0x000000061c000000| PB 0x000000061c000000| Untracked 
|  66|0x000000061c400000, 0x000000061c400000, 0x000000061c800000|  0%| F|  |TAMS 0x000000061c400000| PB 0x000000061c400000| Untracked 
|  67|0x000000061c800000, 0x000000061c800000, 0x000000061cc00000|  0%| F|  |TAMS 0x000000061c800000| PB 0x000000061c800000| Untracked 
|  68|0x000000061cc00000, 0x000000061cc00000, 0x000000061d000000|  0%| F|  |TAMS 0x000000061cc00000| PB 0x000000061cc00000| Untracked 
|  69|0x000000061d000000, 0x000000061d000000, 0x000000061d400000|  0%| F|  |TAMS 0x000000061d000000| PB 0x000000061d000000| Untracked 
|  70|0x000000061d400000, 0x000000061d400000, 0x000000061d800000|  0%| F|  |TAMS 0x000000061d400000| PB 0x000000061d400000| Untracked 
|  71|0x000000061d800000, 0x000000061d800000, 0x000000061dc00000|  0%| F|  |TAMS 0x000000061d800000| PB 0x000000061d800000| Untracked 
|  72|0x000000061dc00000, 0x000000061dc00000, 0x000000061e000000|  0%| F|  |TAMS 0x000000061dc00000| PB 0x000000061dc00000| Untracked 
|  73|0x000000061e000000, 0x000000061e000000, 0x000000061e400000|  0%| F|  |TAMS 0x000000061e000000| PB 0x000000061e000000| Untracked 
|  74|0x000000061e400000, 0x000000061e400000, 0x000000061e800000|  0%| F|  |TAMS 0x000000061e400000| PB 0x000000061e400000| Untracked 
|  75|0x000000061e800000, 0x000000061e800000, 0x000000061ec00000|  0%| F|  |TAMS 0x000000061e800000| PB 0x000000061e800000| Untracked 
|  76|0x000000061ec00000, 0x000000061ec00000, 0x000000061f000000|  0%| F|  |TAMS 0x000000061ec00000| PB 0x000000061ec00000| Untracked 
|  77|0x000000061f000000, 0x000000061f000000, 0x000000061f400000|  0%| F|  |TAMS 0x000000061f000000| PB 0x000000061f000000| Untracked 
|  78|0x000000061f400000, 0x000000061f400000, 0x000000061f800000|  0%| F|  |TAMS 0x000000061f400000| PB 0x000000061f400000| Untracked 
|  79|0x000000061f800000, 0x000000061f800000, 0x000000061fc00000|  0%| F|  |TAMS 0x000000061f800000| PB 0x000000061f800000| Untracked 
|  80|0x000000061fc00000, 0x000000061fc00000, 0x0000000620000000|  0%| F|  |TAMS 0x000000061fc00000| PB 0x000000061fc00000| Untracked 
|  81|0x0000000620000000, 0x0000000620000000, 0x0000000620400000|  0%| F|  |TAMS 0x0000000620000000| PB 0x0000000620000000| Untracked 
|  82|0x0000000620400000, 0x0000000620400000, 0x0000000620800000|  0%| F|  |TAMS 0x0000000620400000| PB 0x0000000620400000| Untracked 
|  83|0x0000000620800000, 0x0000000620800000, 0x0000000620c00000|  0%| F|  |TAMS 0x0000000620800000| PB 0x0000000620800000| Untracked 
|  84|0x0000000620c00000, 0x0000000620c00000, 0x0000000621000000|  0%| F|  |TAMS 0x0000000620c00000| PB 0x0000000620c00000| Untracked 
|  85|0x0000000621000000, 0x0000000621000000, 0x0000000621400000|  0%| F|  |TAMS 0x0000000621000000| PB 0x0000000621000000| Untracked 
|  86|0x0000000621400000, 0x0000000621400000, 0x0000000621800000|  0%| F|  |TAMS 0x0000000621400000| PB 0x0000000621400000| Untracked 
|  87|0x0000000621800000, 0x0000000621800000, 0x0000000621c00000|  0%| F|  |TAMS 0x0000000621800000| PB 0x0000000621800000| Untracked 
|  88|0x0000000621c00000, 0x0000000621c00000, 0x0000000622000000|  0%| F|  |TAMS 0x0000000621c00000| PB 0x0000000621c00000| Untracked 
|  89|0x0000000622000000, 0x0000000622000000, 0x0000000622400000|  0%| F|  |TAMS 0x0000000622000000| PB 0x0000000622000000| Untracked 
|  90|0x0000000622400000, 0x0000000622400000, 0x0000000622800000|  0%| F|  |TAMS 0x0000000622400000| PB 0x0000000622400000| Untracked 
|  91|0x0000000622800000, 0x0000000622800000, 0x0000000622c00000|  0%| F|  |TAMS 0x0000000622800000| PB 0x0000000622800000| Untracked 
|  92|0x0000000622c00000, 0x0000000622c00000, 0x0000000623000000|  0%| F|  |TAMS 0x0000000622c00000| PB 0x0000000622c00000| Untracked 
|  93|0x0000000623000000, 0x0000000623000000, 0x0000000623400000|  0%| F|  |TAMS 0x0000000623000000| PB 0x0000000623000000| Untracked 
|  94|0x0000000623400000, 0x0000000623400000, 0x0000000623800000|  0%| F|  |TAMS 0x0000000623400000| PB 0x0000000623400000| Untracked 
|  95|0x0000000623800000, 0x0000000623800000, 0x0000000623c00000|  0%| F|  |TAMS 0x0000000623800000| PB 0x0000000623800000| Untracked 
|  96|0x0000000623c00000, 0x0000000623c00000, 0x0000000624000000|  0%| F|  |TAMS 0x0000000623c00000| PB 0x0000000623c00000| Untracked 
|  97|0x0000000624000000, 0x0000000624000000, 0x0000000624400000|  0%| F|  |TAMS 0x0000000624000000| PB 0x0000000624000000| Untracked 
|  98|0x0000000624400000, 0x0000000624400000, 0x0000000624800000|  0%| F|  |TAMS 0x0000000624400000| PB 0x0000000624400000| Untracked 
|  99|0x0000000624800000, 0x0000000624800000, 0x0000000624c00000|  0%| F|  |TAMS 0x0000000624800000| PB 0x0000000624800000| Untracked 
| 100|0x0000000624c00000, 0x0000000624c00000, 0x0000000625000000|  0%| F|  |TAMS 0x0000000624c00000| PB 0x0000000624c00000| Untracked 
| 101|0x0000000625000000, 0x0000000625000000, 0x0000000625400000|  0%| F|  |TAMS 0x0000000625000000| PB 0x0000000625000000| Untracked 
| 102|0x0000000625400000, 0x0000000625400000, 0x0000000625800000|  0%| F|  |TAMS 0x0000000625400000| PB 0x0000000625400000| Untracked 
| 103|0x0000000625800000, 0x0000000625800000, 0x0000000625c00000|  0%| F|  |TAMS 0x0000000625800000| PB 0x0000000625800000| Untracked 
| 104|0x0000000625c00000, 0x0000000625c00000, 0x0000000626000000|  0%| F|  |TAMS 0x0000000625c00000| PB 0x0000000625c00000| Untracked 
| 105|0x0000000626000000, 0x0000000626000000, 0x0000000626400000|  0%| F|  |TAMS 0x0000000626000000| PB 0x0000000626000000| Untracked 
| 106|0x0000000626400000, 0x0000000626400000, 0x0000000626800000|  0%| F|  |TAMS 0x0000000626400000| PB 0x0000000626400000| Untracked 
| 107|0x0000000626800000, 0x0000000626800000, 0x0000000626c00000|  0%| F|  |TAMS 0x0000000626800000| PB 0x0000000626800000| Untracked 
| 108|0x0000000626c00000, 0x0000000626c00000, 0x0000000627000000|  0%| F|  |TAMS 0x0000000626c00000| PB 0x0000000626c00000| Untracked 
| 109|0x0000000627000000, 0x0000000627000000, 0x0000000627400000|  0%| F|  |TAMS 0x0000000627000000| PB 0x0000000627000000| Untracked 
| 110|0x0000000627400000, 0x0000000627400000, 0x0000000627800000|  0%| F|  |TAMS 0x0000000627400000| PB 0x0000000627400000| Untracked 
| 111|0x0000000627800000, 0x0000000627800000, 0x0000000627c00000|  0%| F|  |TAMS 0x0000000627800000| PB 0x0000000627800000| Untracked 
| 112|0x0000000627c00000, 0x0000000627c00000, 0x0000000628000000|  0%| F|  |TAMS 0x0000000627c00000| PB 0x0000000627c00000| Untracked 
| 113|0x0000000628000000, 0x0000000628000000, 0x0000000628400000|  0%| F|  |TAMS 0x0000000628000000| PB 0x0000000628000000| Untracked 
| 114|0x0000000628400000, 0x0000000628400000, 0x0000000628800000|  0%| F|  |TAMS 0x0000000628400000| PB 0x0000000628400000| Untracked 
| 115|0x0000000628800000, 0x0000000628800000, 0x0000000628c00000|  0%| F|  |TAMS 0x0000000628800000| PB 0x0000000628800000| Untracked 
| 116|0x0000000628c00000, 0x0000000628c00000, 0x0000000629000000|  0%| F|  |TAMS 0x0000000628c00000| PB 0x0000000628c00000| Untracked 
| 117|0x0000000629000000, 0x0000000629000000, 0x0000000629400000|  0%| F|  |TAMS 0x0000000629000000| PB 0x0000000629000000| Untracked 
| 118|0x0000000629400000, 0x0000000629400000, 0x0000000629800000|  0%| F|  |TAMS 0x0000000629400000| PB 0x0000000629400000| Untracked 
| 119|0x0000000629800000, 0x0000000629800000, 0x0000000629c00000|  0%| F|  |TAMS 0x0000000629800000| PB 0x0000000629800000| Untracked 
| 120|0x0000000629c00000, 0x0000000629c00000, 0x000000062a000000|  0%| F|  |TAMS 0x0000000629c00000| PB 0x0000000629c00000| Untracked 
| 121|0x000000062a000000, 0x000000062a000000, 0x000000062a400000|  0%| F|  |TAMS 0x000000062a000000| PB 0x000000062a000000| Untracked 
| 122|0x000000062a400000, 0x000000062a400000, 0x000000062a800000|  0%| F|  |TAMS 0x000000062a400000| PB 0x000000062a400000| Untracked 
| 123|0x000000062a800000, 0x000000062a800000, 0x000000062ac00000|  0%| F|  |TAMS 0x000000062a800000| PB 0x000000062a800000| Untracked 
| 124|0x000000062ac00000, 0x000000062afdce98, 0x000000062b000000| 96%| E|  |TAMS 0x000000062ac00000| PB 0x000000062ac00000| Complete 
| 125|0x000000062b000000, 0x000000062b400000, 0x000000062b400000|100%| E|CS|TAMS 0x000000062b000000| PB 0x000000062b000000| Complete 
|2000|0x00000007ffc00000, 0x00000007ffd0c620, 0x0000000800000000| 26%| O|  |TAMS 0x00000007ffc00000| PB 0x00000007ffc00000| Untracked 

Card table byte_map: [0x00007f47fe4bc000,0x00007f47ff45e000] _byte_map_base: 0x00007f47fb45e000

Marking Bits: (CMBitMap*) 0x00007f4818048530
 Bits: [0x00007f47f67ac000, 0x00007f47fe4bc000)

Polling page: 0x00007f481f1d7000

Metaspace:

Usage:
  Non-class:      3.38 MB used.
      Class:    400.27 KB used.
       Both:      3.77 MB used.

Virtual space:
  Non-class space:       64.00 MB reserved,       3.50 MB (  5%) committed,  1 nodes.
      Class space:        1.00 GB reserved,     512.00 KB ( <1%) committed,  1 nodes.
             Both:        1.06 GB reserved,       4.00 MB ( <1%) committed. 

Chunk freelists:
   Non-Class:  11.81 MB
       Class:  15.53 MB
        Both:  27.35 MB

MaxMetaspaceSize: unlimited
CompressedClassSpaceSize: 1.00 GB
Initial GC threshold: 21.00 MB
Current GC threshold: 21.00 MB
CDS: on
 - commit_granule_bytes: 65536.
 - commit_granule_words: 8192.
 - virtual_space_node_default_size: 8388608.
 - enlarge_chunks_in_place: 1.
 - use_allocation_guard: 0.


Internal statistics:

num_allocs_failed_limit: 0.
num_arena_births: 190.
num_arena_deaths: 0.
num_vsnodes_births: 2.
num_vsnodes_deaths: 0.
num_space_committed: 64.
num_space_uncommitted: 0.
num_chunks_returned_to_freelist: 0.
num_chunks_taken_from_freelist: 219.
num_chunk_merges: 0.
num_chunk_splits: 138.
num_chunks_enlarged: 60.
num_inconsistent_stats: 0.

CodeHeap 'non-profiled nmethods': size=119168Kb used=147Kb max_used=147Kb free=119020Kb
 bounds [0x00007f4807fa0000, 0x00007f4808210000, 0x00007f480f400000]
CodeHeap 'profiled nmethods': size=119164Kb used=581Kb max_used=581Kb free=118582Kb
 bounds [0x00007f4800400000, 0x00007f4800670000, 0x00007f480785f000]
CodeHeap 'non-nmethods': size=7428Kb used=1530Kb max_used=2063Kb free=5897Kb
 bounds [0x00007f480785f000, 0x00007f4807acf000, 0x00007f4807fa0000]
CodeCache: size=245760Kb, used=2258Kb, max_used=2791Kb, free=243499Kb
 total_blobs=1013, nmethods=435, adapters=484, full_count=0
Compilation: enabled, stopped_count=0, restarted_count=0

Compilation events (20 events):
Event: 0.191 Thread 0x00007f47780c0110  390       3       jdk.internal.org.objectweb.asm.AnnotationWriter::putAnnotations (67 bytes)
Event: 0.191 Thread 0x00007f48181585f0  391       3       java.lang.reflect.Modifier::isProtected (12 bytes)
Event: 0.191 Thread 0x00007f48181585f0 nmethod 391 0x00007f480048dd90 code [0x00007f480048df20, 0x00007f480048e058]
Event: 0.191 Thread 0x00007f47780c0110 nmethod 390 0x00007f480048e110 code [0x00007f480048e320, 0x00007f480048e6f8]
Event: 1.204 Thread 0x00007f47780c0110  392       1       java.util.concurrent.locks.AbstractOwnableSynchronizer::setExclusiveOwnerThread (6 bytes)
Event: 1.205 Thread 0x00007f47780c0110 nmethod 392 0x00007f4807fbdd90 code [0x00007f4807fbdf20, 0x00007f4807fbe030]
Event: 18.521 Thread 0x00007f48181585f0  401       3       java.util.concurrent.locks.AbstractQueuedSynchronizer::compareAndSetState (13 bytes)
Event: 18.521 Thread 0x00007f48181585f0 nmethod 401 0x00007f480048e990 code [0x00007f480048eb20, 0x00007f480048ec40]
Event: 19.021 Thread 0x00007f48181585f0  402       3       java.util.concurrent.locks.ReentrantLock::lock (8 bytes)
Event: 19.021 Thread 0x00007f48181585f0 nmethod 402 0x00007f480048ed10 code [0x00007f480048eee0, 0x00007f480048f1d8]
Event: 19.021 Thread 0x00007f48181585f0  403       3       java.util.concurrent.locks.ReentrantLock$Sync::lock (13 bytes)
Event: 19.021 Thread 0x00007f48181585f0 nmethod 403 0x00007f480048f310 code [0x00007f480048f4e0, 0x00007f480048f768]
Event: 19.021 Thread 0x00007f48181585f0  404       3       java.util.concurrent.locks.ReentrantLock$NonfairSync::initialTryLock (58 bytes)
Event: 19.021 Thread 0x00007f48181585f0 nmethod 404 0x00007f480048f810 code [0x00007f480048fa00, 0x00007f480048fde8]
Event: 19.021 Thread 0x00007f48181585f0  405       3       java.util.concurrent.locks.AbstractQueuedSynchronizer::release (19 bytes)
Event: 19.022 Thread 0x00007f48181585f0 nmethod 405 0x00007f480048ff10 code [0x00007f4800490120, 0x00007f4800490748]
Event: 19.022 Thread 0x00007f48181585f0  406       3       java.util.concurrent.locks.ReentrantLock$Sync::tryRelease (51 bytes)
Event: 19.022 Thread 0x00007f48181585f0 nmethod 406 0x00007f4800490990 code [0x00007f4800490b60, 0x00007f4800490ee0]
Event: 19.522 Thread 0x00007f48181585f0  407       3       java.util.concurrent.locks.ReentrantLock::unlock (10 bytes)
Event: 19.522 Thread 0x00007f48181585f0 nmethod 407 0x00007f4800491010 code [0x00007f48004911e0, 0x00007f48004914b8]

GC Heap History (0 events):
No events

Dll operation events (9 events):
Event: 0.001 Loaded shared library /usr/lib/jvm/java-21-openjdk/lib/libjava.so
Event: 0.016 Loaded shared library /usr/lib/jvm/java-21-openjdk/lib/libjsvml.so
Event: 0.122 Loaded shared library /usr/lib/jvm/java-21-openjdk/lib/libawt.so
Event: 0.123 Loaded shared library /usr/lib/jvm/java-21-openjdk/lib/libawt_xawt.so
Event: 0.131 Loaded shared library /usr/lib/jvm/java-21-openjdk/lib/libnio.so
Event: 0.131 Loaded shared library /usr/lib/jvm/java-21-openjdk/lib/libjimage.so
Event: 0.149 Loaded shared library /usr/lib/jvm/java-21-openjdk/lib/libzip.so
Event: 0.166 Loaded shared library /usr/lib/jvm/java-21-openjdk/lib/libfontmanager.so
Event: 21.270 Loaded shared library /usr/lib/jvm/java-21-openjdk/lib/libnet.so

Deoptimization events (0 events):
No events

Classes loaded (20 events):
Event: 21.513 Loading class java/util/stream/ReferencePipeline$8
Event: 21.513 Loading class java/util/stream/ReferencePipeline$8 done
Event: 21.513 Loading class java/util/stream/ReferencePipeline$8$1
Event: 21.513 Loading class java/util/stream/ReferencePipeline$8$1 done
Event: 21.529 Loading class java/util/Spliterators$IntArraySpliterator
Event: 21.529 Loading class java/util/Spliterators$IntArraySpliterator done
Event: 21.529 Loading class java/util/LinkedHashMap$LinkedKeySet
Event: 21.529 Loading class java/util/LinkedHashMap$LinkedKeySet done
Event: 21.529 Loading class java/util/LinkedHashMap$LinkedKeyIterator
Event: 21.529 Loading class java/util/LinkedHashMap$LinkedKeyIterator done
Event: 21.574 Loading class java/util/Formatter$FixedString
Event: 21.574 Loading class java/util/Formatter$FixedString done
Event: 21.592 Loading class jdk/internal/module/ModulePatcher$PatchedModuleReader
Event: 21.593 Loading class jdk/internal/module/ModulePatcher$PatchedModuleReader done
Event: 21.596 Loading class sun/net/www/protocol/jrt/Handler
Event: 21.596 Loading class sun/net/www/protocol/jrt/Handler done
Event: 21.776 Loading class sun/text/resources/cldr/FormatData_en
Event: 21.776 Loading class sun/text/resources/cldr/FormatData_en done
Event: 21.777 Loading class sun/text/resources/cldr/FormatData_en_US
Event: 21.777 Loading class sun/text/resources/cldr/FormatData_en_US done

Classes unloaded (0 events):
No events

Classes redefined (0 events):
No events

Internal exceptions (11 events):
Event: 0.125 Thread 0x00007f481801b370 Exception <a 'java/lang/ClassNotFoundException'{0x000000062b03c468}: sun/awt/resources/spi/awtProvider> (0x000000062b03c468) 
thrown [/usr/src/debug/java21-openjdk/jdk21u-jdk-21.0.10-7/src/hotspot/share/classfile/systemDictionary.cpp, line 312]
Event: 0.140 Thread 0x00007f481801b370 Exception <a 'java/io/FileNotFoundException'{0x000000062b2f89b0}> (0x000000062b2f89b0) 
thrown [/usr/src/debug/java21-openjdk/jdk21u-jdk-21.0.10-7/src/hotspot/share/prims/jni.cpp, line 520]
Event: 0.144 Thread 0x00007f481801b370 Exception <a 'java/io/FileNotFoundException'{0x000000062b323128}> (0x000000062b323128) 
thrown [/usr/src/debug/java21-openjdk/jdk21u-jdk-21.0.10-7/src/hotspot/share/prims/jni.cpp, line 520]
Event: 21.277 Thread 0x00007f481801b370 Exception <a 'java/lang/NoSuchMethodError'{0x000000062adf65d0}: 'void java.lang.invoke.DirectMethodHandle$Holder.invokeStaticInit(java.lang.Object)'> (0x000000062adf65d0) 
thrown [/usr/src/debug/java21-openjdk/jdk21u-jdk-21.0.10-7/src/hotspot/share/interpreter/linkResolver.cpp, line 772]
Event: 21.299 Thread 0x00007f481836ede0 Exception <a 'sun/nio/fs/UnixException'{0x000000062ae6a8b8}> (0x000000062ae6a8b8) 
thrown [/usr/src/debug/java21-openjdk/jdk21u-jdk-21.0.10-7/src/hotspot/share/prims/jni.cpp, line 520]
Event: 21.319 Thread 0x00007f481801b370 Exception <a 'java/lang/NoSuchMethodError'{0x000000062ae05588}: 'int java.lang.invoke.DirectMethodHandle$Holder.invokeVirtual(java.lang.Object, java.lang.Object, java.lang.Object)'> (0x000000062ae05588) 
thrown [/usr/src/debug/java21-openjdk/jdk21u-jdk-21.0.10-7/src/hotspot/share/interpreter/linkResolver.cpp, line 772]
Event: 21.388 Thread 0x00007f481801b370 Exception <a 'java/lang/NoSuchMethodError'{0x000000062ae1f8e0}: 'java.lang.Object java.lang.invoke.DirectMethodHandle$Holder.invokeStatic(java.lang.Object, java.lang.Object, int)'> (0x000000062ae1f8e0) 
thrown [/usr/src/debug/java21-openjdk/jdk21u-jdk-21.0.10-7/src/hotspot/share/interpreter/linkResolver.cpp, line 772]
Event: 21.426 Thread 0x00007f481801b370 Exception <a 'java/lang/NoSuchMethodError'{0x000000062ae2e6a0}: 'void java.lang.invoke.DirectMethodHandle$Holder.invokeInterface(java.lang.Object, java.lang.Object, java.lang.Object)'> (0x000000062ae2e6a0) 
thrown [/usr/src/debug/java21-openjdk/jdk21u-jdk-21.0.10-7/src/hotspot/share/interpreter/linkResolver.cpp, line 772]
Event: 21.444 Thread 0x00007f481801b370 Exception <a 'java/lang/NoSuchMethodError'{0x000000062ae34150}: 'void java.lang.invoke.DirectMethodHandle$Holder.invokeStatic(java.lang.Object, java.lang.Object)'> (0x000000062ae34150) 
thrown [/usr/src/debug/java21-openjdk/jdk21u-jdk-21.0.10-7/src/hotspot/share/interpreter/linkResolver.cpp, line 772]
Event: 21.515 Thread 0x00007f481801b370 Exception <a 'java/lang/NoSuchMethodError'{0x000000062ae50220}: 'void java.lang.invoke.DirectMethodHandle$Holder.invokeInterface(java.lang.Object, java.lang.Object, int)'> (0x000000062ae50220) 
thrown [/usr/src/debug/java21-openjdk/jdk21u-jdk-21.0.10-7/src/hotspot/share/interpreter/linkResolver.cpp, line 772]
Event: 21.525 Thread 0x00007f481801b370 Exception <a 'java/lang/IncompatibleClassChangeError'{0x000000062ae535b0}: Found class java.lang.Object, but interface was expected> (0x000000062ae535b0) 
thrown [/usr/src/debug/java21-openjdk/jdk21u-jdk-21.0.10-7/src/hotspot/share/interpreter/linkResolver.cpp, line 840]

ZGC Phase Switch (0 events):
No events

VM Operations (20 events):
Event: 20.183 Executing safepoint VM operation: get/set locals
Event: 20.183 Executing safepoint VM operation: get/set locals done
Event: 20.188 Executing safepoint VM operation: get/set locals
Event: 20.188 Executing safepoint VM operation: get/set locals done
Event: 20.194 Executing safepoint VM operation: get/set locals
Event: 20.194 Executing safepoint VM operation: get/set locals done
Event: 20.202 Executing safepoint VM operation: get/set locals
Event: 20.202 Executing safepoint VM operation: get/set locals done
Event: 20.208 Executing safepoint VM operation: get/set locals
Event: 20.208 Executing safepoint VM operation: get/set locals done
Event: 20.214 Executing safepoint VM operation: get/set locals
Event: 20.214 Executing safepoint VM operation: get/set locals done
Event: 20.219 Executing safepoint VM operation: get/set locals
Event: 20.219 Executing safepoint VM operation: get/set locals done
Event: 21.258 Executing safepoint VM operation: ChangeSingleStep
Event: 21.258 Executing safepoint VM operation: ChangeSingleStep done
Event: 21.258 Executing safepoint VM operation: ChangeSingleStep
Event: 21.258 Executing safepoint VM operation: ChangeSingleStep done
Event: 21.335 Executing non-safepoint VM operation: HandshakeAllThreads (Deoptimize)
Event: 21.335 Executing non-safepoint VM operation: HandshakeAllThreads (Deoptimize) done

Memory protections (19 events):
Event: 0.001 Protecting memory [0x00007f481d700000,0x00007f481d704000] with protection modes 0
Event: 0.015 Protecting memory [0x00007f47e6b00000,0x00007f47e6b04000] with protection modes 0
Event: 0.015 Protecting memory [0x00007f47e69ff000,0x00007f47e6a03000] with protection modes 0
Event: 0.015 Protecting memory [0x00007f47e68fe000,0x00007f47e6902000] with protection modes 0
Event: 0.015 Protecting memory [0x00007f47e67fd000,0x00007f47e6801000] with protection modes 0
Event: 0.016 Protecting memory [0x00007f47e66fc000,0x00007f47e6700000] with protection modes 0
Event: 0.016 Protecting memory [0x00007f47e65fb000,0x00007f47e65ff000] with protection modes 0
Event: 0.016 Protecting memory [0x00007f47e64fa000,0x00007f47e64fe000] with protection modes 0
Event: 0.020 Protecting memory [0x00007f47e6328000,0x00007f47e632c000] with protection modes 0
Event: 0.020 Protecting memory [0x00007f47e6227000,0x00007f47e622b000] with protection modes 0
Event: 0.020 Protecting memory [0x00007f47e6126000,0x00007f47e612a000] with protection modes 0
Event: 0.107 Protecting memory [0x00007f47e6025000,0x00007f47e6029000] with protection modes 0
Event: 0.108 Protecting memory [0x00007f47e5f24000,0x00007f47e5f28000] with protection modes 0
Event: 0.141 Protecting memory [0x00007f47e5b90000,0x00007f47e5b94000] with protection modes 0
Event: 0.186 Protecting memory [0x00007f47e55a4000,0x00007f47e55a8000] with protection modes 0
Event: 0.188 Protecting memory [0x00007f47e54a3000,0x00007f47e54a7000] with protection modes 0
Event: 21.259 Protecting memory [0x00007f47e5b90000,0x00007f47e5b94000] with protection modes 0
Event: 21.299 Protecting memory [0x00007f4790100000,0x00007f4790104000] with protection modes 0
Event: 21.300 Protecting memory [0x00007f47536ff000,0x00007f4753703000] with protection modes 0

Nmethod flushes (0 events):
No events

Events (20 events):
Event: 0.011 Thread 0x00007f481801b370 Thread added: 0x00007f481801b370
Event: 0.015 Thread 0x00007f481801b370 Thread added: 0x00007f481814f910
Event: 0.015 Thread 0x00007f481801b370 Thread added: 0x00007f4818150e90
Event: 0.015 Thread 0x00007f481801b370 Thread added: 0x00007f4818152750
Event: 0.015 Thread 0x00007f481801b370 Thread added: 0x00007f4818153da0
Event: 0.016 Thread 0x00007f481801b370 Thread added: 0x00007f4818155350
Event: 0.016 Thread 0x00007f481801b370 Thread added: 0x00007f4818156f20
Event: 0.016 Thread 0x00007f481801b370 Thread added: 0x00007f48181585f0
Event: 0.020 Thread 0x00007f481801b370 Thread added: 0x00007f4818178ab0
Event: 0.020 Thread 0x00007f481801b370 Thread added: 0x00007f481817a830
Event: 0.020 Thread 0x00007f4818178ab0 Thread added: 0x00007f4770001080
Event: 0.107 Thread 0x00007f481801b370 Thread added: 0x00007f481817b990
Event: 0.108 Thread 0x00007f481801b370 Thread added: 0x00007f481817f110
Event: 0.141 Thread 0x00007f4818156f20 Thread added: 0x00007f47780c0110
Event: 0.186 Thread 0x00007f481801b370 Thread added: 0x00007f48182d3c40
Event: 0.188 Thread 0x00007f481801b370 Thread added: 0x00007f48182d5b20
Event: 6.205 Thread 0x00007f47780c0110 Thread exited: 0x00007f47780c0110
Event: 21.259 Thread 0x00007f481801b370 Thread added: 0x00007f48181c5ad0
Event: 21.298 Thread 0x00007f481801b370 Thread added: 0x00007f481836ede0
Event: 21.300 Thread 0x00007f481801b370 Thread added: 0x00007f4818370e40


Dynamic libraries:
60bc00000-62b400000 rw-p 00000000 00:00 0 
62b400000-7ffc00000 ---p 00000000 00:00 0 
7ffc00000-7ffd0d000 rw-p 00cda000 00:1c 1074018                          /usr/lib/jvm/java-21-openjdk/lib/server/classes.jsa
7ffd0d000-800000000 rw-p 00000000 00:00 0 
5650d4cbb000-5650d4cbc000 r--p 00000000 00:1c 1073744                    /usr/lib/jvm/java-21-openjdk/bin/java
5650d4cbc000-5650d4cbd000 r-xp 00001000 00:1c 1073744                    /usr/lib/jvm/java-21-openjdk/bin/java
5650d4cbd000-5650d4cbe000 r--p 00002000 00:1c 1073744                    /usr/lib/jvm/java-21-openjdk/bin/java
5650d4cbe000-5650d4cbf000 r--p 00002000 00:1c 1073744                    /usr/lib/jvm/java-21-openjdk/bin/java
5650d4cbf000-5650d4cc0000 rw-p 00003000 00:1c 1073744                    /usr/lib/jvm/java-21-openjdk/bin/java
565105804000-56510584c000 rw-p 00000000 00:00 0                          [heap]
7f4728000000-7f4729fa4000 ---s 00000000 00:1f 38038                      /dev/shm/xdph-shm-hIKceF (deleted)
7f472a000000-7f472bfa4000 ---s 00000000 00:1f 38037                      /dev/shm/xdph-shm-DECceF (deleted)
7f472c000000-7f472dfa4000 ---s 00000000 00:1f 38036                      /dev/shm/xdph-shm-LNjbeF (deleted)
7f472e000000-7f472ffa4000 ---s 00000000 00:1f 38035                      /dev/shm/xdph-shm-biDbeF (deleted)
7f4730000000-7f4730021000 rw-p 00000000 00:00 0 
7f4730021000-7f4734000000 ---p 00000000 00:00 0 
7f4734000000-7f4734048000 rw-p 00000000 00:00 0 
7f4734048000-7f4738000000 ---p 00000000 00:00 0 
7f4738000000-7f4738021000 rw-p 00000000 00:00 0 
7f4738021000-7f473c000000 ---p 00000000 00:00 0 
7f473c000000-7f473c021000 rw-p 00000000 00:00 0 
7f473c021000-7f4740000000 ---p 00000000 00:00 0 
7f4740000000-7f4740021000 rw-p 00000000 00:00 0 
7f4740021000-7f4744000000 ---p 00000000 00:00 0 
7f4744000000-7f4744021000 rw-p 00000000 00:00 0 
7f4744021000-7f4748000000 ---p 00000000 00:00 0 
7f4748000000-7f474808a000 rw-p 00000000 00:00 0 
7f474808a000-7f474c000000 ---p 00000000 00:00 0 
7f474c000000-7f474c021000 rw-p 00000000 00:00 0 
7f474c021000-7f4750000000 ---p 00000000 00:00 0 
7f4750ef9000-7f47536ff000 rw-p 00000000 00:00 0 
7f47536ff000-7f4753703000 ---p 00000000 00:00 0 
7f4753703000-7f4754000000 rw-p 00000000 00:00 0 
7f4754000000-7f4754021000 rw-p 00000000 00:00 0 
7f4754021000-7f4758000000 ---p 00000000 00:00 0 
7f4758000000-7f4758021000 rw-p 00000000 00:00 0 
7f4758021000-7f475c000000 ---p 00000000 00:00 0 
7f475c000000-7f475c021000 rw-p 00000000 00:00 0 
7f475c021000-7f4760000000 ---p 00000000 00:00 0 
7f4760000000-7f4760021000 rw-p 00000000 00:00 0 
7f4760021000-7f4764000000 ---p 00000000 00:00 0 
7f4764000000-7f4764021000 rw-p 00000000 00:00 0 
7f4764021000-7f4768000000 ---p 00000000 00:00 0 
7f4768000000-7f4768021000 rw-p 00000000 00:00 0 
7f4768021000-7f476c000000 ---p 00000000 00:00 0 
7f476c000000-7f476c178000 rw-p 00000000 00:00 0 
7f476c178000-7f4770000000 ---p 00000000 00:00 0 
7f4770000000-7f4770021000 rw-p 00000000 00:00 0 
7f4770021000-7f4774000000 ---p 00000000 00:00 0 
7f4774000000-7f4774021000 rw-p 00000000 00:00 0 
7f4774021000-7f4778000000 ---p 00000000 00:00 0 
7f4778000000-7f47780ef000 rw-p 00000000 00:00 0 
7f47780ef000-7f477c000000 ---p 00000000 00:00 0 
7f477c000000-7f477c021000 rw-p 00000000 00:00 0 
7f477c021000-7f4780000000 ---p 00000000 00:00 0 
7f4780000000-7f4780021000 rw-p 00000000 00:00 0 
7f4780021000-7f4784000000 ---p 00000000 00:00 0 
7f4784000000-7f4784021000 rw-p 00000000 00:00 0 
7f4784021000-7f4788000000 ---p 00000000 00:00 0 
7f4788000000-7f4788021000 rw-p 00000000 00:00 0 
7f4788021000-7f478c000000 ---p 00000000 00:00 0 
7f478c000000-7f478c021000 rw-p 00000000 00:00 0 
7f478c021000-7f4790000000 ---p 00000000 00:00 0 
7f47900ff000-7f4790100000 rw-p 00000000 00:00 0 
7f4790100000-7f4790104000 ---p 00000000 00:00 0 
7f4790104000-7f4790200000 rw-p 00000000 00:00 0 
7f4790200000-7f47905d8000 r--s 00000000 00:1c 778489                     /var/cache/fontconfig/923e285e415b1073c8df160bee08820f-le64.cache-9
7f4790600000-7f4792594000 r--p 00000000 00:1c 896205                     /usr/lib/libicudata.so.78.3
7f4792594000-7f4792595000 r--p 01f93000 00:1c 896205                     /usr/lib/libicudata.so.78.3
7f47925ac000-7f47925ad000 r--p 00000000 00:1c 904251                     /usr/lib/spa-0.2/videoconvert/libspa-videoconvert.so
7f47925ad000-7f47925c7000 r-xp 00001000 00:1c 904251                     /usr/lib/spa-0.2/videoconvert/libspa-videoconvert.so
7f47925c7000-7f47925d0000 r--p 0001b000 00:1c 904251                     /usr/lib/spa-0.2/videoconvert/libspa-videoconvert.so
7f47925d0000-7f47925d6000 r--p 00023000 00:1c 904251                     /usr/lib/spa-0.2/videoconvert/libspa-videoconvert.so
7f47925d6000-7f47925d7000 rw-p 00029000 00:1c 904251                     /usr/lib/spa-0.2/videoconvert/libspa-videoconvert.so
7f47925d7000-7f47925d9000 r--p 00000000 00:1c 904241                     /usr/lib/pipewire-0.3/libpipewire-module-session-manager.so
7f47925d9000-7f47925f8000 r-xp 00002000 00:1c 904241                     /usr/lib/pipewire-0.3/libpipewire-module-session-manager.so
7f47925f8000-7f47925fd000 r--p 00021000 00:1c 904241                     /usr/lib/pipewire-0.3/libpipewire-module-session-manager.so
7f47925fd000-7f47925ff000 r--p 00025000 00:1c 904241                     /usr/lib/pipewire-0.3/libpipewire-module-session-manager.so
7f47925ff000-7f4792600000 rw-p 00027000 00:1c 904241                     /usr/lib/pipewire-0.3/libpipewire-module-session-manager.so
7f4792600000-7f4792648000 r--p 00000000 00:1c 896220                     /usr/lib/libicuuc.so.78.3
7f4792648000-7f4792765000 r-xp 00048000 00:1c 896220                     /usr/lib/libicuuc.so.78.3
7f4792765000-7f47927f8000 r--p 00165000 00:1c 896220                     /usr/lib/libicuuc.so.78.3
7f47927f8000-7f479280b000 r--p 001f8000 00:1c 896220                     /usr/lib/libicuuc.so.78.3
7f479280b000-7f479280c000 rw-p 0020b000 00:1c 896220                     /usr/lib/libicuuc.so.78.3
7f479280c000-7f479280e000 rw-p 00000000 00:00 0 
7f479282c000-7f479282e000 r--p 00000000 00:1c 904235                     /usr/lib/pipewire-0.3/libpipewire-module-metadata.so
7f479282e000-7f4792837000 r-xp 00002000 00:1c 904235                     /usr/lib/pipewire-0.3/libpipewire-module-metadata.so
7f4792837000-7f4792838000 r--p 0000b000 00:1c 904235                     /usr/lib/pipewire-0.3/libpipewire-module-metadata.so
7f4792838000-7f4792839000 r--p 0000c000 00:1c 904235                     /usr/lib/pipewire-0.3/libpipewire-module-metadata.so
7f4792839000-7f479283a000 rw-p 0000d000 00:1c 904235                     /usr/lib/pipewire-0.3/libpipewire-module-metadata.so
7f479283a000-7f479283c000 r--p 00000000 00:1c 904230                     /usr/lib/pipewire-0.3/libpipewire-module-adapter.so
7f479283c000-7f4792840000 r-xp 00002000 00:1c 904230                     /usr/lib/pipewire-0.3/libpipewire-module-adapter.so
7f4792840000-7f4792842000 r--p 00006000 00:1c 904230                     /usr/lib/pipewire-0.3/libpipewire-module-adapter.so
7f4792842000-7f4792843000 r--p 00007000 00:1c 904230                     /usr/lib/pipewire-0.3/libpipewire-module-adapter.so
7f4792843000-7f4792844000 rw-p 00008000 00:1c 904230                     /usr/lib/pipewire-0.3/libpipewire-module-adapter.so
7f4792844000-7f4792846000 r--p 00000000 00:1c 904231                     /usr/lib/pipewire-0.3/libpipewire-module-client-device.so
7f4792846000-7f4792852000 r-xp 00002000 00:1c 904231                     /usr/lib/pipewire-0.3/libpipewire-module-client-device.so
7f4792852000-7f4792853000 r--p 0000e000 00:1c 904231                     /usr/lib/pipewire-0.3/libpipewire-module-client-device.so
7f4792853000-7f4792854000 r--p 0000f000 00:1c 904231                     /usr/lib/pipewire-0.3/libpipewire-module-client-device.so
7f4792854000-7f4792855000 rw-p 00010000 00:1c 904231                     /usr/lib/pipewire-0.3/libpipewire-module-client-device.so
7f4792855000-7f4792858000 r--p 00000000 00:1c 904232                     /usr/lib/pipewire-0.3/libpipewire-module-client-node.so
7f4792858000-7f4792873000 r-xp 00003000 00:1c 904232                     /usr/lib/pipewire-0.3/libpipewire-module-client-node.so
7f4792873000-7f4792878000 r--p 0001e000 00:1c 904232                     /usr/lib/pipewire-0.3/libpipewire-module-client-node.so
7f4792878000-7f479287a000 r--p 00022000 00:1c 904232                     /usr/lib/pipewire-0.3/libpipewire-module-client-node.so
7f479287a000-7f479287b000 rw-p 00024000 00:1c 904232                     /usr/lib/pipewire-0.3/libpipewire-module-client-node.so
7f479287b000-7f479287e000 r--p 00000000 00:1c 904238                     /usr/lib/pipewire-0.3/libpipewire-module-protocol-native.so
7f479287e000-7f479289c000 r-xp 00003000 00:1c 904238                     /usr/lib/pipewire-0.3/libpipewire-module-protocol-native.so
7f479289c000-7f47928a7000 r--p 00021000 00:1c 904238                     /usr/lib/pipewire-0.3/libpipewire-module-protocol-native.so
7f47928a7000-7f47928b2000 r--p 0002b000 00:1c 904238                     /usr/lib/pipewire-0.3/libpipewire-module-protocol-native.so
7f47928b2000-7f47928b3000 rw-p 00036000 00:1c 904238                     /usr/lib/pipewire-0.3/libpipewire-module-protocol-native.so
7f47928b3000-7f47928c0000 r--p 00000000 00:1c 904204                     /usr/lib/libpipewire-0.3.so.0.1602.0
7f47928c0000-7f4792945000 r-xp 0000d000 00:1c 904204                     /usr/lib/libpipewire-0.3.so.0.1602.0
7f4792945000-7f4792962000 r--p 00092000 00:1c 904204                     /usr/lib/libpipewire-0.3.so.0.1602.0
7f4792962000-7f479297e000 r--p 000ae000 00:1c 904204                     /usr/lib/libpipewire-0.3.so.0.1602.0
7f479297e000-7f479297f000 rw-p 000ca000 00:1c 904204                     /usr/lib/libpipewire-0.3.so.0.1602.0
7f479297f000-7f4792980000 rw-p 00000000 00:00 0 
7f4792980000-7f47929c0000 r--s 00000000 00:1c 136379                     /home/domplin/.cache/fontconfig/f6b893a7224233d96cb72fd88691c0b4-le64.cache-9
7f47929c7000-7f47929c9000 r--p 00000000 00:1c 904239                     /usr/lib/pipewire-0.3/libpipewire-module-rt.so
7f47929c9000-7f47929cd000 r-xp 00002000 00:1c 904239                     /usr/lib/pipewire-0.3/libpipewire-module-rt.so
7f47929cd000-7f47929cf000 r--p 00006000 00:1c 904239                     /usr/lib/pipewire-0.3/libpipewire-module-rt.so
7f47929cf000-7f47929d0000 r--p 00007000 00:1c 904239                     /usr/lib/pipewire-0.3/libpipewire-module-rt.so
7f47929d0000-7f47929d1000 rw-p 00008000 00:1c 904239                     /usr/lib/pipewire-0.3/libpipewire-module-rt.so
7f47929d1000-7f47929d2000 r--p 00000000 00:1c 904247                     /usr/lib/spa-0.2/support/libspa-dbus.so
7f47929d2000-7f47929d5000 r-xp 00001000 00:1c 904247                     /usr/lib/spa-0.2/support/libspa-dbus.so
7f47929d5000-7f47929d6000 r--p 00004000 00:1c 904247                     /usr/lib/spa-0.2/support/libspa-dbus.so
7f47929d6000-7f47929d7000 r--p 00004000 00:1c 904247                     /usr/lib/spa-0.2/support/libspa-dbus.so
7f47929d7000-7f47929d8000 rw-p 00005000 00:1c 904247                     /usr/lib/spa-0.2/support/libspa-dbus.so
7f47929d8000-7f4792a00000 r--s 00000000 00:1c 136393                     /home/domplin/.cache/fontconfig/f2e43df3287529323e79e7929dc44cc9-le64.cache-9
7f4792a00000-7f4792ac2000 r--p 00000000 00:1c 542573                     /usr/lib/libglycin-2.so.0
7f4792ac2000-7f4792de7000 r-xp 000c1000 00:1c 542573                     /usr/lib/libglycin-2.so.0
7f4792de7000-7f4792e01000 r--p 003e5000 00:1c 542573                     /usr/lib/libglycin-2.so.0
7f4792e01000-7f4792e05000 rw-p 003fe000 00:1c 542573                     /usr/lib/libglycin-2.so.0
7f4792e05000-7f4792e07000 r--p 00000000 00:1c 904249                     /usr/lib/spa-0.2/support/libspa-support.so
7f4792e07000-7f4792e22000 r-xp 00002000 00:1c 904249                     /usr/lib/spa-0.2/support/libspa-support.so
7f4792e22000-7f4792e28000 r--p 0001d000 00:1c 904249                     /usr/lib/spa-0.2/support/libspa-support.so
7f4792e28000-7f4792e30000 r--p 00022000 00:1c 904249                     /usr/lib/spa-0.2/support/libspa-support.so
7f4792e30000-7f4792e31000 rw-p 0002a000 00:1c 904249                     /usr/lib/spa-0.2/support/libspa-support.so
7f4792e31000-7f4792e41000 r--s 00000000 00:1c 136387                     /home/domplin/.cache/fontconfig/491f45a0a771fef1c10b9b647a97fb82-le64.cache-9
7f4792e41000-7f4792e56000 r--p 00000000 00:1c 894265                     /usr/lib/libsystemd.so.0.43.0
7f4792e56000-7f4792f1c000 r-xp 00015000 00:1c 894265                     /usr/lib/libsystemd.so.0.43.0
7f4792f1c000-7f4792f60000 r--p 000db000 00:1c 894265                     /usr/lib/libsystemd.so.0.43.0
7f4792f60000-7f4792f69000 r--p 0011f000 00:1c 894265                     /usr/lib/libsystemd.so.0.43.0
7f4792f69000-7f4792f6a000 rw-p 00128000 00:1c 894265                     /usr/lib/libsystemd.so.0.43.0
7f4792f6a000-7f4792f6b000 rw-p 00000000 00:00 0 
7f4792f6b000-7f4792f6d000 r--p 00000000 00:1c 312698                     /usr/lib/libseccomp.so.2.6.0
7f4792f6d000-7f4792f7d000 r-xp 00002000 00:1c 312698                     /usr/lib/libseccomp.so.2.6.0
7f4792f7d000-7f4792f96000 r--p 00012000 00:1c 312698                     /usr/lib/libseccomp.so.2.6.0
7f4792f96000-7f4792f97000 r--p 0002b000 00:1c 312698                     /usr/lib/libseccomp.so.2.6.0
7f4792f97000-7f4792f98000 rw-p 0002c000 00:1c 312698                     /usr/lib/libseccomp.so.2.6.0
7f4792f98000-7f4792fa1000 r--p 00000000 00:1c 312681                     /usr/lib/liblcms2.so.2.0.18
7f4792fa1000-7f4792fe6000 r-xp 00009000 00:1c 312681                     /usr/lib/liblcms2.so.2.0.18
7f4792fe6000-7f4792ff9000 r--p 0004e000 00:1c 312681                     /usr/lib/liblcms2.so.2.0.18
7f4792ff9000-7f4792ffc000 r--p 00061000 00:1c 312681                     /usr/lib/liblcms2.so.2.0.18
7f4792ffc000-7f4792fff000 rw-p 00064000 00:1c 312681                     /usr/lib/liblcms2.so.2.0.18
7f4792fff000-7f4793350000 rw-p 00000000 00:00 0 
7f4793350000-7f4793400000 ---p 00000000 00:00 0 
7f4793400000-7f4793430000 rw-p 00000000 00:00 0 
7f4793430000-7f4797000000 ---p 00000000 00:00 0 
7f4797000000-7f4797c9b000 rw-p 00001000 00:1c 1074018                    /usr/lib/jvm/java-21-openjdk/lib/server/classes.jsa
7f4797c9b000-7f4798000000 ---p 00000000 00:00 0 
7f4798000000-7f4798040000 rw-p 00000000 00:00 0 
7f4798040000-7f4798080000 rw-p 00000000 00:00 0 
7f4798080000-7f47d8000000 ---p 00000000 00:00 0 
7f47d8000000-7f47d8021000 rw-p 00000000 00:00 0 
7f47d8021000-7f47dc000000 ---p 00000000 00:00 0 
7f47dc000000-7f47dc021000 rw-p 00000000 00:00 0 
7f47dc021000-7f47e0000000 ---p 00000000 00:00 0 
7f47e0000000-7f47e0021000 rw-p 00000000 00:00 0 
7f47e0021000-7f47e4000000 ---p 00000000 00:00 0 
7f47e4001000-7f47e4002000 r--p 00000000 00:1c 494643                     /usr/lib/libgthread-2.0.so.0.8600.4
7f47e4002000-7f47e4003000 r-xp 00001000 00:1c 494643                     /usr/lib/libgthread-2.0.so.0.8600.4
7f47e4003000-7f47e4004000 r--p 00002000 00:1c 494643                     /usr/lib/libgthread-2.0.so.0.8600.4
7f47e4004000-7f47e4005000 r--p 00002000 00:1c 494643                     /usr/lib/libgthread-2.0.so.0.8600.4
7f47e4005000-7f47e4006000 rw-p 00003000 00:1c 494643                     /usr/lib/libgthread-2.0.so.0.8600.4
7f47e4006000-7f47e4008000 r--p 00000000 00:1c 72036                      /usr/lib/libdatrie.so.1.4.1
7f47e4008000-7f47e400c000 r-xp 00002000 00:1c 72036                      /usr/lib/libdatrie.so.1.4.1
7f47e400c000-7f47e400d000 r--p 00006000 00:1c 72036                      /usr/lib/libdatrie.so.1.4.1
7f47e400d000-7f47e400e000 r--p 00006000 00:1c 72036                      /usr/lib/libdatrie.so.1.4.1
7f47e400e000-7f47e400f000 rw-p 00007000 00:1c 72036                      /usr/lib/libdatrie.so.1.4.1
7f47e400f000-7f47e4014000 r--p 00000000 00:1c 309727                     /usr/lib/libblkid.so.1.1.0
7f47e4014000-7f47e4039000 r-xp 00005000 00:1c 309727                     /usr/lib/libblkid.so.1.1.0
7f47e4039000-7f47e4042000 r--p 0002a000 00:1c 309727                     /usr/lib/libblkid.so.1.1.0
7f47e4042000-7f47e4048000 r--p 00032000 00:1c 309727                     /usr/lib/libblkid.so.1.1.0
7f47e4048000-7f47e4049000 rw-p 00038000 00:1c 309727                     /usr/lib/libblkid.so.1.1.0
7f47e4049000-7f47e4052000 r--p 00000000 00:1c 895136                     /usr/lib/libsqlite3.so.3.52.0
7f47e4052000-7f47e4188000 r-xp 00009000 00:1c 895136                     /usr/lib/libsqlite3.so.3.52.0
7f47e4188000-7f47e41b8000 r--p 0013f000 00:1c 895136                     /usr/lib/libsqlite3.so.3.52.0
7f47e41b8000-7f47e41bc000 r--p 0016e000 00:1c 895136                     /usr/lib/libsqlite3.so.3.52.0
7f47e41bc000-7f47e41c1000 rw-p 00172000 00:1c 895136                     /usr/lib/libsqlite3.so.3.52.0
7f47e41c1000-7f47e41db000 r--p 00000000 00:1c 684256                     /usr/lib/libxml2.so.16.1.2
7f47e41db000-7f47e42ae000 r-xp 0001a000 00:1c 684256                     /usr/lib/libxml2.so.16.1.2
7f47e42ae000-7f47e42eb000 r--p 000ed000 00:1c 684256                     /usr/lib/libxml2.so.16.1.2
7f47e42eb000-7f47e42f4000 r--p 0012a000 00:1c 684256                     /usr/lib/libxml2.so.16.1.2
7f47e42f4000-7f47e42f5000 rw-p 00133000 00:1c 684256                     /usr/lib/libxml2.so.16.1.2
7f47e42f5000-7f47e42f6000 rw-p 00000000 00:00 0 
7f47e42f6000-7f47e42ff000 r--p 00000000 00:1c 73376                      /usr/lib/libjson-glib-1.0.so.0.1000.8
7f47e42ff000-7f47e4315000 r-xp 00009000 00:1c 73376                      /usr/lib/libjson-glib-1.0.so.0.1000.8
7f47e4315000-7f47e431e000 r--p 0001f000 00:1c 73376                      /usr/lib/libjson-glib-1.0.so.0.1000.8
7f47e431e000-7f47e431f000 r--p 00028000 00:1c 73376                      /usr/lib/libjson-glib-1.0.so.0.1000.8
7f47e431f000-7f47e4320000 rw-p 00029000 00:1c 73376                      /usr/lib/libjson-glib-1.0.so.0.1000.8
7f47e4320000-7f47e432e000 r--p 00000000 00:1c 26114                      /usr/lib/libdbus-1.so.3.38.3
7f47e432e000-7f47e435f000 r-xp 0000e000 00:1c 26114                      /usr/lib/libdbus-1.so.3.38.3
7f47e435f000-7f47e4370000 r--p 0003f000 00:1c 26114                      /usr/lib/libdbus-1.so.3.38.3
7f47e4370000-7f47e4372000 r--p 0004f000 00:1c 26114                      /usr/lib/libdbus-1.so.3.38.3
7f47e4372000-7f47e4373000 rw-p 00051000 00:1c 26114                      /usr/lib/libdbus-1.so.3.38.3
7f47e4373000-7f47e4381000 r--p 00000000 00:1c 895639                     /usr/lib/libatspi.so.0.0.1
7f47e4381000-7f47e439a000 r-xp 0000e000 00:1c 895639                     /usr/lib/libatspi.so.0.0.1
7f47e439a000-7f47e43a7000 r--p 00027000 00:1c 895639                     /usr/lib/libatspi.so.0.0.1
7f47e43a7000-7f47e43ab000 r--p 00034000 00:1c 895639                     /usr/lib/libatspi.so.0.0.1
7f47e43ab000-7f47e43ac000 rw-p 00038000 00:1c 895639                     /usr/lib/libatspi.so.0.0.1
7f47e43ac000-7f47e43ae000 r--p 00000000 00:1c 895155                     /usr/lib/libexpat.so.1.11.3
7f47e43ae000-7f47e43cc000 r-xp 00002000 00:1c 895155                     /usr/lib/libexpat.so.1.11.3
7f47e43cc000-7f47e43d4000 r--p 00020000 00:1c 895155                     /usr/lib/libexpat.so.1.11.3
7f47e43d4000-7f47e43d6000 r--p 00028000 00:1c 895155                     /usr/lib/libexpat.so.1.11.3
7f47e43d6000-7f47e43d7000 rw-p 0002a000 00:1c 895155                     /usr/lib/libexpat.so.1.11.3
7f47e43d7000-7f47e43dc000 r--p 00000000 00:1c 71394                      /usr/lib/libpixman-1.so.0.46.4
7f47e43dc000-7f47e446d000 r-xp 00005000 00:1c 71394                      /usr/lib/libpixman-1.so.0.46.4
7f47e446d000-7f47e447d000 r--p 00096000 00:1c 71394                      /usr/lib/libpixman-1.so.0.46.4
7f47e447d000-7f47e4485000 r--p 000a6000 00:1c 71394                      /usr/lib/libpixman-1.so.0.46.4
7f47e4485000-7f47e4486000 rw-p 000ae000 00:1c 71394                      /usr/lib/libpixman-1.so.0.46.4
7f47e4486000-7f47e4487000 r--p 00000000 00:1c 50049                      /usr/lib/libxcb-shm.so.0.0.0
7f47e4487000-7f47e4488000 r-xp 00001000 00:1c 50049                      /usr/lib/libxcb-shm.so.0.0.0
7f47e4488000-7f47e4489000 r--p 00002000 00:1c 50049                      /usr/lib/libxcb-shm.so.0.0.0
7f47e4489000-7f47e448a000 r--p 00002000 00:1c 50049                      /usr/lib/libxcb-shm.so.0.0.0
7f47e448a000-7f47e448b000 rw-p 00003000 00:1c 50049                      /usr/lib/libxcb-shm.so.0.0.0
7f47e448b000-7f47e4491000 r--p 00000000 00:1c 50037                      /usr/lib/libxcb-render.so.0.0.0
7f47e4491000-7f47e4496000 r-xp 00006000 00:1c 50037                      /usr/lib/libxcb-render.so.0.0.0
7f47e4496000-7f47e4498000 r--p 0000b000 00:1c 50037                      /usr/lib/libxcb-render.so.0.0.0
7f47e4498000-7f47e4499000 r--p 0000d000 00:1c 50037                      /usr/lib/libxcb-render.so.0.0.0
7f47e4499000-7f47e449a000 rw-p 0000e000 00:1c 50037                      /usr/lib/libxcb-render.so.0.0.0
7f47e449a000-7f47e449c000 r--p 00000000 00:1c 312213                     /usr/lib/libthai.so.0.3.2
7f47e449c000-7f47e44a0000 r-xp 00002000 00:1c 312213                     /usr/lib/libthai.so.0.3.2
7f47e44a0000-7f47e44a3000 r--p 00006000 00:1c 312213                     /usr/lib/libthai.so.0.3.2
7f47e44a3000-7f47e44a4000 r--p 00008000 00:1c 312213                     /usr/lib/libthai.so.0.3.2
7f47e44a4000-7f47e44a5000 rw-p 00009000 00:1c 312213                     /usr/lib/libthai.so.0.3.2
7f47e44a5000-7f47e44af000 r--p 00000000 00:1c 309736                     /usr/lib/libmount.so.1.1.0
7f47e44af000-7f47e44e9000 r-xp 0000a000 00:1c 309736                     /usr/lib/libmount.so.1.1.0
7f47e44e9000-7f47e44f8000 r--p 00044000 00:1c 309736                     /usr/lib/libmount.so.1.1.0
7f47e44f8000-7f47e44fa000 r--p 00053000 00:1c 309736                     /usr/lib/libmount.so.1.1.0
7f47e44fa000-7f47e44fb000 rw-p 00055000 00:1c 309736                     /usr/lib/libmount.so.1.1.0
7f47e44fb000-7f47e44fd000 r--p 00000000 00:1c 21967                      /usr/lib/libffi.so.8.2.0
7f47e44fd000-7f47e4504000 r-xp 00002000 00:1c 21967                      /usr/lib/libffi.so.8.2.0
7f47e4504000-7f47e4505000 r--p 00009000 00:1c 21967                      /usr/lib/libffi.so.8.2.0
7f47e4505000-7f47e4506000 r--p 0000a000 00:1c 21967                      /usr/lib/libffi.so.8.2.0
7f47e4506000-7f47e4507000 rw-p 0000b000 00:1c 21967                      /usr/lib/libffi.so.8.2.0
7f47e4507000-7f47e4509000 r--p 00000000 00:1c 312146                     /usr/lib/libXrandr.so.2.2.0
7f47e4509000-7f47e4510000 r-xp 00002000 00:1c 312146                     /usr/lib/libXrandr.so.2.2.0
7f47e4510000-7f47e4512000 r--p 00009000 00:1c 312146                     /usr/lib/libXrandr.so.2.2.0
7f47e4512000-7f47e4513000 r--p 0000a000 00:1c 312146                     /usr/lib/libXrandr.so.2.2.0
7f47e4513000-7f47e4514000 rw-p 0000b000 00:1c 312146                     /usr/lib/libXrandr.so.2.2.0
7f47e4514000-7f47e4515000 r--p 00000000 00:1c 312171                     /usr/lib/libXdamage.so.1.1.0
7f47e4515000-7f47e4516000 r-xp 00001000 00:1c 312171                     /usr/lib/libXdamage.so.1.1.0
7f47e4516000-7f47e4517000 r--p 00002000 00:1c 312171                     /usr/lib/libXdamage.so.1.1.0
7f47e4517000-7f47e4518000 r--p 00002000 00:1c 312171                     /usr/lib/libXdamage.so.1.1.0
7f47e4518000-7f47e4519000 rw-p 00003000 00:1c 312171                     /usr/lib/libXdamage.so.1.1.0
7f47e4519000-7f47e451a000 r--p 00000000 00:1c 55941                      /usr/lib/libwayland-egl.so.1.24.0
7f47e451a000-7f47e451b000 r-xp 00001000 00:1c 55941                      /usr/lib/libwayland-egl.so.1.24.0
7f47e451b000-7f47e451c000 r--p 00002000 00:1c 55941                      /usr/lib/libwayland-egl.so.1.24.0
7f47e451c000-7f47e451d000 r--p 00002000 00:1c 55941                      /usr/lib/libwayland-egl.so.1.24.0
7f47e451d000-7f47e451e000 rw-p 00003000 00:1c 55941                      /usr/lib/libwayland-egl.so.1.24.0
7f47e451e000-7f47e4520000 r--p 00000000 00:1c 55938                      /usr/lib/libwayland-cursor.so.0.24.0
7f47e4520000-7f47e4522000 r-xp 00002000 00:1c 55938                      /usr/lib/libwayland-cursor.so.0.24.0
7f47e4522000-7f47e4523000 r--p 00004000 00:1c 55938                      /usr/lib/libwayland-cursor.so.0.24.0
7f47e4523000-7f47e4524000 r--p 00004000 00:1c 55938                      /usr/lib/libwayland-cursor.so.0.24.0
7f47e4524000-7f47e4528000 rw-p 00005000 00:1c 55938                      /usr/lib/libwayland-cursor.so.0.24.0
7f47e4528000-7f47e452c000 r--p 00000000 00:1c 73299                      /usr/lib/libxkbcommon.so.0.13.1
7f47e452c000-7f47e455a000 r-xp 00004000 00:1c 73299                      /usr/lib/libxkbcommon.so.0.13.1
7f47e455a000-7f47e4582000 r--p 00032000 00:1c 73299                      /usr/lib/libxkbcommon.so.0.13.1
7f47e4582000-7f47e4584000 r--p 0005a000 00:1c 73299                      /usr/lib/libxkbcommon.so.0.13.1
7f47e4584000-7f47e4585000 rw-p 0005c000 00:1c 73299                      /usr/lib/libxkbcommon.so.0.13.1
7f47e4585000-7f47e459d000 r--p 00000000 00:1c 73724                      /usr/lib/libtinysparql-3.0.so.0.1001.0
7f47e459d000-7f47e461b000 r-xp 00018000 00:1c 73724                      /usr/lib/libtinysparql-3.0.so.0.1001.0
7f47e461b000-7f47e4648000 r--p 00096000 00:1c 73724                      /usr/lib/libtinysparql-3.0.so.0.1001.0
7f47e4648000-7f47e4656000 r--p 000c3000 00:1c 73724                      /usr/lib/libtinysparql-3.0.so.0.1001.0
7f47e4656000-7f47e4657000 rw-p 000d1000 00:1c 73724                      /usr/lib/libtinysparql-3.0.so.0.1001.0
7f47e4657000-7f47e465e000 r--p 00000000 00:1c 72648                      /usr/lib/libcloudproviders.so.0.4.0
7f47e465e000-7f47e4668000 r-xp 00007000 00:1c 72648                      /usr/lib/libcloudproviders.so.0.4.0
7f47e4668000-7f47e466d000 r--p 00011000 00:1c 72648                      /usr/lib/libcloudproviders.so.0.4.0
7f47e466d000-7f47e466e000 r--p 00016000 00:1c 72648                      /usr/lib/libcloudproviders.so.0.4.0
7f47e466e000-7f47e466f000 rw-p 00017000 00:1c 72648                      /usr/lib/libcloudproviders.so.0.4.0
7f47e466f000-7f47e467a000 r--p 00000000 00:1c 895636                     /usr/lib/libatk-bridge-2.0.so.0.0.0
7f47e467a000-7f47e4693000 r-xp 0000b000 00:1c 895636                     /usr/lib/libatk-bridge-2.0.so.0.0.0
7f47e4693000-7f47e46a7000 r--p 00024000 00:1c 895636                     /usr/lib/libatk-bridge-2.0.so.0.0.0
7f47e46a7000-7f47e46a9000 r--p 00037000 00:1c 895636                     /usr/lib/libatk-bridge-2.0.so.0.0.0
7f47e46a9000-7f47e46ab000 rw-p 00039000 00:1c 895636                     /usr/lib/libatk-bridge-2.0.so.0.0.0
7f47e46ab000-7f47e46f5000 r--p 00000000 00:1c 72736                      /usr/lib/libepoxy.so.0.0.0
7f47e46f5000-7f47e475b000 r-xp 0004a000 00:1c 72736                      /usr/lib/libepoxy.so.0.0.0
7f47e475b000-7f47e47a9000 r--p 000b0000 00:1c 72736                      /usr/lib/libepoxy.so.0.0.0
7f47e47a9000-7f47e47b1000 r--p 000fd000 00:1c 72736                      /usr/lib/libepoxy.so.0.0.0
7f47e47b1000-7f47e47b8000 rw-p 00105000 00:1c 72736                      /usr/lib/libepoxy.so.0.0.0
7f47e47b8000-7f47e47c0000 r--p 00000000 00:1c 895633                     /usr/lib/libatk-1.0.so.0.25813.1
7f47e47c0000-7f47e47cf000 r-xp 00008000 00:1c 895633                     /usr/lib/libatk-1.0.so.0.25813.1
7f47e47cf000-7f47e47da000 r--p 00017000 00:1c 895633                     /usr/lib/libatk-1.0.so.0.25813.1
7f47e47da000-7f47e47dd000 r--p 00022000 00:1c 895633                     /usr/lib/libatk-1.0.so.0.25813.1
7f47e47dd000-7f47e47de000 rw-p 00025000 00:1c 895633                     /usr/lib/libatk-1.0.so.0.25813.1
7f47e47de000-7f47e47e5000 r--p 00000000 00:1c 72516                      /usr/lib/libgdk_pixbuf-2.0.so.0.4400.4
7f47e47e5000-7f47e4806000 r-xp 00007000 00:1c 72516                      /usr/lib/libgdk_pixbuf-2.0.so.0.4400.4
7f47e4806000-7f47e4813000 r--p 00028000 00:1c 72516                      /usr/lib/libgdk_pixbuf-2.0.so.0.4400.4
7f47e4813000-7f47e4815000 r--p 00034000 00:1c 72516                      /usr/lib/libgdk_pixbuf-2.0.so.0.4400.4
7f47e4815000-7f47e4816000 rw-p 00036000 00:1c 72516                      /usr/lib/libgdk_pixbuf-2.0.so.0.4400.4
7f47e4816000-7f47e4818000 r--p 00000000 00:1c 71490                      /usr/lib/libfribidi.so.0.4.0
7f47e4818000-7f47e481d000 r-xp 00002000 00:1c 71490                      /usr/lib/libfribidi.so.0.4.0
7f47e481d000-7f47e4834000 r--p 00007000 00:1c 71490                      /usr/lib/libfribidi.so.0.4.0
7f47e4834000-7f47e4835000 r--p 0001d000 00:1c 71490                      /usr/lib/libfribidi.so.0.4.0
7f47e4835000-7f47e4836000 rw-p 0001e000 00:1c 71490                      /usr/lib/libfribidi.so.0.4.0
7f47e4836000-7f47e483c000 r--p 00000000 00:1c 71020                      /usr/lib/libfontconfig.so.1.16.0
7f47e483c000-7f47e486d000 r-xp 00006000 00:1c 71020                      /usr/lib/libfontconfig.so.1.16.0
7f47e486d000-7f47e4884000 r--p 00037000 00:1c 71020                      /usr/lib/libfontconfig.so.1.16.0
7f47e4884000-7f47e4886000 r--p 0004d000 00:1c 71020                      /usr/lib/libfontconfig.so.1.16.0
7f47e4886000-7f47e4887000 rw-p 0004f000 00:1c 71020                      /usr/lib/libfontconfig.so.1.16.0
7f47e4887000-7f47e4895000 r--p 00000000 00:1c 71430                      /usr/lib/libcairo.so.2.11804.4
7f47e4895000-7f47e4988000 r-xp 0000e000 00:1c 71430                      /usr/lib/libcairo.so.2.11804.4
7f47e4988000-7f47e49bd000 r--p 00101000 00:1c 71430                      /usr/lib/libcairo.so.2.11804.4
7f47e49bd000-7f47e49c1000 r--p 00136000 00:1c 71430                      /usr/lib/libcairo.so.2.11804.4
7f47e49c1000-7f47e49c3000 rw-p 0013a000 00:1c 71430                      /usr/lib/libcairo.so.2.11804.4
7f47e49c3000-7f47e49c4000 rw-p 00000000 00:00 0 
7f47e49c4000-7f47e49d2000 r--p 00000000 00:1c 895945                     /usr/lib/libpango-1.0.so.0.5701.0
7f47e49d2000-7f47e4a10000 r-xp 0000e000 00:1c 895945                     /usr/lib/libpango-1.0.so.0.5701.0
7f47e4a10000-7f47e4a2a000 r--p 0004c000 00:1c 895945                     /usr/lib/libpango-1.0.so.0.5701.0
7f47e4a2a000-7f47e4a2e000 r--p 00065000 00:1c 895945                     /usr/lib/libpango-1.0.so.0.5701.0
7f47e4a2e000-7f47e4a2f000 rw-p 00069000 00:1c 895945                     /usr/lib/libpango-1.0.so.0.5701.0
7f47e4a2f000-7f47e4a61000 r--p 00000000 00:1c 494623                     /usr/lib/libgio-2.0.so.0.8600.4
7f47e4a61000-7f47e4b7f000 r-xp 00032000 00:1c 494623                     /usr/lib/libgio-2.0.so.0.8600.4
7f47e4b7f000-7f47e4bf4000 r--p 00150000 00:1c 494623                     /usr/lib/libgio-2.0.so.0.8600.4
7f47e4bf4000-7f47e4bfd000 r--p 001c4000 00:1c 494623                     /usr/lib/libgio-2.0.so.0.8600.4
7f47e4bfd000-7f47e4bfe000 rw-p 001cd000 00:1c 494623                     /usr/lib/libgio-2.0.so.0.8600.4
7f47e4bfe000-7f47e4c00000 rw-p 00000000 00:00 0 
7f47e4c00000-7f47e4c70000 r--p 00000000 00:1c 897740                     /usr/lib/libgtk-3.so.0.2420.32
7f47e4c70000-7f47e5027000 r-xp 00070000 00:1c 897740                     /usr/lib/libgtk-3.so.0.2420.32
7f47e5027000-7f47e52e5000 r--p 00427000 00:1c 897740                     /usr/lib/libgtk-3.so.0.2420.32
7f47e52e5000-7f47e52f7000 r--p 006e5000 00:1c 897740                     /usr/lib/libgtk-3.so.0.2420.32
7f47e52f7000-7f47e52f9000 rw-p 006f7000 00:1c 897740                     /usr/lib/libgtk-3.so.0.2420.32
7f47e52f9000-7f47e52fe000 rw-p 00000000 00:00 0 
7f47e5302000-7f47e5305000 r--p 00000000 00:1c 55935                      /usr/lib/libwayland-client.so.0.24.0
7f47e5305000-7f47e530c000 r-xp 00003000 00:1c 55935                      /usr/lib/libwayland-client.so.0.24.0
7f47e530c000-7f47e530f000 r--p 0000a000 00:1c 55935                      /usr/lib/libwayland-client.so.0.24.0
7f47e530f000-7f47e5311000 r--p 0000c000 00:1c 55935                      /usr/lib/libwayland-client.so.0.24.0
7f47e5311000-7f47e5312000 rw-p 0000e000 00:1c 55935                      /usr/lib/libwayland-client.so.0.24.0
7f47e5312000-7f47e5314000 r--p 00000000 00:1c 71424                      /usr/lib/libcairo-gobject.so.2.11804.4
7f47e5314000-7f47e5316000 r-xp 00002000 00:1c 71424                      /usr/lib/libcairo-gobject.so.2.11804.4
7f47e5316000-7f47e5318000 r--p 00004000 00:1c 71424                      /usr/lib/libcairo-gobject.so.2.11804.4
7f47e5318000-7f47e531a000 r--p 00006000 00:1c 71424                      /usr/lib/libcairo-gobject.so.2.11804.4
7f47e531a000-7f47e531b000 rw-p 00008000 00:1c 71424                      /usr/lib/libcairo-gobject.so.2.11804.4
7f47e531b000-7f47e5323000 r--p 00000000 00:1c 895951                     /usr/lib/libpangoft2-1.0.so.0.5701.0
7f47e5323000-7f47e5332000 r-xp 00008000 00:1c 895951                     /usr/lib/libpangoft2-1.0.so.0.5701.0
7f47e5332000-7f47e5337000 r--p 00017000 00:1c 895951                     /usr/lib/libpangoft2-1.0.so.0.5701.0
7f47e5337000-7f47e5338000 r--p 0001c000 00:1c 895951                     /usr/lib/libpangoft2-1.0.so.0.5701.0
7f47e5338000-7f47e5339000 rw-p 0001d000 00:1c 895951                     /usr/lib/libpangoft2-1.0.so.0.5701.0
7f47e5339000-7f47e533e000 r--p 00000000 00:1c 895948                     /usr/lib/libpangocairo-1.0.so.0.5701.0
7f47e533e000-7f47e5346000 r-xp 00005000 00:1c 895948                     /usr/lib/libpangocairo-1.0.so.0.5701.0
7f47e5346000-7f47e5348000 r--p 0000d000 00:1c 895948                     /usr/lib/libpangocairo-1.0.so.0.5701.0
7f47e5348000-7f47e5349000 r--p 0000f000 00:1c 895948                     /usr/lib/libpangocairo-1.0.so.0.5701.0
7f47e5349000-7f47e534a000 rw-p 00010000 00:1c 895948                     /usr/lib/libpangocairo-1.0.so.0.5701.0
7f47e534a000-7f47e5356000 r--p 00000000 00:1c 494639                     /usr/lib/libgobject-2.0.so.0.8600.4
7f47e5356000-7f47e538d000 r-xp 0000c000 00:1c 494639                     /usr/lib/libgobject-2.0.so.0.8600.4
7f47e538d000-7f47e53a5000 r--p 00043000 00:1c 494639                     /usr/lib/libgobject-2.0.so.0.8600.4
7f47e53a5000-7f47e53a8000 r--p 0005b000 00:1c 494639                     /usr/lib/libgobject-2.0.so.0.8600.4
7f47e53a8000-7f47e53a9000 rw-p 0005e000 00:1c 494639                     /usr/lib/libgobject-2.0.so.0.8600.4
7f47e53a9000-7f47e53ab000 r--p 00000000 00:1c 494635                     /usr/lib/libgmodule-2.0.so.0.8600.4
7f47e53ab000-7f47e53ad000 r-xp 00002000 00:1c 494635                     /usr/lib/libgmodule-2.0.so.0.8600.4
7f47e53ad000-7f47e53ae000 r--p 00004000 00:1c 494635                     /usr/lib/libgmodule-2.0.so.0.8600.4
7f47e53ae000-7f47e53af000 r--p 00004000 00:1c 494635                     /usr/lib/libgmodule-2.0.so.0.8600.4
7f47e53af000-7f47e53b0000 rw-p 00005000 00:1c 494635                     /usr/lib/libgmodule-2.0.so.0.8600.4
7f47e53b0000-7f47e53cd000 r--p 00000000 00:1c 897737                     /usr/lib/libgdk-3.so.0.2420.32
7f47e53cd000-7f47e544f000 r-xp 0001d000 00:1c 897737                     /usr/lib/libgdk-3.so.0.2420.32
7f47e544f000-7f47e5491000 r--p 0009f000 00:1c 897737                     /usr/lib/libgdk-3.so.0.2420.32
7f47e5491000-7f47e549b000 r--p 000e0000 00:1c 897737                     /usr/lib/libgdk-3.so.0.2420.32
7f47e549b000-7f47e549d000 rw-p 000ea000 00:1c 897737                     /usr/lib/libgdk-3.so.0.2420.32
7f47e549d000-7f47e549e000 r--p 00000000 00:1c 312124                     /usr/lib/libXcomposite.so.1.0.0
7f47e549e000-7f47e549f000 r-xp 00001000 00:1c 312124                     /usr/lib/libXcomposite.so.1.0.0
7f47e549f000-7f47e54a0000 r--p 00002000 00:1c 312124                     /usr/lib/libXcomposite.so.1.0.0
7f47e54a0000-7f47e54a1000 r--p 00002000 00:1c 312124                     /usr/lib/libXcomposite.so.1.0.0
7f47e54a1000-7f47e54a2000 rw-p 00003000 00:1c 312124                     /usr/lib/libXcomposite.so.1.0.0
7f47e54a2000-7f47e54a3000 rw-p 00000000 00:00 0 
7f47e54a3000-7f47e54a7000 ---p 00000000 00:00 0 
7f47e54a7000-7f47e55a4000 rw-p 00000000 00:00 0 
7f47e55a4000-7f47e55a8000 ---p 00000000 00:00 0 
7f47e55a8000-7f47e56a4000 rw-p 00000000 00:00 0 
7f47e56a4000-7f47e56a7000 r--p 00000000 00:1c 72771                      /usr/lib/libXcursor.so.1.0.2
7f47e56a7000-7f47e56ad000 r-xp 00003000 00:1c 72771                      /usr/lib/libXcursor.so.1.0.2
7f47e56ad000-7f47e56af000 r--p 00009000 00:1c 72771                      /usr/lib/libXcursor.so.1.0.2
7f47e56af000-7f47e56b0000 r--p 0000a000 00:1c 72771                      /usr/lib/libXcursor.so.1.0.2
7f47e56b0000-7f47e56b1000 rw-p 0000b000 00:1c 72771                      /usr/lib/libXcursor.so.1.0.2
7f47e56b1000-7f47e56b2000 r--p 00000000 00:1c 311625                     /usr/lib/libbrotlicommon.so.1.2.0
7f47e56b2000-7f47e56b3000 r-xp 00001000 00:1c 311625                     /usr/lib/libbrotlicommon.so.1.2.0
7f47e56b3000-7f47e56d2000 r--p 00002000 00:1c 311625                     /usr/lib/libbrotlicommon.so.1.2.0
7f47e56d2000-7f47e56d3000 r--p 00021000 00:1c 311625                     /usr/lib/libbrotlicommon.so.1.2.0
7f47e56d3000-7f47e56d4000 rw-p 00022000 00:1c 311625                     /usr/lib/libbrotlicommon.so.1.2.0
7f47e56d4000-7f47e56d7000 r--p 00000000 00:1c 18582                      /usr/lib/libpcre2-8.so.0.15.0
7f47e56d7000-7f47e5755000 r-xp 00003000 00:1c 18582                      /usr/lib/libpcre2-8.so.0.15.0
7f47e5755000-7f47e5780000 r--p 00081000 00:1c 18582                      /usr/lib/libpcre2-8.so.0.15.0
7f47e5780000-7f47e5781000 r--p 000ab000 00:1c 18582                      /usr/lib/libpcre2-8.so.0.15.0
7f47e5781000-7f47e5782000 rw-p 000ac000 00:1c 18582                      /usr/lib/libpcre2-8.so.0.15.0
7f47e5782000-7f47e5783000 r--p 00000000 00:1c 311628                     /usr/lib/libbrotlidec.so.1.2.0
7f47e5783000-7f47e578c000 r-xp 00001000 00:1c 311628                     /usr/lib/libbrotlidec.so.1.2.0
7f47e578c000-7f47e578f000 r--p 0000a000 00:1c 311628                     /usr/lib/libbrotlidec.so.1.2.0
7f47e578f000-7f47e5790000 r--p 0000c000 00:1c 311628                     /usr/lib/libbrotlidec.so.1.2.0
7f47e5790000-7f47e5791000 rw-p 0000d000 00:1c 311628                     /usr/lib/libbrotlidec.so.1.2.0
7f47e5791000-7f47e5797000 r--p 00000000 00:1c 496171                     /usr/lib/libpng16.so.16.55.0
7f47e5797000-7f47e57c1000 r-xp 00006000 00:1c 496171                     /usr/lib/libpng16.so.16.55.0
7f47e57c1000-7f47e57ca000 r--p 00030000 00:1c 496171                     /usr/lib/libpng16.so.16.55.0
7f47e57ca000-7f47e57cb000 r--p 00039000 00:1c 496171                     /usr/lib/libpng16.so.16.55.0
7f47e57cb000-7f47e57cc000 rw-p 0003a000 00:1c 496171                     /usr/lib/libpng16.so.16.55.0
7f47e57cc000-7f47e57ce000 r--p 00000000 00:1c 18306                      /usr/lib/libbz2.so.1.0.8
7f47e57ce000-7f47e57db000 r-xp 00002000 00:1c 18306                      /usr/lib/libbz2.so.1.0.8
7f47e57db000-7f47e57dd000 r--p 0000f000 00:1c 18306                      /usr/lib/libbz2.so.1.0.8
7f47e57dd000-7f47e57de000 r--p 00010000 00:1c 18306                      /usr/lib/libbz2.so.1.0.8
7f47e57de000-7f47e57df000 rw-p 00011000 00:1c 18306                      /usr/lib/libbz2.so.1.0.8
7f47e57df000-7f47e57e1000 r--p 00000000 00:1c 498274                     /usr/lib/libgraphite2.so.3.2.1
7f47e57e1000-7f47e57fa000 r-xp 00002000 00:1c 498274                     /usr/lib/libgraphite2.so.3.2.1
7f47e57fa000-7f47e57ff000 r--p 0001b000 00:1c 498274                     /usr/lib/libgraphite2.so.3.2.1
7f47e57ff000-7f47e5801000 r--p 0001f000 00:1c 498274                     /usr/lib/libgraphite2.so.3.2.1
7f47e5801000-7f47e5802000 rw-p 00021000 00:1c 498274                     /usr/lib/libgraphite2.so.3.2.1
7f47e5802000-7f47e5820000 r--p 00000000 00:1c 494631                     /usr/lib/libglib-2.0.so.0.8600.4
7f47e5820000-7f47e58c7000 r-xp 0001e000 00:1c 494631                     /usr/lib/libglib-2.0.so.0.8600.4
7f47e58c7000-7f47e5957000 r--p 000c5000 00:1c 494631                     /usr/lib/libglib-2.0.so.0.8600.4
7f47e5957000-7f47e5958000 r--p 00155000 00:1c 494631                     /usr/lib/libglib-2.0.so.0.8600.4
7f47e5958000-7f47e5959000 rw-p 00156000 00:1c 494631                     /usr/lib/libglib-2.0.so.0.8600.4
7f47e5959000-7f47e595a000 rw-p 00000000 00:00 0 
7f47e595a000-7f47e5960000 r--p 00000000 00:1c 895818                     /usr/lib/libfreetype.so.6.20.6
7f47e5960000-7f47e59f8000 r-xp 00006000 00:1c 895818                     /usr/lib/libfreetype.so.6.20.6
7f47e59f8000-7f47e5a21000 r--p 0009e000 00:1c 895818                     /usr/lib/libfreetype.so.6.20.6
7f47e5a21000-7f47e5a29000 r--p 000c6000 00:1c 895818                     /usr/lib/libfreetype.so.6.20.6
7f47e5a29000-7f47e5a2a000 rw-p 000ce000 00:1c 895818                     /usr/lib/libfreetype.so.6.20.6
7f47e5a2a000-7f47e5a37000 r--p 00000000 00:1c 895884                     /usr/lib/libharfbuzz.so.0.61321.0
7f47e5a37000-7f47e5b23000 r-xp 0000d000 00:1c 895884                     /usr/lib/libharfbuzz.so.0.61321.0
7f47e5b23000-7f47e5b53000 r--p 000f9000 00:1c 895884                     /usr/lib/libharfbuzz.so.0.61321.0
7f47e5b53000-7f47e5b55000 r--p 00128000 00:1c 895884                     /usr/lib/libharfbuzz.so.0.61321.0
7f47e5b55000-7f47e5b56000 rw-p 0012a000 00:1c 895884                     /usr/lib/libharfbuzz.so.0.61321.0
7f47e5b5c000-7f47e5b64000 r--s 00000000 00:1c 136395                     /home/domplin/.cache/fontconfig/a9166a13c4a4e072c9ea2dae19ae425f-le64.cache-9
7f47e5b64000-7f47e5b6a000 r--s 00000000 00:1c 136389                     /home/domplin/.cache/fontconfig/b67b32625a2bb51b023d3814a918f351-le64.cache-9
7f47e5b6a000-7f47e5b75000 r--s 00000000 00:1c 136377                     /home/domplin/.cache/fontconfig/4b31aef11cb0687b6d280d34cbe23592-le64.cache-9
7f47e5b77000-7f47e5b78000 r--p 00000000 00:1c 904248                     /usr/lib/spa-0.2/support/libspa-journal.so
7f47e5b78000-7f47e5b7a000 r-xp 00001000 00:1c 904248                     /usr/lib/spa-0.2/support/libspa-journal.so
7f47e5b7a000-7f47e5b7b000 r--p 00003000 00:1c 904248                     /usr/lib/spa-0.2/support/libspa-journal.so
7f47e5b7b000-7f47e5b7c000 r--p 00003000 00:1c 904248                     /usr/lib/spa-0.2/support/libspa-journal.so
7f47e5b7c000-7f47e5b7d000 rw-p 00004000 00:1c 904248                     /usr/lib/spa-0.2/support/libspa-journal.so
7f47e5b7d000-7f47e5b80000 r--s 00000000 00:1c 136381                     /home/domplin/.cache/fontconfig/ec9db0aec63b087e87fa5135389d951c-le64.cache-9
7f47e5b80000-7f47e5b83000 r--p 00000000 00:1c 1073978                    /usr/lib/jvm/java-21-openjdk/lib/libfontmanager.so
7f47e5b83000-7f47e5b8b000 r-xp 00003000 00:1c 1073978                    /usr/lib/jvm/java-21-openjdk/lib/libfontmanager.so
7f47e5b8b000-7f47e5b8d000 r--p 0000b000 00:1c 1073978                    /usr/lib/jvm/java-21-openjdk/lib/libfontmanager.so
7f47e5b8d000-7f47e5b8e000 r--p 0000c000 00:1c 1073978                    /usr/lib/jvm/java-21-openjdk/lib/libfontmanager.so
7f47e5b8e000-7f47e5b8f000 rw-p 0000d000 00:1c 1073978                    /usr/lib/jvm/java-21-openjdk/lib/libfontmanager.so
7f47e5b8f000-7f47e5b90000 rw-p 00000000 00:00 0 
7f47e5b90000-7f47e5b94000 ---p 00000000 00:00 0 
7f47e5b94000-7f47e5c90000 rw-p 00000000 00:00 0 
7f47e5c90000-7f47e5ca7000 r--p 00000000 00:1c 496540                     /usr/lib/libX11.so.6.4.0
7f47e5ca7000-7f47e5d3c000 r-xp 00017000 00:1c 496540                     /usr/lib/libX11.so.6.4.0
7f47e5d3c000-7f47e5dcb000 r--p 000ac000 00:1c 496540                     /usr/lib/libX11.so.6.4.0
7f47e5dcb000-7f47e5dce000 r--p 0013a000 00:1c 496540                     /usr/lib/libX11.so.6.4.0
7f47e5dce000-7f47e5dd2000 rw-p 0013d000 00:1c 496540                     /usr/lib/libX11.so.6.4.0
7f47e5dd2000-7f47e5de0000 r--p 00000000 00:1c 1073975                    /usr/lib/jvm/java-21-openjdk/lib/libawt_xawt.so
7f47e5de0000-7f47e5e29000 r-xp 0000e000 00:1c 1073975                    /usr/lib/jvm/java-21-openjdk/lib/libawt_xawt.so
7f47e5e29000-7f47e5e3d000 r--p 00057000 00:1c 1073975                    /usr/lib/jvm/java-21-openjdk/lib/libawt_xawt.so
7f47e5e3d000-7f47e5e3f000 r--p 0006b000 00:1c 1073975                    /usr/lib/jvm/java-21-openjdk/lib/libawt_xawt.so
7f47e5e3f000-7f47e5e41000 rw-p 0006d000 00:1c 1073975                    /usr/lib/jvm/java-21-openjdk/lib/libawt_xawt.so
7f47e5e41000-7f47e5e43000 rw-p 00000000 00:00 0 
7f47e5e43000-7f47e5e48000 r--p 00000000 00:1c 1073973                    /usr/lib/jvm/java-21-openjdk/lib/libawt.so
7f47e5e48000-7f47e5ee5000 r-xp 00005000 00:1c 1073973                    /usr/lib/jvm/java-21-openjdk/lib/libawt.so
7f47e5ee5000-7f47e5ef2000 r--p 000a2000 00:1c 1073973                    /usr/lib/jvm/java-21-openjdk/lib/libawt.so
7f47e5ef2000-7f47e5ef3000 r--p 000ae000 00:1c 1073973                    /usr/lib/jvm/java-21-openjdk/lib/libawt.so
7f47e5ef3000-7f47e5efe000 rw-p 000af000 00:1c 1073973                    /usr/lib/jvm/java-21-openjdk/lib/libawt.so
7f47e5efe000-7f47e5f23000 rw-p 00000000 00:00 0 
7f47e5f23000-7f47e5f24000 rw-p 00000000 00:00 0 
7f47e5f24000-7f47e5f28000 ---p 00000000 00:00 0 
7f47e5f28000-7f47e6025000 rw-p 00000000 00:00 0 
7f47e6025000-7f47e6029000 ---p 00000000 00:00 0 
7f47e6029000-7f47e6126000 rw-p 00000000 00:00 0 
7f47e6126000-7f47e612a000 ---p 00000000 00:00 0 
7f47e612a000-7f47e6227000 rw-p 00000000 00:00 0 
7f47e6227000-7f47e622b000 ---p 00000000 00:00 0 
7f47e622b000-7f47e6328000 rw-p 00000000 00:00 0 
7f47e6328000-7f47e632c000 ---p 00000000 00:00 0 
7f47e632c000-7f47e6428000 rw-p 00000000 00:00 0 
7f47e6428000-7f47e642d000 r--p 00000000 00:1c 1073992                    /usr/lib/jvm/java-21-openjdk/lib/libjsvml.so
7f47e642d000-7f47e646e000 r-xp 00005000 00:1c 1073992                    /usr/lib/jvm/java-21-openjdk/lib/libjsvml.so
7f47e646e000-7f47e64f7000 r--p 00046000 00:1c 1073992                    /usr/lib/jvm/java-21-openjdk/lib/libjsvml.so
7f47e64f7000-7f47e64f8000 r--p 000ce000 00:1c 1073992                    /usr/lib/jvm/java-21-openjdk/lib/libjsvml.so
7f47e64f8000-7f47e64f9000 rw-p 000cf000 00:1c 1073992                    /usr/lib/jvm/java-21-openjdk/lib/libjsvml.so
7f47e64f9000-7f47e64fa000 rw-p 00000000 00:00 0 
7f47e64fa000-7f47e64fe000 ---p 00000000 00:00 0 
7f47e64fe000-7f47e65fb000 rw-p 00000000 00:00 0 
7f47e65fb000-7f47e65ff000 ---p 00000000 00:00 0 
7f47e65ff000-7f47e66fc000 rw-p 00000000 00:00 0 
7f47e66fc000-7f47e6700000 ---p 00000000 00:00 0 
7f47e6700000-7f47e67fd000 rw-p 00000000 00:00 0 
7f47e67fd000-7f47e6801000 ---p 00000000 00:00 0 
7f47e6801000-7f47e68fe000 rw-p 00000000 00:00 0 
7f47e68fe000-7f47e6902000 ---p 00000000 00:00 0 
7f47e6902000-7f47e69ff000 rw-p 00000000 00:00 0 
7f47e69ff000-7f47e6a03000 ---p 00000000 00:00 0 
7f47e6a03000-7f47e6b00000 rw-p 00000000 00:00 0 
7f47e6b00000-7f47e6b04000 ---p 00000000 00:00 0 
7f47e6b04000-7f47e6c00000 rw-p 00000000 00:00 0 
7f47e6c00000-7f47e6eed000 r--p 00000000 00:1c 490304                     /usr/lib/locale/locale-archive
7f47e6eef000-7f47e72f3000 rw-p 00000000 00:00 0 
7f47e72f3000-7f47e8021000 rw-p 00000000 00:00 0 
7f47e8021000-7f47ec000000 ---p 00000000 00:00 0 
7f47ec000000-7f47ec021000 rw-p 00000000 00:00 0 
7f47ec021000-7f47f0000000 ---p 00000000 00:00 0 
7f47f0000000-7f47f0021000 rw-p 00000000 00:00 0 
7f47f0021000-7f47f4000000 ---p 00000000 00:00 0 
7f47f4001000-7f47f4002000 rw-s 00000000 00:01 22542                      /memfd:pipewire-memfd:flags=0x0000000f,type=2,size=4096 (deleted)
7f47f4002000-7f47f4004000 r--p 00000000 00:1c 56232                      /usr/lib/libXfixes.so.3.1.0
7f47f4004000-7f47f4007000 r-xp 00002000 00:1c 56232                      /usr/lib/libXfixes.so.3.1.0
7f47f4007000-7f47f4008000 r--p 00005000 00:1c 56232                      /usr/lib/libXfixes.so.3.1.0
7f47f4008000-7f47f4009000 r--p 00005000 00:1c 56232                      /usr/lib/libXfixes.so.3.1.0
7f47f4009000-7f47f400a000 rw-p 00006000 00:1c 56232                      /usr/lib/libXfixes.so.3.1.0
7f47f400a000-7f47f400c000 r--p 00000000 00:1c 1074008                    /usr/lib/jvm/java-21-openjdk/lib/libzip.so
7f47f400c000-7f47f4010000 r-xp 00002000 00:1c 1074008                    /usr/lib/jvm/java-21-openjdk/lib/libzip.so
7f47f4010000-7f47f4012000 r--p 00006000 00:1c 1074008                    /usr/lib/jvm/java-21-openjdk/lib/libzip.so
7f47f4012000-7f47f4013000 r--p 00007000 00:1c 1074008                    /usr/lib/jvm/java-21-openjdk/lib/libzip.so
7f47f4013000-7f47f4014000 rw-p 00008000 00:1c 1074008                    /usr/lib/jvm/java-21-openjdk/lib/libzip.so
7f47f4014000-7f47f4018000 r--p 00000000 00:1c 894260                     /usr/lib/libnss_mymachines.so.2
7f47f4018000-7f47f4060000 r-xp 00004000 00:1c 894260                     /usr/lib/libnss_mymachines.so.2
7f47f4060000-7f47f4076000 r--p 0004c000 00:1c 894260                     /usr/lib/libnss_mymachines.so.2
7f47f4076000-7f47f4079000 r--p 00062000 00:1c 894260                     /usr/lib/libnss_mymachines.so.2
7f47f4079000-7f47f407a000 rw-p 00065000 00:1c 894260                     /usr/lib/libnss_mymachines.so.2
7f47f407a000-7f47f6600000 rw-p 00000000 00:00 0 
7f47f6600000-7f47f6601000 rw-s 00000000 00:01 22539                      /memfd:pipewire-memfd:flags=0x0000000f,type=2,size=2312 (deleted)
7f47f6601000-7f47f6603000 r--p 00000000 00:1c 49941                      /usr/lib/libXdmcp.so.6.0.0
7f47f6603000-7f47f6605000 r-xp 00002000 00:1c 49941                      /usr/lib/libXdmcp.so.6.0.0
7f47f6605000-7f47f6607000 r--p 00004000 00:1c 49941                      /usr/lib/libXdmcp.so.6.0.0
7f47f6607000-7f47f6608000 r--p 00005000 00:1c 49941                      /usr/lib/libXdmcp.so.6.0.0
7f47f6608000-7f47f6609000 rw-p 00006000 00:1c 49941                      /usr/lib/libXdmcp.so.6.0.0
7f47f6609000-7f47f660c000 r--p 00000000 00:1c 894261                     /usr/lib/libnss_resolve.so.2
7f47f660c000-7f47f6634000 r-xp 00003000 00:1c 894261                     /usr/lib/libnss_resolve.so.2
7f47f6634000-7f47f6648000 r--p 0002b000 00:1c 894261                     /usr/lib/libnss_resolve.so.2
7f47f6648000-7f47f664f000 r--p 0003e000 00:1c 894261                     /usr/lib/libnss_resolve.so.2
7f47f664f000-7f47f6650000 rw-p 00045000 00:1c 894261                     /usr/lib/libnss_resolve.so.2
7f47f6650000-7f47f66ab000 rw-p 00000000 00:00 0 
7f47f66ab000-7f47f67ac000 rw-p 00000000 00:00 0 
7f47f67ac000-7f47f6f8c000 rw-p 00000000 00:00 0 
7f47f6f8c000-7f47fe4ac000 ---p 00000000 00:00 0 
7f47fe4ac000-7f47fe5b8000 rw-p 00000000 00:00 0 
7f47fe5b8000-7f47ff45c000 ---p 00000000 00:00 0 
7f47ff45c000-7f47ff55a000 rw-p 00000000 00:00 0 
7f47ff55a000-7f48003fe000 ---p 00000000 00:00 0 
7f48003fe000-7f4800400000 rw-p 00000000 00:00 0 
7f4800400000-7f4800670000 rwxp 00000000 00:00 0 
7f4800670000-7f480785f000 ---p 00000000 00:00 0 
7f480785f000-7f4807acf000 rwxp 00000000 00:00 0 
7f4807acf000-7f4807fa0000 ---p 00000000 00:00 0 
7f4807fa0000-7f4808210000 rwxp 00000000 00:00 0 
7f4808210000-7f480f400000 ---p 00000000 00:00 0 
7f480f400000-7f4817ebc000 r--s 00000000 00:1c 1074009                    /usr/lib/jvm/java-21-openjdk/lib/modules
7f4817ebc000-7f4817ebd000 rw-s 00000000 00:01 1250                       /memfd:pipewire-memfd:flags=0x0000000f,type=2,size=128 (deleted)
7f4817ebd000-7f4817ebe000 rw-s 00000000 00:01 22541                      /memfd:pipewire-memfd:flags=0x0000000f,type=2,size=2312 (deleted)
7f4817ebe000-7f4817ebf000 rw-s 00000000 00:01 4335                       /memfd:pipewire-memfd:flags=0x0000000f,type=2,size=2312 (deleted)
7f4817ebf000-7f4817ec0000 r--s 00000000 00:1c 136373                     /home/domplin/.cache/fontconfig/441b37ec13a620de2cf1f30c8f997016-le64.cache-9
7f4817ec0000-7f4817ecc000 r--p 00000000 00:1c 50079                      /usr/lib/libxcb.so.1.1.0
7f4817ecc000-7f4817ee0000 r-xp 0000c000 00:1c 50079                      /usr/lib/libxcb.so.1.1.0
7f4817ee0000-7f4817ee9000 r--p 00020000 00:1c 50079                      /usr/lib/libxcb.so.1.1.0
7f4817ee9000-7f4817eea000 r--p 00028000 00:1c 50079                      /usr/lib/libxcb.so.1.1.0
7f4817eea000-7f4817eeb000 rw-p 00029000 00:1c 50079                      /usr/lib/libxcb.so.1.1.0
7f4817eeb000-7f4817eef000 r--p 00000000 00:1c 311818                     /usr/lib/libXext.so.6.4.0
7f4817eef000-7f4817efa000 r-xp 00004000 00:1c 311818                     /usr/lib/libXext.so.6.4.0
7f4817efa000-7f4817efd000 r--p 0000f000 00:1c 311818                     /usr/lib/libXext.so.6.4.0
7f4817efd000-7f4817efe000 r--p 00011000 00:1c 311818                     /usr/lib/libXext.so.6.4.0
7f4817efe000-7f4817eff000 rw-p 00012000 00:1c 311818                     /usr/lib/libXext.so.6.4.0
7f4817eff000-7f4818000000 rw-p 00000000 00:00 0 
7f4818000000-7f48183fc000 rw-p 00000000 00:00 0 
7f48183fc000-7f481c000000 ---p 00000000 00:00 0 
7f481c000000-7f481c003000 r--p 00000000 00:1c 56245                      /usr/lib/libXi.so.6.1.0
7f481c003000-7f481c00f000 r-xp 00003000 00:1c 56245                      /usr/lib/libXi.so.6.1.0
7f481c00f000-7f481c011000 r--p 0000f000 00:1c 56245                      /usr/lib/libXi.so.6.1.0
7f481c011000-7f481c012000 r--p 00011000 00:1c 56245                      /usr/lib/libXi.so.6.1.0
7f481c012000-7f481c013000 rw-p 00012000 00:1c 56245                      /usr/lib/libXi.so.6.1.0
7f481c013000-7f481c014000 r--p 00000000 00:1c 312182                     /usr/lib/libXinerama.so.1.0.0
7f481c014000-7f481c015000 r-xp 00001000 00:1c 312182                     /usr/lib/libXinerama.so.1.0.0
7f481c015000-7f481c016000 r--p 00002000 00:1c 312182                     /usr/lib/libXinerama.so.1.0.0
7f481c016000-7f481c017000 r--p 00002000 00:1c 312182                     /usr/lib/libXinerama.so.1.0.0
7f481c017000-7f481c018000 rw-p 00003000 00:1c 312182                     /usr/lib/libXinerama.so.1.0.0
7f481c018000-7f481c01b000 r--p 00000000 00:1c 1073999                    /usr/lib/jvm/java-21-openjdk/lib/libnet.so
7f481c01b000-7f481c023000 r-xp 00003000 00:1c 1073999                    /usr/lib/jvm/java-21-openjdk/lib/libnet.so
7f481c023000-7f481c025000 r--p 0000b000 00:1c 1073999                    /usr/lib/jvm/java-21-openjdk/lib/libnet.so
7f481c025000-7f481c026000 r--p 0000c000 00:1c 1073999                    /usr/lib/jvm/java-21-openjdk/lib/libnet.so
7f481c026000-7f481c027000 rw-p 0000d000 00:1c 1073999                    /usr/lib/jvm/java-21-openjdk/lib/libnet.so
7f481c027000-7f481c02e000 r--p 00000000 00:1c 1074000                    /usr/lib/jvm/java-21-openjdk/lib/libnio.so
7f481c02e000-7f481c037000 r-xp 00007000 00:1c 1074000                    /usr/lib/jvm/java-21-openjdk/lib/libnio.so
7f481c037000-7f481c03b000 r--p 00010000 00:1c 1074000                    /usr/lib/jvm/java-21-openjdk/lib/libnio.so
7f481c03b000-7f481c03c000 r--p 00014000 00:1c 1074000                    /usr/lib/jvm/java-21-openjdk/lib/libnio.so
7f481c03c000-7f481c03d000 rw-p 00015000 00:1c 1074000                    /usr/lib/jvm/java-21-openjdk/lib/libnio.so
7f481c03d000-7f481c07e000 rw-p 00000000 00:00 0 
7f481c07e000-7f481c17f000 rw-p 00000000 00:00 0 
7f481c17f000-7f481d513000 rw-p 00000000 00:00 0 
7f481d513000-7f481d5f7000 ---p 00000000 00:00 0 
7f481d5f7000-7f481d5fc000 rw-p 00000000 00:00 0 
7f481d5fc000-7f481d6e0000 ---p 00000000 00:00 0 
7f481d6e0000-7f481d6ea000 r--p 00000000 00:1c 1073984                    /usr/lib/jvm/java-21-openjdk/lib/libjava.so
7f481d6ea000-7f481d6f8000 r-xp 0000a000 00:1c 1073984                    /usr/lib/jvm/java-21-openjdk/lib/libjava.so
7f481d6f8000-7f481d6fd000 r--p 00018000 00:1c 1073984                    /usr/lib/jvm/java-21-openjdk/lib/libjava.so
7f481d6fd000-7f481d6fe000 r--p 0001d000 00:1c 1073984                    /usr/lib/jvm/java-21-openjdk/lib/libjava.so
7f481d6fe000-7f481d6ff000 rw-p 0001e000 00:1c 1073984                    /usr/lib/jvm/java-21-openjdk/lib/libjava.so
7f481d6ff000-7f481d700000 rw-p 00000000 00:00 0 
7f481d700000-7f481d704000 ---p 00000000 00:00 0 
7f481d704000-7f481d800000 rw-p 00000000 00:00 0 
7f481d800000-7f481d897000 r--p 00000000 00:1c 490384                     /usr/lib/libstdc++.so.6.0.34
7f481d897000-7f481d9ec000 r-xp 00097000 00:1c 490384                     /usr/lib/libstdc++.so.6.0.34
7f481d9ec000-7f481da7e000 r--p 001ec000 00:1c 490384                     /usr/lib/libstdc++.so.6.0.34
7f481da7e000-7f481da8f000 r--p 0027e000 00:1c 490384                     /usr/lib/libstdc++.so.6.0.34
7f481da8f000-7f481da90000 rw-p 0028f000 00:1c 490384                     /usr/lib/libstdc++.so.6.0.34
7f481da90000-7f481da95000 rw-p 00000000 00:00 0 
7f481da95000-7f481da97000 r--p 00000000 00:1c 70674                      /usr/lib/libXtst.so.6.1.0
7f481da97000-7f481da9a000 r-xp 00002000 00:1c 70674                      /usr/lib/libXtst.so.6.1.0
7f481da9a000-7f481da9b000 r--p 00005000 00:1c 70674                      /usr/lib/libXtst.so.6.1.0
7f481da9b000-7f481da9c000 r--p 00005000 00:1c 70674                      /usr/lib/libXtst.so.6.1.0
7f481da9c000-7f481da9d000 rw-p 00006000 00:1c 70674                      /usr/lib/libXtst.so.6.1.0
7f481da9d000-7f481da9f000 r--p 00000000 00:1c 1073987                    /usr/lib/jvm/java-21-openjdk/lib/libjdwp.so
7f481da9f000-7f481dad0000 r-xp 00002000 00:1c 1073987                    /usr/lib/jvm/java-21-openjdk/lib/libjdwp.so
7f481dad0000-7f481dadf000 r--p 00033000 00:1c 1073987                    /usr/lib/jvm/java-21-openjdk/lib/libjdwp.so
7f481dadf000-7f481dae0000 r--p 00041000 00:1c 1073987                    /usr/lib/jvm/java-21-openjdk/lib/libjdwp.so
7f481dae0000-7f481dae1000 rw-p 00042000 00:1c 1073987                    /usr/lib/jvm/java-21-openjdk/lib/libjdwp.so
7f481dae1000-7f481dae2000 rw-p 00000000 00:00 0 
7f481dae2000-7f481daf2000 r--p 00000000 00:1c 489595                     /usr/lib/libm.so.6
7f481daf2000-7f481db89000 r-xp 00010000 00:1c 489595                     /usr/lib/libm.so.6
7f481db89000-7f481dbfe000 r--p 000a7000 00:1c 489595                     /usr/lib/libm.so.6
7f481dbfe000-7f481dbff000 r--p 0011b000 00:1c 489595                     /usr/lib/libm.so.6
7f481dbff000-7f481dc00000 rw-p 0011c000 00:1c 489595                     /usr/lib/libm.so.6
7f481dc00000-7f481dc10000 r--p 00000000 00:1c 1074021                    /usr/lib/jvm/java-21-openjdk/lib/server/libjvm.so
7f481dc10000-7f481eb16000 r-xp 00010000 00:1c 1074021                    /usr/lib/jvm/java-21-openjdk/lib/server/libjvm.so
7f481eb16000-7f481edef000 r--p 00f16000 00:1c 1074021                    /usr/lib/jvm/java-21-openjdk/lib/server/libjvm.so
7f481edef000-7f481eec5000 r--p 011ef000 00:1c 1074021                    /usr/lib/jvm/java-21-openjdk/lib/server/libjvm.so
7f481eec5000-7f481eef5000 rw-p 012c5000 00:1c 1074021                    /usr/lib/jvm/java-21-openjdk/lib/server/libjvm.so
7f481eef5000-7f481ef5b000 rw-p 00000000 00:00 0 
7f481ef5b000-7f481ef5c000 r--p 00000000 00:1c 49954                      /usr/lib/libXau.so.6.0.0
7f481ef5c000-7f481ef5d000 r-xp 00001000 00:1c 49954                      /usr/lib/libXau.so.6.0.0
7f481ef5d000-7f481ef5e000 r--p 00002000 00:1c 49954                      /usr/lib/libXau.so.6.0.0
7f481ef5e000-7f481ef5f000 r--p 00002000 00:1c 49954                      /usr/lib/libXau.so.6.0.0
7f481ef5f000-7f481ef60000 rw-p 00003000 00:1c 49954                      /usr/lib/libXau.so.6.0.0
7f481ef60000-7f481ef62000 r--p 00000000 00:1c 71379                      /usr/lib/libXrender.so.1.3.0
7f481ef62000-7f481ef69000 r-xp 00002000 00:1c 71379                      /usr/lib/libXrender.so.1.3.0
7f481ef69000-7f481ef6a000 r--p 00009000 00:1c 71379                      /usr/lib/libXrender.so.1.3.0
7f481ef6a000-7f481ef6b000 r--p 00009000 00:1c 71379                      /usr/lib/libXrender.so.1.3.0
7f481ef6b000-7f481ef6c000 rw-p 0000a000 00:1c 71379                      /usr/lib/libXrender.so.1.3.0
7f481ef6c000-7f481ef6d000 r--p 00000000 00:1c 209844                     /usr/lib/libnss_mdns_minimal.so.2
7f481ef6d000-7f481ef6f000 r-xp 00001000 00:1c 209844                     /usr/lib/libnss_mdns_minimal.so.2
7f481ef6f000-7f481ef70000 r--p 00003000 00:1c 209844                     /usr/lib/libnss_mdns_minimal.so.2
7f481ef70000-7f481ef71000 r--p 00003000 00:1c 209844                     /usr/lib/libnss_mdns_minimal.so.2
7f481ef71000-7f481ef72000 rw-p 00004000 00:1c 209844                     /usr/lib/libnss_mdns_minimal.so.2
7f481ef72000-7f481ef74000 r--p 00000000 00:1c 1073976                    /usr/lib/jvm/java-21-openjdk/lib/libdt_socket.so
7f481ef74000-7f481ef77000 r-xp 00002000 00:1c 1073976                    /usr/lib/jvm/java-21-openjdk/lib/libdt_socket.so
7f481ef77000-7f481ef78000 r--p 00005000 00:1c 1073976                    /usr/lib/jvm/java-21-openjdk/lib/libdt_socket.so
7f481ef78000-7f481ef79000 r--p 00006000 00:1c 1073976                    /usr/lib/jvm/java-21-openjdk/lib/libdt_socket.so
7f481ef79000-7f481ef7a000 rw-p 00007000 00:1c 1073976                    /usr/lib/jvm/java-21-openjdk/lib/libdt_socket.so
7f481ef7a000-7f481ef7e000 r--p 00000000 00:1c 490338                     /usr/lib/libgcc_s.so.1
7f481ef7e000-7f481efa1000 r-xp 00004000 00:1c 490338                     /usr/lib/libgcc_s.so.1
7f481efa1000-7f481efa5000 r--p 00027000 00:1c 490338                     /usr/lib/libgcc_s.so.1
7f481efa5000-7f481efa6000 r--p 0002a000 00:1c 490338                     /usr/lib/libgcc_s.so.1
7f481efa6000-7f481efa7000 rw-p 0002b000 00:1c 490338                     /usr/lib/libgcc_s.so.1
7f481efa7000-7f481efaa000 rw-p 00000000 00:00 0 
7f481efaa000-7f481efad000 r--p 00000000 00:1c 894233                     /usr/lib/libz.so.1.3.2
7f481efad000-7f481efbd000 r-xp 00003000 00:1c 894233                     /usr/lib/libz.so.1.3.2
7f481efbd000-7f481efc3000 r--p 00013000 00:1c 894233                     /usr/lib/libz.so.1.3.2
7f481efc3000-7f481efc4000 r--p 00018000 00:1c 894233                     /usr/lib/libz.so.1.3.2
7f481efc4000-7f481efc5000 rw-p 00019000 00:1c 894233                     /usr/lib/libz.so.1.3.2
7f481efc5000-7f481efe9000 r--p 00000000 00:1c 489585                     /usr/lib/libc.so.6
7f481efe9000-7f481f15a000 r-xp 00024000 00:1c 489585                     /usr/lib/libc.so.6
7f481f15a000-7f481f1a8000 r--p 00195000 00:1c 489585                     /usr/lib/libc.so.6
7f481f1a8000-7f481f1ac000 r--p 001e2000 00:1c 489585                     /usr/lib/libc.so.6
7f481f1ac000-7f481f1ae000 rw-p 001e6000 00:1c 489585                     /usr/lib/libc.so.6
7f481f1ae000-7f481f1b6000 rw-p 00000000 00:00 0 
7f481f1b6000-7f481f1b7000 rw-p 00000000 00:00 0 
7f481f1b7000-7f481f1b8000 r--p 00000000 00:1c 897842                     /usr/share/locale/en/LC_MESSAGES/gtk30-properties.mo
7f481f1b8000-7f481f1b9000 r--p 00000000 00:1c 897843                     /usr/share/locale/en/LC_MESSAGES/gtk30.mo
7f481f1b9000-7f481f1c0000 r--s 00000000 00:1c 490307                     /usr/lib/gconv/gconv-modules.cache
7f481f1c0000-7f481f1c5000 rw-p 00000000 00:00 0 
7f481f1c5000-7f481f1cf000 ---p 00000000 00:00 0 
7f481f1cf000-7f481f1d7000 rw-s 00000000 00:35 7044                       /tmp/hsperfdata_domplin/111350
7f481f1d7000-7f481f1d8000 ---p 00000000 00:00 0 
7f481f1d8000-7f481f1d9000 r--p 00000000 00:00 0 
7f481f1d9000-7f481f1da000 ---p 00000000 00:00 0 
7f481f1da000-7f481f1db000 r--p 00000000 00:1c 1073988                    /usr/lib/jvm/java-21-openjdk/lib/libjimage.so
7f481f1db000-7f481f1dd000 r-xp 00001000 00:1c 1073988                    /usr/lib/jvm/java-21-openjdk/lib/libjimage.so
7f481f1dd000-7f481f1de000 r--p 00003000 00:1c 1073988                    /usr/lib/jvm/java-21-openjdk/lib/libjimage.so
7f481f1de000-7f481f1df000 r--p 00004000 00:1c 1073988                    /usr/lib/jvm/java-21-openjdk/lib/libjimage.so
7f481f1df000-7f481f1e0000 rw-p 00005000 00:1c 1073988                    /usr/lib/jvm/java-21-openjdk/lib/libjimage.so
7f481f1e0000-7f481f1e2000 r--p 00000000 00:1c 1073989                    /usr/lib/jvm/java-21-openjdk/lib/libjli.so
7f481f1e2000-7f481f1ec000 r-xp 00002000 00:1c 1073989                    /usr/lib/jvm/java-21-openjdk/lib/libjli.so
7f481f1ec000-7f481f1ef000 r--p 0000c000 00:1c 1073989                    /usr/lib/jvm/java-21-openjdk/lib/libjli.so
7f481f1ef000-7f481f1f0000 r--p 0000f000 00:1c 1073989                    /usr/lib/jvm/java-21-openjdk/lib/libjli.so
7f481f1f0000-7f481f1f1000 rw-p 00010000 00:1c 1073989                    /usr/lib/jvm/java-21-openjdk/lib/libjli.so
7f481f1f1000-7f481f1f3000 rw-p 00000000 00:00 0 
7f481f1f3000-7f481f1f7000 r--p 00000000 00:00 0                          [vvar]
7f481f1f7000-7f481f1f9000 r--p 00000000 00:00 0                          [vvar_vclock]
7f481f1f9000-7f481f1fb000 r-xp 00000000 00:00 0                          [vdso]
7f481f1fb000-7f481f1fc000 r--p 00000000 00:1c 489576                     /usr/lib/ld-linux-x86-64.so.2
7f481f1fc000-7f481f226000 r-xp 00001000 00:1c 489576                     /usr/lib/ld-linux-x86-64.so.2
7f481f226000-7f481f231000 r--p 0002b000 00:1c 489576                     /usr/lib/ld-linux-x86-64.so.2
7f481f231000-7f481f233000 r--p 00036000 00:1c 489576                     /usr/lib/ld-linux-x86-64.so.2
7f481f233000-7f481f234000 rw-p 00038000 00:1c 489576                     /usr/lib/ld-linux-x86-64.so.2
7f481f234000-7f481f235000 rw-p 00000000 00:00 0 
7ffed48d7000-7ffed48f9000 rw-p 00000000 00:00 0                          [stack]
ffffffffff600000-ffffffffff601000 --xp 00000000 00:00 0                  [vsyscall]
Total number of mappings: 694

JVMTI agents:
jdwp path:none, loaded, initialized, options:transport=dt_socket,server=n,suspend=y,address=localhost:39357


VM Arguments:
jvm_args: -agentlib:jdwp=transport=dt_socket,server=n,suspend=y,address=localhost:39357 -XX:+ShowCodeDetailsInExceptionMessages 
java_command: com.github.Domplin.starCitizenProject
java_class_path (initial): /home/domplin/Documents/Personal/StarCitizenProject/target/classes:/home/domplin/.m2/repository/net/sourceforge/tess4j/tess4j/5.8.0/tess4j-5.8.0.jar:/home/domplin/.m2/repository/net/java/dev/jna/jna/5.13.0/jna-5.13.0.jar:/home/domplin/.m2/repository/com/github/jai-imageio/jai-imageio-core/1.4.0/jai-imageio-core-1.4.0.jar:/home/domplin/.m2/repository/org/apache/pdfbox/pdfbox/2.0.29/pdfbox-2.0.29.jar:/home/domplin/.m2/repository/org/apache/pdfbox/fontbox/2.0.29/fontbox-2.0.29.jar:/home/domplin/.m2/repository/commons-logging/commons-logging/1.2/commons-logging-1.2.jar:/home/domplin/.m2/repository/org/apache/pdfbox/pdfbox-tools/2.0.29/pdfbox-tools-2.0.29.jar:/home/domplin/.m2/repository/org/apache/pdfbox/pdfbox-debugger/2.0.29/pdfbox-debugger-2.0.29.jar:/home/domplin/.m2/repository/org/apache/pdfbox/jbig2-imageio/3.0.4/jbig2-imageio-3.0.4.jar:/home/domplin/.m2/repository/commons-io/commons-io/2.13.0/commons-io-2.13.0.jar:/home/domplin/.m2/repository/net/sourceforge/lept4j/lept4j/1.18.1/lept4j-1.18.1.jar:/home/domplin/.m2/repository/org/jboss/jboss-vfs/3.2.17.Final/jboss-vfs-3.2.17.Final.jar:/home/domplin/.m2/repository/org/jboss/logging/jboss-logging/3.1.4.GA/jboss-logging-3.1.4.GA.jar:/home/domplin/.m2/repository/org/slf4j/slf4j-api/2.0.7/slf4j-api-2.0.7.jar
Launcher Type: SUN_STANDARD

[Global flags]
     intx CICompilerCount                          = 12                                        {product} {ergonomic}
     uint ConcGCThreads                            = 5                                         {product} {ergonomic}
     uint G1ConcRefinementThreads                  = 18                                        {product} {ergonomic}
   size_t G1HeapRegionSize                         = 4194304                                   {product} {ergonomic}
    uintx GCDrainStackTargetSize                   = 64                                        {product} {ergonomic}
   size_t InitialHeapSize                          = 528482304                                 {product} {ergonomic}
   size_t MarkStackSize                            = 4194304                                   {product} {ergonomic}
   size_t MaxHeapSize                              = 8392802304                                {product} {ergonomic}
   size_t MaxNewSize                               = 5033164800                                {product} {ergonomic}
   size_t MinHeapDeltaBytes                        = 4194304                                   {product} {ergonomic}
   size_t MinHeapSize                              = 8388608                                   {product} {ergonomic}
    uintx NonNMethodCodeHeapSize                   = 7602480                                {pd product} {ergonomic}
    uintx NonProfiledCodeHeapSize                  = 122027880                              {pd product} {ergonomic}
    uintx ProfiledCodeHeapSize                     = 122027880                              {pd product} {ergonomic}
    uintx ReservedCodeCacheSize                    = 251658240                              {pd product} {ergonomic}
     bool SegmentedCodeCache                       = true                                      {product} {ergonomic}
     bool ShowCodeDetailsInExceptionMessages       = true                                   {manageable} {command line}
   size_t SoftMaxHeapSize                          = 8392802304                             {manageable} {ergonomic}
     bool UseCompressedOops                        = true                           {product lp64_product} {ergonomic}
     bool UseG1GC                                  = true                                      {product} {ergonomic}

Logging:
Log output configuration:
 #0: stdout all=warning uptime,level,tags foldmultilines=false
 #1: stderr all=off uptime,level,tags foldmultilines=false

Release file:
IMPLEMENTOR="Arch Linux"
JAVA_RUNTIME_VERSION="21.0.10+7"
JAVA_VERSION="21.0.10"
JAVA_VERSION_DATE="2026-01-20"
LIBC="gnu"
MODULES="java.base java.compiler java.datatransfer java.xml java.prefs java.desktop java.instrument java.logging java.management java.security.sasl java.naming java.rmi java.management.rmi java.net.http java.scripting java.security.jgss java.transaction.xa java.sql java.sql.rowset java.xml.crypto java.se java.smartcardio jdk.accessibility jdk.internal.jvmstat jdk.attach jdk.charsets jdk.internal.opt jdk.zipfs jdk.compiler jdk.crypto.ec jdk.crypto.cryptoki jdk.dynalink jdk.internal.ed jdk.editpad jdk.hotspot.agent jdk.httpserver jdk.incubator.vector jdk.internal.le jdk.internal.vm.ci jdk.internal.vm.compiler jdk.internal.vm.compiler.management jdk.jartool jdk.javadoc jdk.jcmd jdk.management jdk.management.agent jdk.jconsole jdk.jdeps jdk.jdwp.agent jdk.jdi jdk.jfr jdk.jlink jdk.jpackage jdk.jshell jdk.jsobject jdk.jstatd jdk.localedata jdk.management.jfr jdk.naming.dns jdk.naming.rmi jdk.net jdk.nio.mapmode jdk.random jdk.sctp jdk.security.auth jdk.security.jgss jdk.unsupported jdk.unsupported.desktop jdk.xml.dom"
OS_ARCH="x86_64"
OS_NAME="Linux"
SOURCE=""

Environment Variables:
JAVA_HOME=/usr/lib/jvm/java-21-openjdk
PATH=/usr/lib/jvm/java-21-openjdk/bin:/home/domplin/.local/share/mise/installs/java/26.0.0/bin:/home/domplin/.local/share/mise/installs/node/25.2.1/bin:/home/domplin/.local/share/mise/installs/python/3.14.3/bin:/home/domplin/.local/share/omarchy/bin:/home/domplin/.local/share/mise/shims:/home/domplin/.local/share/omarchy/bin:/home/domplin/.local/share/../bin:/usr/local/sbin:/usr/local/bin:/usr/bin:/usr/lib/jvm/default/bin:/usr/bin/site_perl:/usr/bin/vendor_perl:/usr/bin/core_perl:/home/domplin/.vscode/extensions/vscjava.vscode-java-debug-0.58.5/bundled/scripts/noConfigScripts:/home/domplin/.local/bin
XDG_CACHE_HOME=/home/domplin/.cache
XDG_CONFIG_HOME=/home/domplin/.config
SHELL=/usr/bin/bash
DISPLAY=:1
WAYLAND_DISPLAY=wayland-1
LANG=en_US.UTF-8
TERM=xterm-256color

Active Locale:
LC_ALL=en_US.UTF-8
LC_COLLATE=en_US.UTF-8
LC_CTYPE=en_US.UTF-8
LC_MESSAGES=en_US.UTF-8
LC_MONETARY=en_US.UTF-8
LC_NUMERIC=en_US.UTF-8
LC_TIME=en_US.UTF-8

Signal Handlers:
   SIGSEGV: 0x00007f481ea0d280 in libjvm.so+14733952, mask=11100100010111111101111111111110, flags=SA_RESTART|SA_SIGINFO, unblocked
    SIGBUS: 0x00007f481ea0d280 in libjvm.so+14733952, mask=11100100010111111101111111111110, flags=SA_RESTART|SA_SIGINFO, unblocked
    SIGFPE: 0x00007f481ea0d280 in libjvm.so+14733952, mask=11100100010111111101111111111110, flags=SA_RESTART|SA_SIGINFO, unblocked
   SIGPIPE: SIG_IGN, mask=00000000000010000000000000000000, flags=SA_RESTART, blocked
  *** Handler was modified!
  *** Expected: 0x00007f481e866980 in libjvm.so+13003136, mask=11100100110111111111111111111110, flags=SA_RESTART|SA_SIGINFO
   SIGXFSZ: 0x00007f481e866980 in libjvm.so+13003136, mask=11100100010111111101111111111110, flags=SA_RESTART|SA_SIGINFO, blocked
    SIGILL: 0x00007f481ea0d280 in libjvm.so+14733952, mask=11100100010111111101111111111110, flags=SA_RESTART|SA_SIGINFO, unblocked
   SIGUSR2: 0x00007f481e8682a0 in libjvm.so+13009568, mask=00000000000000000000000000000000, flags=SA_RESTART|SA_SIGINFO, blocked
    SIGHUP: 0x00007f481e865ce0 in libjvm.so+12999904, mask=11100100010111111101111111111110, flags=SA_RESTART|SA_SIGINFO, blocked
    SIGINT: 0x00007f481e865ce0 in libjvm.so+12999904, mask=11100100010111111101111111111110, flags=SA_RESTART|SA_SIGINFO, blocked
   SIGTERM: 0x00007f481e865ce0 in libjvm.so+12999904, mask=11100100010111111101111111111110, flags=SA_RESTART|SA_SIGINFO, blocked
   SIGQUIT: 0x00007f481e865ce0 in libjvm.so+12999904, mask=11100100010111111101111111111110, flags=SA_RESTART|SA_SIGINFO, blocked
   SIGTRAP: 0x00007f481ea0d280 in libjvm.so+14733952, mask=11100100010111111101111111111110, flags=SA_RESTART|SA_SIGINFO, unblocked


Periodic native trim disabled

---------------  S Y S T E M  ---------------

OS:
NAME="Arch Linux"
PRETTY_NAME="Arch Linux"
ID=arch
BUILD_ID=rolling
ANSI_COLOR="38;2;23;147;209"
HOME_URL="https://archlinux.org/"
DOCUMENTATION_URL="https://wiki.archlinux.org/"
SUPPORT_URL="https://bbs.archlinux.org/"
BUG_REPORT_URL="https://gitlab.archlinux.org/groups/archlinux/-/issues"
PRIVACY_POLICY_URL="https://terms.archlinux.org/docs/privacy-policy/"
LOGO=archlinux-logo
uname: Linux 6.19.6-arch1-1 #1 SMP PREEMPT_DYNAMIC Wed, 04 Mar 2026 18:25:08 +0000 x86_64
OS uptime: 0 days 2:36 hours
libc: glibc 2.43 NPTL 2.43 
rlimit (soft/hard): STACK 8192k/infinity , CORE infinity/infinity , NPROC 127134/127134 , NOFILE 524288/524288 , AS infinity/infinity , CPU infinity/infinity , DATA infinity/infinity , FSIZE infinity/infinity , MEMLOCK 8192k/8192k
load average: 0.36 0.71 0.87

/proc/meminfo:
MemTotal:       32773288 kB
MemFree:         5324992 kB
MemAvailable:   25279720 kB
Buffers:            4216 kB
Cached:         20116252 kB
SwapCached:            0 kB
Active:          6893616 kB
Inactive:       18490236 kB
Active(anon):    5502532 kB
Inactive(anon):        0 kB
Active(file):    1391084 kB
Inactive(file): 18490236 kB
Unevictable:         236 kB
Mlocked:             236 kB
SwapTotal:      16386044 kB
SwapFree:       16386044 kB
Zswap:                 0 kB
Zswapped:              0 kB
Dirty:              1272 kB
Writeback:             0 kB
AnonPages:       5197752 kB
Mapped:          2244004 kB
Shmem:            239396 kB
KReclaimable:     536052 kB
Slab:             866448 kB
SReclaimable:     536052 kB
SUnreclaim:       330396 kB
KernelStack:       25568 kB
PageTables:        56340 kB
SecPageTables:      5456 kB
NFS_Unstable:          0 kB
Bounce:                0 kB
WritebackTmp:          0 kB
CommitLimit:    32772688 kB
Committed_AS:   23668084 kB
VmallocTotal:   34359738367 kB
VmallocUsed:      257776 kB
VmallocChunk:          0 kB
Percpu:            25152 kB
HardwareCorrupted:     0 kB
AnonHugePages:   1052672 kB
ShmemHugePages:   163840 kB
ShmemPmdMapped:   126976 kB
FileHugePages:    749568 kB
FilePmdMapped:    339968 kB
CmaTotal:              0 kB
CmaFree:               0 kB
Unaccepted:            0 kB
Balloon:               0 kB
HugePages_Total:       0
HugePages_Free:        0
HugePages_Rsvd:        0
HugePages_Surp:        0
Hugepagesize:       2048 kB
Hugetlb:               0 kB
DirectMap4k:     1487924 kB
DirectMap2M:    22548480 kB
DirectMap1G:    10485760 kB

/sys/kernel/mm/transparent_hugepage/enabled: [always] madvise never
/sys/kernel/mm/transparent_hugepage/hpage_pmd_size: 2097152
/sys/kernel/mm/transparent_hugepage/defrag (defrag/compaction efforts parameter): always defer defer+madvise [madvise] never

Process Memory:
Virtual Size: 12227360K (peak: 12227360K)
Resident Set Size: 86832K (peak: 86832K) (anon: 41876K, file: 44904K, shmem: 52K)
Swapped out: 0K
C-Heap outstanding allocations: 44451K, retained: 5192K
glibc malloc tunables: (default)

/proc/sys/kernel/threads-max (system-wide limit on the number of threads): 254268
/proc/sys/vm/max_map_count (maximum number of memory map areas a process may have): 1048576
/proc/sys/vm/swappiness (control to define how aggressively the kernel swaps out anonymous memory): 60
/proc/sys/kernel/pid_max (system-wide limit on number of process identifiers): 4194304

container information not found.
Steal ticks since vm start: 0
Steal ticks percentage since vm start:  0.000

CPU: total 24 (initial active 24) (24 cores per cpu, 2 threads per core) family 23 model 113 stepping 0 microcode 0x8701035, cx8, cmov, fxsr, ht, mmx, 3dnowpref, sse, sse2, sse3, ssse3, sse4a, sse4.1, sse4.2, popcnt, lzcnt, tsc, tscinvbit, avx, avx2, aes, clmul, bmi1, bmi2, adx, sha, fma, vzeroupper, clflush, clflushopt, rdtscp, rdpid, f16c
CPU Model and flags from /proc/cpuinfo:
model name	: AMD Ryzen 9 3900X 12-Core Processor
flags		: fpu vme de pse tsc msr pae mce cx8 apic sep mtrr pge mca cmov pat pse36 clflush mmx fxsr sse sse2 ht syscall nx mmxext fxsr_opt pdpe1gb rdtscp lm constant_tsc rep_good nopl xtopology nonstop_tsc cpuid extd_apicid aperfmperf rapl pni pclmulqdq monitor ssse3 fma cx16 sse4_1 sse4_2 x2apic movbe popcnt aes xsave avx f16c rdrand lahf_lm cmp_legacy svm extapic cr8_legacy abm sse4a misalignsse 3dnowprefetch osvw ibs skinit wdt tce topoext perfctr_core perfctr_nb bpext perfctr_llc mwaitx cpb cat_l3 cdp_l3 hw_pstate ssbd mba ibpb stibp vmmcall fsgsbase bmi1 avx2 smep bmi2 cqm rdt_a rdseed adx smap clflushopt clwb sha_ni xsaveopt xsavec xgetbv1 cqm_llc cqm_occup_llc cqm_mbm_total cqm_mbm_local clzero irperf xsaveerptr rdpru wbnoinvd arat npt lbrv svm_lock nrip_save tsc_scale vmcb_clean flushbyasid decodeassists pausefilter pfthreshold avic v_vmsave_vmload vgif v_spec_ctrl umip rdpid overflow_recov succor smca sev sev_es

Online cpus: 0-23
Offline cpus: 
BIOS frequency limitation: <Not Available>
Frequency switch latency (ns): 0
Available cpu frequencies: <Not Available>
Current governor: performance
Core performance/turbo boost: 1

Memory: 4k page, physical 32773288k(25275988k free), swap 16386044k(16386044k free)
Page Sizes: 4k

vm_info: OpenJDK 64-Bit Server VM (21.0.10+7) for linux-amd64 JRE (21.0.10+7), built on 2026-01-21T09:21:17Z by "builduser" with gcc 15.2.1 20260103

END.
